﻿<?xml version="1.0" encoding="utf-8"?>
<ImportExportXml version="9.2.25083.183" SolutionPackageVersion="9.2" languagecode="1033" generatedBy="CrmLive" xmlns:xsi="http://www.w3.org/2001/XMLSchema-instance" OrganizationVersion="9.2.25083.183" OrganizationSchemaType="Standard" CRMServerServiceabilityVersion="9.2.25084.00181">
  <SolutionManifest>
    <UniqueName>msgov_governmentfinancial</UniqueName>
    <LocalizedNames>
      <LocalizedName description="Microsoft Gov - Government Financial" languagecode="1033" />
    </LocalizedNames>
    <Descriptions />
    <Version>1.1.0.0</Version>
    <Managed>1</Managed>
    <Publisher>
      <UniqueName>msgovsolutions</UniqueName>
      <LocalizedNames>
        <LocalizedName description="Microsoft Government Solutions" languagecode="1033" />
      </LocalizedNames>
      <Descriptions>
        <Description description="Microsoft Government Solutions" languagecode="1033" />
      </Descriptions>
      <EMailAddress xsi:nil="true"></EMailAddress>
      <SupportingWebsiteUrl xsi:nil="true"></SupportingWebsiteUrl>
      <CustomizationPrefix>msgov</CustomizationPrefix>
      <CustomizationOptionValuePrefix>18844</CustomizationOptionValuePrefix>
      <Addresses>
        <Address>
          <AddressNumber>1</AddressNumber>
          <AddressTypeCode>1</AddressTypeCode>
          <City xsi:nil="true"></City>
          <County xsi:nil="true"></County>
          <Country xsi:nil="true"></Country>
          <Fax xsi:nil="true"></Fax>
          <FreightTermsCode xsi:nil="true"></FreightTermsCode>
          <ImportSequenceNumber xsi:nil="true"></ImportSequenceNumber>
          <Latitude xsi:nil="true"></Latitude>
          <Line1 xsi:nil="true"></Line1>
          <Line2 xsi:nil="true"></Line2>
          <Line3 xsi:nil="true"></Line3>
          <Longitude xsi:nil="true"></Longitude>
          <Name xsi:nil="true"></Name>
          <PostalCode xsi:nil="true"></PostalCode>
          <PostOfficeBox xsi:nil="true"></PostOfficeBox>
          <PrimaryContactName xsi:nil="true"></PrimaryContactName>
          <ShippingMethodCode>1</ShippingMethodCode>
          <StateOrProvince xsi:nil="true"></StateOrProvince>
          <Telephone1 xsi:nil="true"></Telephone1>
          <Telephone2 xsi:nil="true"></Telephone2>
          <Telephone3 xsi:nil="true"></Telephone3>
          <TimeZoneRuleVersionNumber xsi:nil="true"></TimeZoneRuleVersionNumber>
          <UPSZone xsi:nil="true"></UPSZone>
          <UTCOffset xsi:nil="true"></UTCOffset>
          <UTCConversionTimeZoneCode xsi:nil="true"></UTCConversionTimeZoneCode>
        </Address>
        <Address>
          <AddressNumber>2</AddressNumber>
          <AddressTypeCode>1</AddressTypeCode>
          <City xsi:nil="true"></City>
          <County xsi:nil="true"></County>
          <Country xsi:nil="true"></Country>
          <Fax xsi:nil="true"></Fax>
          <FreightTermsCode xsi:nil="true"></FreightTermsCode>
          <ImportSequenceNumber xsi:nil="true"></ImportSequenceNumber>
          <Latitude xsi:nil="true"></Latitude>
          <Line1 xsi:nil="true"></Line1>
          <Line2 xsi:nil="true"></Line2>
          <Line3 xsi:nil="true"></Line3>
          <Longitude xsi:nil="true"></Longitude>
          <Name xsi:nil="true"></Name>
          <PostalCode xsi:nil="true"></PostalCode>
          <PostOfficeBox xsi:nil="true"></PostOfficeBox>
          <PrimaryContactName xsi:nil="true"></PrimaryContactName>
          <ShippingMethodCode>1</ShippingMethodCode>
          <StateOrProvince xsi:nil="true"></StateOrProvince>
          <Telephone1 xsi:nil="true"></Telephone1>
          <Telephone2 xsi:nil="true"></Telephone2>
          <Telephone3 xsi:nil="true"></Telephone3>
          <TimeZoneRuleVersionNumber xsi:nil="true"></TimeZoneRuleVersionNumber>
          <UPSZone xsi:nil="true"></UPSZone>
          <UTCOffset xsi:nil="true"></UTCOffset>
          <UTCConversionTimeZoneCode xsi:nil="true"></UTCConversionTimeZoneCode>
        </Address>
      </Addresses>
    </Publisher>
    <RootComponents>
      <RootComponent type="1" schemaName="govcdm_agreement" behavior="2" />
      <RootComponent type="1" schemaName="govcdm_budget" behavior="2" />
      <RootComponent type="1" schemaName="govcdm_budgetlineitem" behavior="2" />
      <RootComponent type="1" schemaName="govcdm_budgetobjectclassification" behavior="2" />
      <RootComponent type="1" schemaName="govcdm_contract" behavior="2" />
      <RootComponent type="1" schemaName="govcdm_federalfundaccount" behavior="2" />
      <RootComponent type="1" schemaName="govcdm_financialobligation" behavior="2" />
      <RootComponent type="1" schemaName="govcdm_invoice" behavior="2" />
      <RootComponent type="1" schemaName="govcdm_payment" behavior="2" />
      <RootComponent type="1" schemaName="govcdm_purchaserequest" behavior="2" />
      <RootComponent type="1" schemaName="govcdm_purchaserequestitem" behavior="2" />
      <RootComponent type="1" schemaName="msgov_purchaserequestprocess" behavior="0" />
      <RootComponent type="29" id="{5a26a0c1-68d6-ee11-9079-000d3a3b9c87}" behavior="0" />
      <RootComponent type="29" id="{73f665bd-97d5-ee11-9079-000d3a3b9c87}" behavior="0" />
      <RootComponent type="29" id="{f923b84f-9bd6-ee11-9079-000d3a3b9c87}" behavior="0" />
      <RootComponent type="300" schemaName="msgov_purchaserequests_96090" behavior="0" />
      <RootComponent type="62" schemaName="msgov_GovernmentFinancial" behavior="0" />
      <RootComponent type="80" schemaName="msgov_GovernmentFinancial" behavior="0" />
    </RootComponents>
    <MissingDependencies>
      <MissingDependency>
        <Required type="1" schemaName="govcdm_agreement" displayName="Agreement" solution="govcdm_core (1.0.2.2)" />
        <Dependent type="1" schemaName="govcdm_agreement" displayName="Agreement" />
      </MissingDependency>
      <MissingDependency>
        <Required type="1" schemaName="govcdm_agreement" displayName="Agreement" solution="govcdm_core (1.0.2.2)" />
        <Dependent type="62" schemaName="msgov_GovernmentFinancial" />
      </MissingDependency>
      <MissingDependency>
        <Required type="1" schemaName="govcdm_agreement" displayName="Agreement" solution="govcdm_core (1.0.2.2)" />
        <Dependent type="80" schemaName="msgov_GovernmentFinancial" displayName="Government Financial" />
      </MissingDependency>
      <MissingDependency>
        <Required type="1" schemaName="govcdm_budget" displayName="Budget" solution="govcdm_federalfinancial (1.0.0.1)" />
        <Dependent type="1" schemaName="govcdm_budget" displayName="Budget" />
      </MissingDependency>
      <MissingDependency>
        <Required type="1" schemaName="govcdm_budget" displayName="Budget" solution="govcdm_federalfinancial (1.0.0.1)" />
        <Dependent type="62" schemaName="msgov_GovernmentFinancial" />
      </MissingDependency>
      <MissingDependency>
        <Required type="1" schemaName="govcdm_budget" displayName="Budget" solution="govcdm_federalfinancial (1.0.0.1)" />
        <Dependent type="80" schemaName="msgov_GovernmentFinancial" displayName="Government Financial" />
      </MissingDependency>
      <MissingDependency>
        <Required type="1" schemaName="govcdm_budgetlineitem" displayName="Budget Line Item" solution="govcdm_federalfinancial (1.0.0.1)" />
        <Dependent type="1" schemaName="govcdm_budgetlineitem" displayName="Budget Line Item" />
      </MissingDependency>
      <MissingDependency>
        <Required type="1" schemaName="govcdm_budgetlineitem" displayName="Budget Line Item" solution="govcdm_federalfinancial (1.0.0.1)" />
        <Dependent type="60" displayName="Main" parentDisplayName="Budget Line Item" id="{9344d243-0179-ee11-8179-6045bd0062b9}" />
      </MissingDependency>
      <MissingDependency>
        <Required type="1" schemaName="govcdm_budgetlineitem" displayName="Budget Line Item" solution="govcdm_federalfinancial (1.0.0.1)" />
        <Dependent type="60" displayName="Information" parentDisplayName="Budget" id="{c17bf926-62e7-4773-a8ba-f5de12272c1c}" />
      </MissingDependency>
      <MissingDependency>
        <Required type="1" schemaName="govcdm_budgetlineitem" displayName="Budget Line Item" solution="govcdm_federalfinancial (1.0.0.1)" />
        <Dependent type="62" schemaName="msgov_GovernmentFinancial" />
      </MissingDependency>
      <MissingDependency>
        <Required type="1" schemaName="govcdm_budgetlineitem" displayName="Budget Line Item" solution="govcdm_federalfinancial (1.0.0.1)" />
        <Dependent type="80" schemaName="msgov_GovernmentFinancial" displayName="Government Financial" />
      </MissingDependency>
      <MissingDependency>
        <Required type="1" schemaName="govcdm_budgetobjectclassification" displayName="Budget Object Classification" solution="govcdm_federalfinancial (1.0.0.1)" />
        <Dependent type="1" schemaName="govcdm_budgetobjectclassification" displayName="Budget Object Classification" />
      </MissingDependency>
      <MissingDependency>
        <Required type="1" schemaName="govcdm_budgetobjectclassification" displayName="Budget Object Classification" solution="govcdm_federalfinancial (1.0.0.1)" />
        <Dependent type="26" schemaName="Budget Object Classification Codes" displayName="Budget Object Classification Codes" parentSchemaName="govcdm_budgetobjectclassification" parentDisplayName="Budget Object Classification" id="{a34c84de-a9d6-ee11-9079-000d3a3b9c87}" />
      </MissingDependency>
      <MissingDependency>
        <Required type="1" schemaName="govcdm_budgetobjectclassification" displayName="Budget Object Classification" solution="govcdm_federalfinancial (1.0.0.1)" />
        <Dependent type="300" schemaName="msgov_purchaserequests_96090" displayName="Purchase Requests" />
      </MissingDependency>
      <MissingDependency>
        <Required type="1" schemaName="govcdm_budgetobjectclassification" displayName="Budget Object Classification" solution="govcdm_federalfinancial (1.0.0.1)" />
        <Dependent type="60" displayName="Main" parentDisplayName="Budget Object Classification" id="{aaacce2f-a9d6-ee11-9079-000d3a3b9c87}" />
      </MissingDependency>
      <MissingDependency>
        <Required type="1" schemaName="govcdm_budgetobjectclassification" displayName="Budget Object Classification" solution="govcdm_federalfinancial (1.0.0.1)" />
        <Dependent type="62" schemaName="msgov_GovernmentFinancial" />
      </MissingDependency>
      <MissingDependency>
        <Required type="1" schemaName="govcdm_budgetobjectclassification" displayName="Budget Object Classification" solution="govcdm_federalfinancial (1.0.0.1)" />
        <Dependent type="80" schemaName="msgov_GovernmentFinancial" displayName="Government Financial" />
      </MissingDependency>
      <MissingDependency>
        <Required type="1" schemaName="govcdm_contract" displayName="Contract" solution="govcdm_federalfinancial (1.0.0.1)" />
        <Dependent type="1" schemaName="govcdm_contract" displayName="Contract" />
      </MissingDependency>
      <MissingDependency>
        <Required type="1" schemaName="govcdm_federalfundaccount" displayName="Federal Fund Account" solution="govcdm_federalfinancial (1.0.0.1)" />
        <Dependent type="1" schemaName="govcdm_federalfundaccount" displayName="Federal Fund Account" />
      </MissingDependency>
      <MissingDependency>
        <Required type="1" schemaName="govcdm_federalfundaccount" displayName="Federal Fund Account" solution="govcdm_federalfinancial (1.0.0.1)" />
        <Dependent type="62" schemaName="msgov_GovernmentFinancial" />
      </MissingDependency>
      <MissingDependency>
        <Required type="1" schemaName="govcdm_federalfundaccount" displayName="Federal Fund Account" solution="govcdm_federalfinancial (1.0.0.1)" />
        <Dependent type="80" schemaName="msgov_GovernmentFinancial" displayName="Government Financial" />
      </MissingDependency>
      <MissingDependency>
        <Required type="1" schemaName="govcdm_financialobligation" displayName="Financial Obligation" solution="govcdm_federalfinancial (1.0.0.1)" />
        <Dependent type="1" schemaName="govcdm_financialobligation" displayName="Financial Obligation" />
      </MissingDependency>
      <MissingDependency>
        <Required type="1" schemaName="govcdm_financialobligation" displayName="Financial Obligation" solution="govcdm_federalfinancial (1.0.0.1)" />
        <Dependent type="62" schemaName="msgov_GovernmentFinancial" />
      </MissingDependency>
      <MissingDependency>
        <Required type="1" schemaName="govcdm_financialobligation" displayName="Financial Obligation" solution="govcdm_federalfinancial (1.0.0.1)" />
        <Dependent type="80" schemaName="msgov_GovernmentFinancial" displayName="Government Financial" />
      </MissingDependency>
      <MissingDependency>
        <Required type="1" schemaName="govcdm_invoice" displayName="Invoice" solution="govcdm_federalfinancial (1.0.0.1)" />
        <Dependent type="1" schemaName="govcdm_invoice" displayName="Invoice" />
      </MissingDependency>
      <MissingDependency>
        <Required type="1" schemaName="govcdm_invoice" displayName="Invoice" solution="govcdm_federalfinancial (1.0.0.1)" />
        <Dependent type="62" schemaName="msgov_GovernmentFinancial" />
      </MissingDependency>
      <MissingDependency>
        <Required type="1" schemaName="govcdm_invoice" displayName="Invoice" solution="govcdm_federalfinancial (1.0.0.1)" />
        <Dependent type="80" schemaName="msgov_GovernmentFinancial" displayName="Government Financial" />
      </MissingDependency>
      <MissingDependency>
        <Required type="1" schemaName="govcdm_location" displayName="Location" solution="govcdm_core (1.0.2.2)" />
        <Dependent type="300" schemaName="msgov_purchaserequests_96090" displayName="Purchase Requests" />
      </MissingDependency>
      <MissingDependency>
        <Required type="1" schemaName="govcdm_location" displayName="Location" solution="govcdm_core (1.0.2.2)" />
        <Dependent type="62" schemaName="msgov_GovernmentFinancial" />
      </MissingDependency>
      <MissingDependency>
        <Required type="1" schemaName="govcdm_location" displayName="Location" solution="govcdm_core (1.0.2.2)" />
        <Dependent type="80" schemaName="msgov_GovernmentFinancial" displayName="Government Financial" />
      </MissingDependency>
      <MissingDependency>
        <Required type="1" schemaName="govcdm_payment" displayName="Payment" solution="govcdm_federalfinancial (1.0.0.1)" />
        <Dependent type="1" schemaName="govcdm_payment" displayName="Payment" />
      </MissingDependency>
      <MissingDependency>
        <Required type="1" schemaName="govcdm_product" displayName="Product" solution="govcdm_core (1.0.2.2)" />
        <Dependent type="300" schemaName="msgov_purchaserequests_96090" displayName="Purchase Requests" />
      </MissingDependency>
      <MissingDependency>
        <Required type="1" schemaName="govcdm_product" displayName="Product" solution="govcdm_core (1.0.2.2)" />
        <Dependent type="62" schemaName="msgov_GovernmentFinancial" />
      </MissingDependency>
      <MissingDependency>
        <Required type="1" schemaName="govcdm_product" displayName="Product" solution="govcdm_core (1.0.2.2)" />
        <Dependent type="80" schemaName="msgov_GovernmentFinancial" displayName="Government Financial" />
      </MissingDependency>
      <MissingDependency>
        <Required type="1" schemaName="govcdm_project" displayName="Project" solution="govcdm_projecttracking (1.0.0.2)" />
        <Dependent type="300" schemaName="msgov_purchaserequests_96090" displayName="Purchase Requests" />
      </MissingDependency>
      <MissingDependency>
        <Required type="1" schemaName="govcdm_project" displayName="Project" solution="govcdm_projecttracking (1.0.0.2)" />
        <Dependent type="80" schemaName="msgov_GovernmentFinancial" displayName="Government Financial" />
      </MissingDependency>
      <MissingDependency>
        <Required type="1" schemaName="govcdm_purchaserequest" displayName="Purchase Request" solution="govcdm_federalfinancial (1.0.0.1)" />
        <Dependent type="1" schemaName="govcdm_purchaserequest" displayName="Purchase Request" />
      </MissingDependency>
      <MissingDependency>
        <Required type="1" schemaName="govcdm_purchaserequestitem" displayName="Purchase Request Item" solution="govcdm_federalfinancial (1.0.0.1)" />
        <Dependent type="1" schemaName="govcdm_purchaserequestitem" displayName="Purchase Request Item" />
      </MissingDependency>
      <MissingDependency>
        <Required type="1" schemaName="govcdm_purchaserequestitem" displayName="Purchase Request Item" solution="govcdm_federalfinancial (1.0.0.1)" />
        <Dependent type="26" schemaName="Purchase Request Items" displayName="Purchase Request Items" parentSchemaName="govcdm_purchaserequestitem" parentDisplayName="Purchase Request Item" id="{8a12be03-09d7-ee11-9079-000d3a3b9c87}" />
      </MissingDependency>
      <MissingDependency>
        <Required type="1" schemaName="govcdm_purchaserequestitem" displayName="Purchase Request Item" solution="govcdm_federalfinancial (1.0.0.1)" />
        <Dependent type="300" schemaName="msgov_purchaserequests_96090" displayName="Purchase Requests" />
      </MissingDependency>
      <MissingDependency>
        <Required type="1" schemaName="govcdm_purchaserequestitem" displayName="Purchase Request Item" solution="govcdm_federalfinancial (1.0.0.1)" />
        <Dependent type="60" displayName="Main" parentDisplayName="Purchase Request Item" id="{7af9dde1-b0d6-ee11-9079-000d3a3b9c87}" />
      </MissingDependency>
      <MissingDependency>
        <Required type="1" schemaName="govcdm_purchaserequestitem" displayName="Purchase Request Item" solution="govcdm_federalfinancial (1.0.0.1)" />
        <Dependent type="60" displayName="Information" parentDisplayName="Purchase Request" id="{f8e11d6a-0b9c-49fa-93c7-3b42d3499079}" />
      </MissingDependency>
      <MissingDependency>
        <Required type="1" schemaName="govcdm_stateorprovince" displayName="State or Province" solution="govcdm_core (1.0.2.2)" />
        <Dependent type="300" schemaName="msgov_purchaserequests_96090" displayName="Purchase Requests" />
      </MissingDependency>
      <MissingDependency>
        <Required type="1" schemaName="govcdm_stateorprovince" displayName="State or Province" solution="govcdm_core (1.0.2.2)" />
        <Dependent type="62" schemaName="msgov_GovernmentFinancial" />
      </MissingDependency>
      <MissingDependency>
        <Required type="1" schemaName="govcdm_stateorprovince" displayName="State or Province" solution="govcdm_core (1.0.2.2)" />
        <Dependent type="80" schemaName="msgov_GovernmentFinancial" displayName="Government Financial" />
      </MissingDependency>
      <MissingDependency>
        <Required type="10" schemaName="govcdm_agreement_Counterparty_account" displayName="govcdm_agreement_Counterparty_account" parentSchemaName="account" parentDisplayName="Account" solution="govcdm_core (1.0.2.2)" />
        <Dependent type="60" displayName="Information" parentDisplayName="Agreement" id="{4ca484e4-17ca-49e3-aed3-b97398eb2f58}" />
      </MissingDependency>
      <MissingDependency>
        <Required type="10" schemaName="govcdm_budgetobjectclassification_ParentCode_gov" displayName="govcdm_budgetobjectclassification_ParentCode_gov" parentSchemaName="govcdm_budgetobjectclassification" parentDisplayName="Budget Object Classification" solution="govcdm_federalfinancial (1.0.0.1)" />
        <Dependent type="60" displayName="Main" parentDisplayName="Budget Object Classification" id="{aaacce2f-a9d6-ee11-9079-000d3a3b9c87}" />
      </MissingDependency>
      <MissingDependency>
        <Required type="10" schemaName="govcdm_contract_ContractingOfficer_contact" displayName="govcdm_contract_ContractingOfficer_contact" parentSchemaName="contact" parentDisplayName="Person" solution="govcdm_federalfinancial (1.0.0.1)" />
        <Dependent type="60" displayName="Information" parentDisplayName="Contract" id="{00b55be7-8348-41a3-a4cf-1482877efc2a}" />
      </MissingDependency>
      <MissingDependency>
        <Required type="10" schemaName="govcdm_govcdm_budgetlineitem_Budget_govcdm_budge" displayName="govcdm_govcdm_budgetlineitem_Budget_govcdm_budge" parentSchemaName="govcdm_budget" parentDisplayName="Budget" solution="govcdm_federalfinancial (1.0.0.1)" />
        <Dependent type="60" displayName="Main" parentDisplayName="Budget Line Item" id="{9344d243-0179-ee11-8179-6045bd0062b9}" />
      </MissingDependency>
      <MissingDependency>
        <Required type="10" schemaName="govcdm_govcdm_budgetlineitem_Budget_govcdm_budge" displayName="govcdm_govcdm_budgetlineitem_Budget_govcdm_budge" parentSchemaName="govcdm_budget" parentDisplayName="Budget" solution="govcdm_federalfinancial (1.0.0.1)" />
        <Dependent type="60" displayName="Information" parentDisplayName="Budget" id="{c17bf926-62e7-4773-a8ba-f5de12272c1c}" />
      </MissingDependency>
      <MissingDependency>
        <Required type="10" schemaName="govcdm_payment_Contract_govcdm_contract" displayName="govcdm_payment_Contract_govcdm_contract" parentSchemaName="govcdm_contract" parentDisplayName="Contract" solution="govcdm_federalfinancial (1.0.0.1)" />
        <Dependent type="60" displayName="Information" parentDisplayName="Payment" id="{b29be948-e5da-4005-85e7-6aa98860a5c6}" />
      </MissingDependency>
      <MissingDependency>
        <Required type="10" schemaName="govcdm_payment_FinancialObligation_govcdm_financialobligation" displayName="govcdm_payment_FinancialObligation_govcdm_financialobligation" parentSchemaName="govcdm_financialobligation" parentDisplayName="Financial Obligation" solution="govcdm_federalfinancial (1.0.0.1)" />
        <Dependent type="60" displayName="Information" parentDisplayName="Payment" id="{b29be948-e5da-4005-85e7-6aa98860a5c6}" />
      </MissingDependency>
      <MissingDependency>
        <Required type="10" schemaName="govcdm_payment_InitiatedBy_contact" displayName="govcdm_payment_InitiatedBy_contact" parentSchemaName="contact" parentDisplayName="Person" solution="govcdm_federalfinancial (1.0.0.1)" />
        <Dependent type="60" displayName="Information" parentDisplayName="Payment" id="{b29be948-e5da-4005-85e7-6aa98860a5c6}" />
      </MissingDependency>
      <MissingDependency>
        <Required type="10" schemaName="govcdm_payment_Invoice_govcdm_invoice" displayName="govcdm_payment_Invoice_govcdm_invoice" parentSchemaName="govcdm_invoice" parentDisplayName="Invoice" solution="govcdm_federalfinancial (1.0.0.1)" />
        <Dependent type="60" displayName="Information" parentDisplayName="Payment" id="{b29be948-e5da-4005-85e7-6aa98860a5c6}" />
      </MissingDependency>
      <MissingDependency>
        <Required type="10" schemaName="govcdm_payment_PurchaseRequest_govcdm_purchaserequest" displayName="govcdm_payment_PurchaseRequest_govcdm_purchaserequest" parentSchemaName="govcdm_purchaserequest" parentDisplayName="Purchase Request" solution="govcdm_federalfinancial (1.0.0.1)" />
        <Dependent type="60" displayName="Information" parentDisplayName="Payment" id="{b29be948-e5da-4005-85e7-6aa98860a5c6}" />
      </MissingDependency>
      <MissingDependency>
        <Required type="10" schemaName="govcdm_purchaserequest_BudgetLineItem_govcdm_bud" displayName="govcdm_purchaserequest_BudgetLineItem_govcdm_bud" parentSchemaName="govcdm_budgetlineitem" parentDisplayName="Budget Line Item" solution="govcdm_federalfinancial (1.0.0.1)" />
        <Dependent type="60" displayName="Information" parentDisplayName="Purchase Request" id="{f8e11d6a-0b9c-49fa-93c7-3b42d3499079}" />
      </MissingDependency>
      <MissingDependency>
        <Required type="10" schemaName="govcdm_purchaserequest_BudgetObjectCode_govcdm_b" displayName="govcdm_purchaserequest_BudgetObjectCode_govcdm_b" parentSchemaName="govcdm_budgetobjectclassification" parentDisplayName="Budget Object Classification" solution="govcdm_federalfinancial (1.0.0.1)" />
        <Dependent type="60" displayName="Information" parentDisplayName="Purchase Request" id="{f8e11d6a-0b9c-49fa-93c7-3b42d3499079}" />
      </MissingDependency>
      <MissingDependency>
        <Required type="10" schemaName="govcdm_purchaserequest_Contract_govcdm_contract" displayName="govcdm_purchaserequest_Contract_govcdm_contract" parentSchemaName="govcdm_contract" parentDisplayName="Contract" solution="govcdm_federalfinancial (1.0.0.1)" />
        <Dependent type="60" displayName="Information" parentDisplayName="Purchase Request" id="{f8e11d6a-0b9c-49fa-93c7-3b42d3499079}" />
      </MissingDependency>
      <MissingDependency>
        <Required type="10" schemaName="govcdm_purchaserequest_FromOffice_govcdm_locatio" displayName="govcdm_purchaserequest_FromOffice_govcdm_locatio" parentSchemaName="govcdm_location" parentDisplayName="Location" solution="govcdm_federalfinancial (1.0.0.1)" />
        <Dependent type="60" displayName="Information" parentDisplayName="Purchase Request" id="{f8e11d6a-0b9c-49fa-93c7-3b42d3499079}" />
      </MissingDependency>
      <MissingDependency>
        <Required type="10" schemaName="govcdm_purchaserequest_ReceivingOffice_govcdm_lo" displayName="govcdm_purchaserequest_ReceivingOffice_govcdm_lo" parentSchemaName="govcdm_location" parentDisplayName="Location" solution="govcdm_federalfinancial (1.0.0.1)" />
        <Dependent type="60" displayName="Information" parentDisplayName="Purchase Request" id="{f8e11d6a-0b9c-49fa-93c7-3b42d3499079}" />
      </MissingDependency>
      <MissingDependency>
        <Required type="10" schemaName="govcdm_purchaserequest_ShipToAddressState_govcdm" displayName="govcdm_purchaserequest_ShipToAddressState_govcdm" parentSchemaName="govcdm_stateorprovince" parentDisplayName="State or Province" solution="govcdm_federalfinancial (1.0.0.1)" />
        <Dependent type="60" displayName="Information" parentDisplayName="Purchase Request" id="{f8e11d6a-0b9c-49fa-93c7-3b42d3499079}" />
      </MissingDependency>
      <MissingDependency>
        <Required type="10" schemaName="govcdm_purchaserequest_ShipToOffice_govcdm_locat" displayName="govcdm_purchaserequest_ShipToOffice_govcdm_locat" parentSchemaName="govcdm_location" parentDisplayName="Location" solution="govcdm_federalfinancial (1.0.0.1)" />
        <Dependent type="60" displayName="Information" parentDisplayName="Purchase Request" id="{f8e11d6a-0b9c-49fa-93c7-3b42d3499079}" />
      </MissingDependency>
      <MissingDependency>
        <Required type="10" schemaName="govcdm_purchaserequest_ToOffice_govcdm_location" displayName="govcdm_purchaserequest_ToOffice_govcdm_location" parentSchemaName="govcdm_location" parentDisplayName="Location" solution="govcdm_federalfinancial (1.0.0.1)" />
        <Dependent type="60" displayName="Information" parentDisplayName="Purchase Request" id="{f8e11d6a-0b9c-49fa-93c7-3b42d3499079}" />
      </MissingDependency>
      <MissingDependency>
        <Required type="10" schemaName="govcdm_purchaserequestitem_BudgetObjectCode_govc" displayName="govcdm_purchaserequestitem_BudgetObjectCode_govc" parentSchemaName="govcdm_budgetobjectclassification" parentDisplayName="Budget Object Classification" solution="govcdm_federalfinancial (1.0.0.1)" />
        <Dependent type="60" displayName="Main" parentDisplayName="Purchase Request Item" id="{7af9dde1-b0d6-ee11-9079-000d3a3b9c87}" />
      </MissingDependency>
      <MissingDependency>
        <Required type="10" schemaName="govcdm_purchaserequestitem_Product_govcdm_produc" displayName="govcdm_purchaserequestitem_Product_govcdm_produc" parentSchemaName="govcdm_product" parentDisplayName="Product" solution="govcdm_federalfinancial (1.0.0.1)" />
        <Dependent type="60" displayName="Main" parentDisplayName="Purchase Request Item" id="{7af9dde1-b0d6-ee11-9079-000d3a3b9c87}" />
      </MissingDependency>
      <MissingDependency>
        <Required type="10" schemaName="govcdm_purchaserequestitem_PurchaseRequest_govcd" displayName="govcdm_purchaserequestitem_PurchaseRequest_govcd" parentSchemaName="govcdm_purchaserequest" parentDisplayName="Purchase Request" solution="govcdm_federalfinancial (1.0.0.1)" />
        <Dependent type="60" displayName="Main" parentDisplayName="Purchase Request Item" id="{7af9dde1-b0d6-ee11-9079-000d3a3b9c87}" />
      </MissingDependency>
      <MissingDependency>
        <Required type="10" schemaName="govcdm_purchaserequestitem_PurchaseRequest_govcd" displayName="govcdm_purchaserequestitem_PurchaseRequest_govcd" parentSchemaName="govcdm_purchaserequest" parentDisplayName="Purchase Request" solution="govcdm_federalfinancial (1.0.0.1)" />
        <Dependent type="60" displayName="Information" parentDisplayName="Purchase Request" id="{f8e11d6a-0b9c-49fa-93c7-3b42d3499079}" />
      </MissingDependency>
      <MissingDependency>
        <Required type="2" schemaName="govcdm_abbreviation" displayName="Abbreviation" parentSchemaName="govcdm_budgetobjectclassification" parentDisplayName="Budget Object Classification" solution="govcdm_federalfinancial (1.0.0.1)" />
        <Dependent type="26" schemaName="Budget Object Classification Codes" displayName="Budget Object Classification Codes" parentSchemaName="govcdm_budgetobjectclassification" parentDisplayName="Budget Object Classification" id="{a34c84de-a9d6-ee11-9079-000d3a3b9c87}" />
      </MissingDependency>
      <MissingDependency>
        <Required type="2" schemaName="govcdm_abbreviation" displayName="Abbreviation" parentSchemaName="govcdm_budgetobjectclassification" parentDisplayName="Budget Object Classification" solution="govcdm_federalfinancial (1.0.0.1)" />
        <Dependent type="60" displayName="Main" parentDisplayName="Budget Object Classification" id="{aaacce2f-a9d6-ee11-9079-000d3a3b9c87}" />
      </MissingDependency>
      <MissingDependency>
        <Required type="2" schemaName="govcdm_accountingcontrolnumber" displayName="Accounting Control Number" parentSchemaName="govcdm_purchaserequest" parentDisplayName="Purchase Request" solution="govcdm_federalfinancial (1.0.0.1)" />
        <Dependent type="26" schemaName="Purchase Requests" displayName="Purchase Requests" parentSchemaName="govcdm_purchaserequest" parentDisplayName="Purchase Request" id="{3d0ab013-dfd1-ee11-9079-000d3a3b9c87}" />
      </MissingDependency>
      <MissingDependency>
        <Required type="2" schemaName="govcdm_accountingcontrolnumber" displayName="Accounting Control Number" parentSchemaName="govcdm_purchaserequest" parentDisplayName="Purchase Request" solution="govcdm_federalfinancial (1.0.0.1)" />
        <Dependent type="60" displayName="Information" parentDisplayName="Purchase Request" id="{f8e11d6a-0b9c-49fa-93c7-3b42d3499079}" />
      </MissingDependency>
      <MissingDependency>
        <Required type="2" schemaName="govcdm_agreementnumber" displayName="Agreement Number" parentSchemaName="govcdm_agreement" parentDisplayName="Agreement" solution="govcdm_core (1.0.2.2)" />
        <Dependent type="60" displayName="Information" parentDisplayName="Agreement" id="{4ca484e4-17ca-49e3-aed3-b97398eb2f58}" />
      </MissingDependency>
      <MissingDependency>
        <Required type="2" schemaName="govcdm_agreementstatus" displayName="Agreement Status" parentSchemaName="govcdm_agreement" parentDisplayName="Agreement" solution="govcdm_core (1.0.2.2)" />
        <Dependent type="60" displayName="Information" parentDisplayName="Agreement" id="{4ca484e4-17ca-49e3-aed3-b97398eb2f58}" />
      </MissingDependency>
      <MissingDependency>
        <Required type="2" schemaName="govcdm_agreementtype" displayName="Agreement Type" parentSchemaName="govcdm_agreement" parentDisplayName="Agreement" solution="govcdm_core (1.0.2.2)" />
        <Dependent type="60" displayName="Information" parentDisplayName="Agreement" id="{4ca484e4-17ca-49e3-aed3-b97398eb2f58}" />
      </MissingDependency>
      <MissingDependency>
        <Required type="2" schemaName="govcdm_amount" displayName="Amount" parentSchemaName="govcdm_agreement" parentDisplayName="Agreement" solution="govcdm_core (1.0.2.2)" />
        <Dependent type="60" displayName="Information" parentDisplayName="Agreement" id="{4ca484e4-17ca-49e3-aed3-b97398eb2f58}" />
      </MissingDependency>
      <MissingDependency>
        <Required type="2" schemaName="govcdm_approvalstatus" displayName="Approval Status" parentSchemaName="govcdm_purchaserequest" parentDisplayName="Purchase Request" solution="govcdm_federalfinancial (1.0.0.1)" />
        <Dependent type="26" schemaName="Purchase Requests" displayName="Purchase Requests" parentSchemaName="govcdm_purchaserequest" parentDisplayName="Purchase Request" id="{3d0ab013-dfd1-ee11-9079-000d3a3b9c87}" />
      </MissingDependency>
      <MissingDependency>
        <Required type="2" schemaName="govcdm_approvalstatus" displayName="Approval Status" parentSchemaName="govcdm_purchaserequest" parentDisplayName="Purchase Request" solution="govcdm_federalfinancial (1.0.0.1)" />
        <Dependent type="29" displayName="Purchase Request Process" id="{5a26a0c1-68d6-ee11-9079-000d3a3b9c87}" />
      </MissingDependency>
      <MissingDependency>
        <Required type="2" schemaName="govcdm_approvalstatus" displayName="Approval Status" parentSchemaName="govcdm_purchaserequest" parentDisplayName="Purchase Request" solution="govcdm_federalfinancial (1.0.0.1)" />
        <Dependent type="59" schemaName="By Approval Status" displayName="By Approval Status" parentSchemaName="govcdm_purchaserequest" parentDisplayName="Purchase Request" id="{8d019642-b7d6-ee11-9079-000d3a3b9c87}" />
      </MissingDependency>
      <MissingDependency>
        <Required type="2" schemaName="govcdm_approvalstatus" displayName="Approval Status" parentSchemaName="govcdm_purchaserequest" parentDisplayName="Purchase Request" solution="govcdm_federalfinancial (1.0.0.1)" />
        <Dependent type="60" displayName="Information" parentDisplayName="Purchase Request Process" id="{94d07318-e8e9-48cf-8121-12d2287c4126}" />
      </MissingDependency>
      <MissingDependency>
        <Required type="2" schemaName="govcdm_approvalstatus" displayName="Approval Status" parentSchemaName="govcdm_purchaserequest" parentDisplayName="Purchase Request" solution="govcdm_federalfinancial (1.0.0.1)" />
        <Dependent type="60" displayName="Information" parentDisplayName="Purchase Request" id="{f8e11d6a-0b9c-49fa-93c7-3b42d3499079}" />
      </MissingDependency>
      <MissingDependency>
        <Required type="2" schemaName="govcdm_budget" displayName="Budget" parentSchemaName="govcdm_budgetlineitem" parentDisplayName="Budget Line Item" solution="govcdm_federalfinancial (1.0.0.1)" />
        <Dependent type="60" displayName="Main" parentDisplayName="Budget Line Item" id="{9344d243-0179-ee11-8179-6045bd0062b9}" />
      </MissingDependency>
      <MissingDependency>
        <Required type="2" schemaName="govcdm_budgetlineitem" displayName="Budget Line Item" parentSchemaName="govcdm_purchaserequest" parentDisplayName="Purchase Request" solution="govcdm_federalfinancial (1.0.0.1)" />
        <Dependent type="26" schemaName="Purchase Requests" displayName="Purchase Requests" parentSchemaName="govcdm_purchaserequest" parentDisplayName="Purchase Request" id="{3d0ab013-dfd1-ee11-9079-000d3a3b9c87}" />
      </MissingDependency>
      <MissingDependency>
        <Required type="2" schemaName="govcdm_budgetlineitem" displayName="Budget Line Item" parentSchemaName="govcdm_purchaserequest" parentDisplayName="Purchase Request" solution="govcdm_federalfinancial (1.0.0.1)" />
        <Dependent type="60" displayName="Information" parentDisplayName="Purchase Request" id="{f8e11d6a-0b9c-49fa-93c7-3b42d3499079}" />
      </MissingDependency>
      <MissingDependency>
        <Required type="2" schemaName="govcdm_budgetobjectclassificationid" displayName="Budget Object Classification" parentSchemaName="govcdm_budgetobjectclassification" parentDisplayName="Budget Object Classification" solution="govcdm_federalfinancial (1.0.0.1)" />
        <Dependent type="26" schemaName="Budget Object Classification Codes" displayName="Budget Object Classification Codes" parentSchemaName="govcdm_budgetobjectclassification" parentDisplayName="Budget Object Classification" id="{a34c84de-a9d6-ee11-9079-000d3a3b9c87}" />
      </MissingDependency>
      <MissingDependency>
        <Required type="2" schemaName="govcdm_budgetobjectcode" displayName="Budget Object Code" parentSchemaName="govcdm_purchaserequest" parentDisplayName="Purchase Request" solution="govcdm_federalfinancial (1.0.0.1)" />
        <Dependent type="60" displayName="Information" parentDisplayName="Purchase Request" id="{f8e11d6a-0b9c-49fa-93c7-3b42d3499079}" />
      </MissingDependency>
      <MissingDependency>
        <Required type="2" schemaName="govcdm_budgetobjectcode" displayName="Budget Object Code" parentSchemaName="govcdm_purchaserequestitem" parentDisplayName="Purchase Request Item" solution="govcdm_federalfinancial (1.0.0.1)" />
        <Dependent type="60" displayName="Main" parentDisplayName="Purchase Request Item" id="{7af9dde1-b0d6-ee11-9079-000d3a3b9c87}" />
      </MissingDependency>
      <MissingDependency>
        <Required type="2" schemaName="govcdm_contract" displayName="Contract" parentSchemaName="govcdm_payment" parentDisplayName="Payment" solution="govcdm_federalfinancial (1.0.0.1)" />
        <Dependent type="60" displayName="Information" parentDisplayName="Payment" id="{b29be948-e5da-4005-85e7-6aa98860a5c6}" />
      </MissingDependency>
      <MissingDependency>
        <Required type="2" schemaName="govcdm_contract" displayName="Contract" parentSchemaName="govcdm_purchaserequest" parentDisplayName="Purchase Request" solution="govcdm_federalfinancial (1.0.0.1)" />
        <Dependent type="60" displayName="Information" parentDisplayName="Purchase Request" id="{f8e11d6a-0b9c-49fa-93c7-3b42d3499079}" />
      </MissingDependency>
      <MissingDependency>
        <Required type="2" schemaName="govcdm_contractenddate" displayName="Contract End Date" parentSchemaName="govcdm_contract" parentDisplayName="Contract" solution="govcdm_federalfinancial (1.0.0.1)" />
        <Dependent type="60" displayName="Information" parentDisplayName="Contract" id="{00b55be7-8348-41a3-a4cf-1482877efc2a}" />
      </MissingDependency>
      <MissingDependency>
        <Required type="2" schemaName="govcdm_contractingofficer" displayName="Contracting Officer" parentSchemaName="govcdm_contract" parentDisplayName="Contract" solution="govcdm_federalfinancial (1.0.0.1)" />
        <Dependent type="60" displayName="Information" parentDisplayName="Contract" id="{00b55be7-8348-41a3-a4cf-1482877efc2a}" />
      </MissingDependency>
      <MissingDependency>
        <Required type="2" schemaName="govcdm_contractstartdate" displayName="Contract Start Date" parentSchemaName="govcdm_contract" parentDisplayName="Contract" solution="govcdm_federalfinancial (1.0.0.1)" />
        <Dependent type="60" displayName="Information" parentDisplayName="Contract" id="{00b55be7-8348-41a3-a4cf-1482877efc2a}" />
      </MissingDependency>
      <MissingDependency>
        <Required type="2" schemaName="govcdm_counterparty" displayName="Counterparty" parentSchemaName="govcdm_agreement" parentDisplayName="Agreement" solution="govcdm_core (1.0.2.2)" />
        <Dependent type="60" displayName="Information" parentDisplayName="Agreement" id="{4ca484e4-17ca-49e3-aed3-b97398eb2f58}" />
      </MissingDependency>
      <MissingDependency>
        <Required type="2" schemaName="govcdm_description" displayName="Description" parentSchemaName="govcdm_agreement" parentDisplayName="Agreement" solution="govcdm_core (1.0.2.2)" />
        <Dependent type="60" displayName="Information" parentDisplayName="Agreement" id="{4ca484e4-17ca-49e3-aed3-b97398eb2f58}" />
      </MissingDependency>
      <MissingDependency>
        <Required type="2" schemaName="govcdm_description" displayName="Description" parentSchemaName="govcdm_budgetobjectclassification" parentDisplayName="Budget Object Classification" solution="govcdm_federalfinancial (1.0.0.1)" />
        <Dependent type="26" schemaName="Budget Object Classification Codes" displayName="Budget Object Classification Codes" parentSchemaName="govcdm_budgetobjectclassification" parentDisplayName="Budget Object Classification" id="{a34c84de-a9d6-ee11-9079-000d3a3b9c87}" />
      </MissingDependency>
      <MissingDependency>
        <Required type="2" schemaName="govcdm_description" displayName="Description" parentSchemaName="govcdm_budgetobjectclassification" parentDisplayName="Budget Object Classification" solution="govcdm_federalfinancial (1.0.0.1)" />
        <Dependent type="60" displayName="Main" parentDisplayName="Budget Object Classification" id="{aaacce2f-a9d6-ee11-9079-000d3a3b9c87}" />
      </MissingDependency>
      <MissingDependency>
        <Required type="2" schemaName="govcdm_description" displayName="Description" parentSchemaName="govcdm_contract" parentDisplayName="Contract" solution="govcdm_federalfinancial (1.0.0.1)" />
        <Dependent type="60" displayName="Information" parentDisplayName="Contract" id="{00b55be7-8348-41a3-a4cf-1482877efc2a}" />
      </MissingDependency>
      <MissingDependency>
        <Required type="2" schemaName="govcdm_description" displayName="Description" parentSchemaName="govcdm_purchaserequestitem" parentDisplayName="Purchase Request Item" solution="govcdm_federalfinancial (1.0.0.1)" />
        <Dependent type="26" schemaName="Purchase Request Items" displayName="Purchase Request Items" parentSchemaName="govcdm_purchaserequestitem" parentDisplayName="Purchase Request Item" id="{8a12be03-09d7-ee11-9079-000d3a3b9c87}" />
      </MissingDependency>
      <MissingDependency>
        <Required type="2" schemaName="govcdm_description" displayName="Description" parentSchemaName="govcdm_purchaserequestitem" parentDisplayName="Purchase Request Item" solution="govcdm_federalfinancial (1.0.0.1)" />
        <Dependent type="60" displayName="Main" parentDisplayName="Purchase Request Item" id="{7af9dde1-b0d6-ee11-9079-000d3a3b9c87}" />
      </MissingDependency>
      <MissingDependency>
        <Required type="2" schemaName="govcdm_enddate" displayName="End Date" parentSchemaName="govcdm_agreement" parentDisplayName="Agreement" solution="govcdm_core (1.0.2.2)" />
        <Dependent type="60" displayName="Information" parentDisplayName="Agreement" id="{4ca484e4-17ca-49e3-aed3-b97398eb2f58}" />
      </MissingDependency>
      <MissingDependency>
        <Required type="2" schemaName="govcdm_financialobligation" displayName="Financial Obligation" parentSchemaName="govcdm_payment" parentDisplayName="Payment" solution="govcdm_federalfinancial (1.0.0.1)" />
        <Dependent type="60" displayName="Information" parentDisplayName="Payment" id="{b29be948-e5da-4005-85e7-6aa98860a5c6}" />
      </MissingDependency>
      <MissingDependency>
        <Required type="2" schemaName="govcdm_fromoffice" displayName="From Office" parentSchemaName="govcdm_purchaserequest" parentDisplayName="Purchase Request" solution="govcdm_federalfinancial (1.0.0.1)" />
        <Dependent type="26" schemaName="Purchase Requests" displayName="Purchase Requests" parentSchemaName="govcdm_purchaserequest" parentDisplayName="Purchase Request" id="{3d0ab013-dfd1-ee11-9079-000d3a3b9c87}" />
      </MissingDependency>
      <MissingDependency>
        <Required type="2" schemaName="govcdm_fromoffice" displayName="From Office" parentSchemaName="govcdm_purchaserequest" parentDisplayName="Purchase Request" solution="govcdm_federalfinancial (1.0.0.1)" />
        <Dependent type="59" schemaName="By Office" displayName="By Office" parentSchemaName="govcdm_purchaserequest" parentDisplayName="Purchase Request" id="{c780b010-b7d6-ee11-9079-000d3a3b9c87}" />
      </MissingDependency>
      <MissingDependency>
        <Required type="2" schemaName="govcdm_fromoffice" displayName="From Office" parentSchemaName="govcdm_purchaserequest" parentDisplayName="Purchase Request" solution="govcdm_federalfinancial (1.0.0.1)" />
        <Dependent type="60" displayName="Information" parentDisplayName="Purchase Request" id="{f8e11d6a-0b9c-49fa-93c7-3b42d3499079}" />
      </MissingDependency>
      <MissingDependency>
        <Required type="2" schemaName="govcdm_initiatedby" displayName="Initiated By" parentSchemaName="govcdm_payment" parentDisplayName="Payment" solution="govcdm_federalfinancial (1.0.0.1)" />
        <Dependent type="26" schemaName="Active Payments" displayName="Active Payments" parentSchemaName="govcdm_payment" parentDisplayName="Payment" id="{236434d6-7094-4ed6-8f71-f36575b5eb32}" />
      </MissingDependency>
      <MissingDependency>
        <Required type="2" schemaName="govcdm_initiatedby" displayName="Initiated By" parentSchemaName="govcdm_payment" parentDisplayName="Payment" solution="govcdm_federalfinancial (1.0.0.1)" />
        <Dependent type="60" displayName="Information" parentDisplayName="Payment" id="{b29be948-e5da-4005-85e7-6aa98860a5c6}" />
      </MissingDependency>
      <MissingDependency>
        <Required type="2" schemaName="govcdm_initiateddate" displayName="Initiated Date" parentSchemaName="govcdm_payment" parentDisplayName="Payment" solution="govcdm_federalfinancial (1.0.0.1)" />
        <Dependent type="26" schemaName="Active Payments" displayName="Active Payments" parentSchemaName="govcdm_payment" parentDisplayName="Payment" id="{236434d6-7094-4ed6-8f71-f36575b5eb32}" />
      </MissingDependency>
      <MissingDependency>
        <Required type="2" schemaName="govcdm_initiateddate" displayName="Initiated Date" parentSchemaName="govcdm_payment" parentDisplayName="Payment" solution="govcdm_federalfinancial (1.0.0.1)" />
        <Dependent type="60" displayName="Information" parentDisplayName="Payment" id="{b29be948-e5da-4005-85e7-6aa98860a5c6}" />
      </MissingDependency>
      <MissingDependency>
        <Required type="2" schemaName="govcdm_invoice" displayName="Invoice" parentSchemaName="govcdm_payment" parentDisplayName="Payment" solution="govcdm_federalfinancial (1.0.0.1)" />
        <Dependent type="60" displayName="Information" parentDisplayName="Payment" id="{b29be948-e5da-4005-85e7-6aa98860a5c6}" />
      </MissingDependency>
      <MissingDependency>
        <Required type="2" schemaName="govcdm_isbinding" displayName="Is Binding" parentSchemaName="govcdm_agreement" parentDisplayName="Agreement" solution="govcdm_core (1.0.2.2)" />
        <Dependent type="60" displayName="Information" parentDisplayName="Agreement" id="{4ca484e4-17ca-49e3-aed3-b97398eb2f58}" />
      </MissingDependency>
      <MissingDependency>
        <Required type="2" schemaName="govcdm_itemnumber" displayName="Item Number" parentSchemaName="govcdm_purchaserequestitem" parentDisplayName="Purchase Request Item" solution="govcdm_federalfinancial (1.0.0.1)" />
        <Dependent type="26" schemaName="Purchase Request Items" displayName="Purchase Request Items" parentSchemaName="govcdm_purchaserequestitem" parentDisplayName="Purchase Request Item" id="{8a12be03-09d7-ee11-9079-000d3a3b9c87}" />
      </MissingDependency>
      <MissingDependency>
        <Required type="2" schemaName="govcdm_itemnumber" displayName="Item Number" parentSchemaName="govcdm_purchaserequestitem" parentDisplayName="Purchase Request Item" solution="govcdm_federalfinancial (1.0.0.1)" />
        <Dependent type="60" displayName="Main" parentDisplayName="Purchase Request Item" id="{7af9dde1-b0d6-ee11-9079-000d3a3b9c87}" />
      </MissingDependency>
      <MissingDependency>
        <Required type="2" schemaName="govcdm_justification" displayName="Justification" parentSchemaName="govcdm_payment" parentDisplayName="Payment" solution="govcdm_federalfinancial (1.0.0.1)" />
        <Dependent type="60" displayName="Information" parentDisplayName="Payment" id="{b29be948-e5da-4005-85e7-6aa98860a5c6}" />
      </MissingDependency>
      <MissingDependency>
        <Required type="2" schemaName="govcdm_name" displayName="Name" parentSchemaName="govcdm_agreement" parentDisplayName="Agreement" solution="govcdm_core (1.0.2.2)" />
        <Dependent type="60" displayName="Information" parentDisplayName="Agreement" id="{4ca484e4-17ca-49e3-aed3-b97398eb2f58}" />
      </MissingDependency>
      <MissingDependency>
        <Required type="2" schemaName="govcdm_name" displayName="Name" parentSchemaName="govcdm_budget" parentDisplayName="Budget" solution="govcdm_federalfinancial (1.0.0.1)" />
        <Dependent type="60" displayName="Information" parentDisplayName="Budget" id="{c17bf926-62e7-4773-a8ba-f5de12272c1c}" />
      </MissingDependency>
      <MissingDependency>
        <Required type="2" schemaName="govcdm_name" displayName="Name" parentSchemaName="govcdm_budgetlineitem" parentDisplayName="Budget Line Item" solution="govcdm_federalfinancial (1.0.0.1)" />
        <Dependent type="60" displayName="Main" parentDisplayName="Budget Line Item" id="{9344d243-0179-ee11-8179-6045bd0062b9}" />
      </MissingDependency>
      <MissingDependency>
        <Required type="2" schemaName="govcdm_name" displayName="Name" parentSchemaName="govcdm_budgetobjectclassification" parentDisplayName="Budget Object Classification" solution="govcdm_federalfinancial (1.0.0.1)" />
        <Dependent type="26" schemaName="Budget Object Classification Codes" displayName="Budget Object Classification Codes" parentSchemaName="govcdm_budgetobjectclassification" parentDisplayName="Budget Object Classification" id="{a34c84de-a9d6-ee11-9079-000d3a3b9c87}" />
      </MissingDependency>
      <MissingDependency>
        <Required type="2" schemaName="govcdm_name" displayName="Name" parentSchemaName="govcdm_budgetobjectclassification" parentDisplayName="Budget Object Classification" solution="govcdm_federalfinancial (1.0.0.1)" />
        <Dependent type="60" displayName="Main" parentDisplayName="Budget Object Classification" id="{aaacce2f-a9d6-ee11-9079-000d3a3b9c87}" />
      </MissingDependency>
      <MissingDependency>
        <Required type="2" schemaName="govcdm_name" displayName="Name" parentSchemaName="govcdm_contract" parentDisplayName="Contract" solution="govcdm_federalfinancial (1.0.0.1)" />
        <Dependent type="60" displayName="Information" parentDisplayName="Contract" id="{00b55be7-8348-41a3-a4cf-1482877efc2a}" />
      </MissingDependency>
      <MissingDependency>
        <Required type="2" schemaName="govcdm_name" displayName="Name" parentSchemaName="govcdm_payment" parentDisplayName="Payment" solution="govcdm_federalfinancial (1.0.0.1)" />
        <Dependent type="26" schemaName="Active Payments" displayName="Active Payments" parentSchemaName="govcdm_payment" parentDisplayName="Payment" id="{236434d6-7094-4ed6-8f71-f36575b5eb32}" />
      </MissingDependency>
      <MissingDependency>
        <Required type="2" schemaName="govcdm_name" displayName="Name" parentSchemaName="govcdm_payment" parentDisplayName="Payment" solution="govcdm_federalfinancial (1.0.0.1)" />
        <Dependent type="60" displayName="Information" parentDisplayName="Payment" id="{b29be948-e5da-4005-85e7-6aa98860a5c6}" />
      </MissingDependency>
      <MissingDependency>
        <Required type="2" schemaName="govcdm_name" displayName="Purchase Request Number" parentSchemaName="govcdm_purchaserequest" parentDisplayName="Purchase Request" solution="govcdm_federalfinancial (1.0.0.1)" />
        <Dependent type="10" schemaName="bpf_govcdm_purchaserequest_msgov_purchaserequestprocess" displayName="bpf_govcdm_purchaserequest_msgov_purchaserequestprocess" parentSchemaName="govcdm_purchaserequest" parentDisplayName="Purchase Request" />
      </MissingDependency>
      <MissingDependency>
        <Required type="2" schemaName="govcdm_name" displayName="Purchase Request Number" parentSchemaName="govcdm_purchaserequest" parentDisplayName="Purchase Request" solution="govcdm_federalfinancial (1.0.0.1)" />
        <Dependent type="26" schemaName="Purchase Requests" displayName="Purchase Requests" parentSchemaName="govcdm_purchaserequest" parentDisplayName="Purchase Request" id="{3d0ab013-dfd1-ee11-9079-000d3a3b9c87}" />
      </MissingDependency>
      <MissingDependency>
        <Required type="2" schemaName="govcdm_name" displayName="Purchase Request Number" parentSchemaName="govcdm_purchaserequest" parentDisplayName="Purchase Request" solution="govcdm_federalfinancial (1.0.0.1)" />
        <Dependent type="29" displayName="Purchase Request Process" id="{5a26a0c1-68d6-ee11-9079-000d3a3b9c87}" />
      </MissingDependency>
      <MissingDependency>
        <Required type="2" schemaName="govcdm_name" displayName="Purchase Request Number" parentSchemaName="govcdm_purchaserequest" parentDisplayName="Purchase Request" solution="govcdm_federalfinancial (1.0.0.1)" />
        <Dependent type="60" displayName="Information" parentDisplayName="Purchase Request Process" id="{94d07318-e8e9-48cf-8121-12d2287c4126}" />
      </MissingDependency>
      <MissingDependency>
        <Required type="2" schemaName="govcdm_name" displayName="Purchase Request Number" parentSchemaName="govcdm_purchaserequest" parentDisplayName="Purchase Request" solution="govcdm_federalfinancial (1.0.0.1)" />
        <Dependent type="60" displayName="Information" parentDisplayName="Purchase Request" id="{f8e11d6a-0b9c-49fa-93c7-3b42d3499079}" />
      </MissingDependency>
      <MissingDependency>
        <Required type="2" schemaName="govcdm_name" displayName="Name" parentSchemaName="govcdm_purchaserequestitem" parentDisplayName="Purchase Request Item" solution="govcdm_federalfinancial (1.0.0.1)" />
        <Dependent type="26" schemaName="Purchase Request Items" displayName="Purchase Request Items" parentSchemaName="govcdm_purchaserequestitem" parentDisplayName="Purchase Request Item" id="{8a12be03-09d7-ee11-9079-000d3a3b9c87}" />
      </MissingDependency>
      <MissingDependency>
        <Required type="2" schemaName="govcdm_name" displayName="Name" parentSchemaName="govcdm_purchaserequestitem" parentDisplayName="Purchase Request Item" solution="govcdm_federalfinancial (1.0.0.1)" />
        <Dependent type="60" displayName="Main" parentDisplayName="Purchase Request Item" id="{7af9dde1-b0d6-ee11-9079-000d3a3b9c87}" />
      </MissingDependency>
      <MissingDependency>
        <Required type="2" schemaName="govcdm_parentcode" displayName="Parent Code" parentSchemaName="govcdm_budgetobjectclassification" parentDisplayName="Budget Object Classification" solution="govcdm_federalfinancial (1.0.0.1)" />
        <Dependent type="26" schemaName="Budget Object Classification Codes" displayName="Budget Object Classification Codes" parentSchemaName="govcdm_budgetobjectclassification" parentDisplayName="Budget Object Classification" id="{a34c84de-a9d6-ee11-9079-000d3a3b9c87}" />
      </MissingDependency>
      <MissingDependency>
        <Required type="2" schemaName="govcdm_parentcode" displayName="Parent Code" parentSchemaName="govcdm_budgetobjectclassification" parentDisplayName="Budget Object Classification" solution="govcdm_federalfinancial (1.0.0.1)" />
        <Dependent type="60" displayName="Main" parentDisplayName="Budget Object Classification" id="{aaacce2f-a9d6-ee11-9079-000d3a3b9c87}" />
      </MissingDependency>
      <MissingDependency>
        <Required type="2" schemaName="govcdm_paymentamount" displayName="Payment Amount" parentSchemaName="govcdm_payment" parentDisplayName="Payment" solution="govcdm_federalfinancial (1.0.0.1)" />
        <Dependent type="26" schemaName="Active Payments" displayName="Active Payments" parentSchemaName="govcdm_payment" parentDisplayName="Payment" id="{236434d6-7094-4ed6-8f71-f36575b5eb32}" />
      </MissingDependency>
      <MissingDependency>
        <Required type="2" schemaName="govcdm_paymentamount" displayName="Payment Amount" parentSchemaName="govcdm_payment" parentDisplayName="Payment" solution="govcdm_federalfinancial (1.0.0.1)" />
        <Dependent type="60" displayName="Information" parentDisplayName="Payment" id="{b29be948-e5da-4005-85e7-6aa98860a5c6}" />
      </MissingDependency>
      <MissingDependency>
        <Required type="2" schemaName="govcdm_paymentdate" displayName="Payment Date" parentSchemaName="govcdm_payment" parentDisplayName="Payment" solution="govcdm_federalfinancial (1.0.0.1)" />
        <Dependent type="26" schemaName="Active Payments" displayName="Active Payments" parentSchemaName="govcdm_payment" parentDisplayName="Payment" id="{236434d6-7094-4ed6-8f71-f36575b5eb32}" />
      </MissingDependency>
      <MissingDependency>
        <Required type="2" schemaName="govcdm_paymentdate" displayName="Payment Date" parentSchemaName="govcdm_payment" parentDisplayName="Payment" solution="govcdm_federalfinancial (1.0.0.1)" />
        <Dependent type="60" displayName="Information" parentDisplayName="Payment" id="{b29be948-e5da-4005-85e7-6aa98860a5c6}" />
      </MissingDependency>
      <MissingDependency>
        <Required type="2" schemaName="govcdm_paymentid" displayName="Payment" parentSchemaName="govcdm_payment" parentDisplayName="Payment" solution="govcdm_federalfinancial (1.0.0.1)" />
        <Dependent type="26" schemaName="Active Payments" displayName="Active Payments" parentSchemaName="govcdm_payment" parentDisplayName="Payment" id="{236434d6-7094-4ed6-8f71-f36575b5eb32}" />
      </MissingDependency>
      <MissingDependency>
        <Required type="2" schemaName="govcdm_paymentmethod" displayName="Payment Method" parentSchemaName="govcdm_payment" parentDisplayName="Payment" solution="govcdm_federalfinancial (1.0.0.1)" />
        <Dependent type="26" schemaName="Active Payments" displayName="Active Payments" parentSchemaName="govcdm_payment" parentDisplayName="Payment" id="{236434d6-7094-4ed6-8f71-f36575b5eb32}" />
      </MissingDependency>
      <MissingDependency>
        <Required type="2" schemaName="govcdm_paymentmethod" displayName="Payment Method" parentSchemaName="govcdm_payment" parentDisplayName="Payment" solution="govcdm_federalfinancial (1.0.0.1)" />
        <Dependent type="60" displayName="Information" parentDisplayName="Payment" id="{b29be948-e5da-4005-85e7-6aa98860a5c6}" />
      </MissingDependency>
      <MissingDependency>
        <Required type="2" schemaName="govcdm_paymentstatus" displayName="Payment Status" parentSchemaName="govcdm_payment" parentDisplayName="Payment" solution="govcdm_federalfinancial (1.0.0.1)" />
        <Dependent type="26" schemaName="Active Payments" displayName="Active Payments" parentSchemaName="govcdm_payment" parentDisplayName="Payment" id="{236434d6-7094-4ed6-8f71-f36575b5eb32}" />
      </MissingDependency>
      <MissingDependency>
        <Required type="2" schemaName="govcdm_paymentstatus" displayName="Payment Status" parentSchemaName="govcdm_payment" parentDisplayName="Payment" solution="govcdm_federalfinancial (1.0.0.1)" />
        <Dependent type="60" displayName="Information" parentDisplayName="Payment" id="{b29be948-e5da-4005-85e7-6aa98860a5c6}" />
      </MissingDependency>
      <MissingDependency>
        <Required type="2" schemaName="govcdm_pointofcontact" displayName="Point of Contact" parentSchemaName="govcdm_purchaserequest" parentDisplayName="Purchase Request" solution="govcdm_federalfinancial (1.0.0.1)" />
        <Dependent type="26" schemaName="Purchase Requests" displayName="Purchase Requests" parentSchemaName="govcdm_purchaserequest" parentDisplayName="Purchase Request" id="{3d0ab013-dfd1-ee11-9079-000d3a3b9c87}" />
      </MissingDependency>
      <MissingDependency>
        <Required type="2" schemaName="govcdm_pointofcontact" displayName="Point of Contact" parentSchemaName="govcdm_purchaserequest" parentDisplayName="Purchase Request" solution="govcdm_federalfinancial (1.0.0.1)" />
        <Dependent type="60" displayName="Information" parentDisplayName="Purchase Request" id="{f8e11d6a-0b9c-49fa-93c7-3b42d3499079}" />
      </MissingDependency>
      <MissingDependency>
        <Required type="2" schemaName="govcdm_pointofcontactemail" displayName="Point of Contact Email" parentSchemaName="govcdm_purchaserequest" parentDisplayName="Purchase Request" solution="govcdm_federalfinancial (1.0.0.1)" />
        <Dependent type="26" schemaName="Purchase Requests" displayName="Purchase Requests" parentSchemaName="govcdm_purchaserequest" parentDisplayName="Purchase Request" id="{3d0ab013-dfd1-ee11-9079-000d3a3b9c87}" />
      </MissingDependency>
      <MissingDependency>
        <Required type="2" schemaName="govcdm_pointofcontactemail" displayName="Point of Contact Email" parentSchemaName="govcdm_purchaserequest" parentDisplayName="Purchase Request" solution="govcdm_federalfinancial (1.0.0.1)" />
        <Dependent type="60" displayName="Information" parentDisplayName="Purchase Request" id="{f8e11d6a-0b9c-49fa-93c7-3b42d3499079}" />
      </MissingDependency>
      <MissingDependency>
        <Required type="2" schemaName="govcdm_pointofcontactphone" displayName="Point of Contact Phone" parentSchemaName="govcdm_purchaserequest" parentDisplayName="Purchase Request" solution="govcdm_federalfinancial (1.0.0.1)" />
        <Dependent type="26" schemaName="Purchase Requests" displayName="Purchase Requests" parentSchemaName="govcdm_purchaserequest" parentDisplayName="Purchase Request" id="{3d0ab013-dfd1-ee11-9079-000d3a3b9c87}" />
      </MissingDependency>
      <MissingDependency>
        <Required type="2" schemaName="govcdm_pointofcontactphone" displayName="Point of Contact Phone" parentSchemaName="govcdm_purchaserequest" parentDisplayName="Purchase Request" solution="govcdm_federalfinancial (1.0.0.1)" />
        <Dependent type="60" displayName="Information" parentDisplayName="Purchase Request" id="{f8e11d6a-0b9c-49fa-93c7-3b42d3499079}" />
      </MissingDependency>
      <MissingDependency>
        <Required type="2" schemaName="govcdm_preparationdate" displayName="Preparation Date" parentSchemaName="govcdm_purchaserequest" parentDisplayName="Purchase Request" solution="govcdm_federalfinancial (1.0.0.1)" />
        <Dependent type="26" schemaName="Purchase Requests" displayName="Purchase Requests" parentSchemaName="govcdm_purchaserequest" parentDisplayName="Purchase Request" id="{3d0ab013-dfd1-ee11-9079-000d3a3b9c87}" />
      </MissingDependency>
      <MissingDependency>
        <Required type="2" schemaName="govcdm_preparationdate" displayName="Preparation Date" parentSchemaName="govcdm_purchaserequest" parentDisplayName="Purchase Request" solution="govcdm_federalfinancial (1.0.0.1)" />
        <Dependent type="60" displayName="Information" parentDisplayName="Purchase Request" id="{f8e11d6a-0b9c-49fa-93c7-3b42d3499079}" />
      </MissingDependency>
      <MissingDependency>
        <Required type="2" schemaName="govcdm_product" displayName="Product" parentSchemaName="govcdm_purchaserequestitem" parentDisplayName="Purchase Request Item" solution="govcdm_federalfinancial (1.0.0.1)" />
        <Dependent type="60" displayName="Main" parentDisplayName="Purchase Request Item" id="{7af9dde1-b0d6-ee11-9079-000d3a3b9c87}" />
      </MissingDependency>
      <MissingDependency>
        <Required type="2" schemaName="govcdm_projectjobcode" displayName="Project Job Code" parentSchemaName="govcdm_purchaserequest" parentDisplayName="Purchase Request" solution="govcdm_federalfinancial (1.0.0.1)" />
        <Dependent type="60" displayName="Information" parentDisplayName="Purchase Request" id="{f8e11d6a-0b9c-49fa-93c7-3b42d3499079}" />
      </MissingDependency>
      <MissingDependency>
        <Required type="2" schemaName="govcdm_purchaserequest" displayName="Purchase Request" parentSchemaName="govcdm_payment" parentDisplayName="Payment" solution="govcdm_federalfinancial (1.0.0.1)" />
        <Dependent type="60" displayName="Information" parentDisplayName="Payment" id="{b29be948-e5da-4005-85e7-6aa98860a5c6}" />
      </MissingDependency>
      <MissingDependency>
        <Required type="2" schemaName="govcdm_purchaserequest" displayName="Purchase Request" parentSchemaName="govcdm_purchaserequestitem" parentDisplayName="Purchase Request Item" solution="govcdm_federalfinancial (1.0.0.1)" />
        <Dependent type="60" displayName="Main" parentDisplayName="Purchase Request Item" id="{7af9dde1-b0d6-ee11-9079-000d3a3b9c87}" />
      </MissingDependency>
      <MissingDependency>
        <Required type="2" schemaName="govcdm_purchaserequestid" displayName="Purchase Request" parentSchemaName="govcdm_purchaserequest" parentDisplayName="Purchase Request" solution="govcdm_federalfinancial (1.0.0.1)" />
        <Dependent type="26" schemaName="Inactive Purchase Request Process on my Purchase Requests" displayName="Inactive Purchase Request Process on my Purchase Requests" parentSchemaName="msgov_purchaserequestprocess" parentDisplayName="Purchase Request Process" id="{0589e106-4009-4596-be7f-b4cfebda97bf}" />
      </MissingDependency>
      <MissingDependency>
        <Required type="2" schemaName="govcdm_purchaserequestid" displayName="Purchase Request" parentSchemaName="govcdm_purchaserequest" parentDisplayName="Purchase Request" solution="govcdm_federalfinancial (1.0.0.1)" />
        <Dependent type="26" schemaName="Purchase Requests" displayName="Purchase Requests" parentSchemaName="govcdm_purchaserequest" parentDisplayName="Purchase Request" id="{3d0ab013-dfd1-ee11-9079-000d3a3b9c87}" />
      </MissingDependency>
      <MissingDependency>
        <Required type="2" schemaName="govcdm_purchaserequestid" displayName="Purchase Request" parentSchemaName="govcdm_purchaserequest" parentDisplayName="Purchase Request" solution="govcdm_federalfinancial (1.0.0.1)" />
        <Dependent type="26" schemaName="Active Purchase Request Process on my Purchase Requests" displayName="Active Purchase Request Process on my Purchase Requests" parentSchemaName="msgov_purchaserequestprocess" parentDisplayName="Purchase Request Process" id="{866513d3-965e-484b-a0eb-f64b97cb7310}" />
      </MissingDependency>
      <MissingDependency>
        <Required type="2" schemaName="govcdm_purchaserequestid" displayName="Purchase Request" parentSchemaName="govcdm_purchaserequest" parentDisplayName="Purchase Request" solution="govcdm_federalfinancial (1.0.0.1)" />
        <Dependent type="29" displayName="Purchase Request Process" id="{5a26a0c1-68d6-ee11-9079-000d3a3b9c87}" />
      </MissingDependency>
      <MissingDependency>
        <Required type="2" schemaName="govcdm_purchaserequestid" displayName="Purchase Request" parentSchemaName="govcdm_purchaserequest" parentDisplayName="Purchase Request" solution="govcdm_federalfinancial (1.0.0.1)" />
        <Dependent type="59" schemaName="By Approval Status" displayName="By Approval Status" parentSchemaName="govcdm_purchaserequest" parentDisplayName="Purchase Request" id="{8d019642-b7d6-ee11-9079-000d3a3b9c87}" />
      </MissingDependency>
      <MissingDependency>
        <Required type="2" schemaName="govcdm_purchaserequestid" displayName="Purchase Request" parentSchemaName="govcdm_purchaserequest" parentDisplayName="Purchase Request" solution="govcdm_federalfinancial (1.0.0.1)" />
        <Dependent type="59" schemaName="By Office" displayName="By Office" parentSchemaName="govcdm_purchaserequest" parentDisplayName="Purchase Request" id="{c780b010-b7d6-ee11-9079-000d3a3b9c87}" />
      </MissingDependency>
      <MissingDependency>
        <Required type="2" schemaName="govcdm_purchaserequestitemid" displayName="Purchase Request Item" parentSchemaName="govcdm_purchaserequestitem" parentDisplayName="Purchase Request Item" solution="govcdm_federalfinancial (1.0.0.1)" />
        <Dependent type="26" schemaName="Purchase Request Items" displayName="Purchase Request Items" parentSchemaName="govcdm_purchaserequestitem" parentDisplayName="Purchase Request Item" id="{8a12be03-09d7-ee11-9079-000d3a3b9c87}" />
      </MissingDependency>
      <MissingDependency>
        <Required type="2" schemaName="govcdm_quantity" displayName="Quantity" parentSchemaName="govcdm_purchaserequestitem" parentDisplayName="Purchase Request Item" solution="govcdm_federalfinancial (1.0.0.1)" />
        <Dependent type="26" schemaName="Purchase Request Items" displayName="Purchase Request Items" parentSchemaName="govcdm_purchaserequestitem" parentDisplayName="Purchase Request Item" id="{8a12be03-09d7-ee11-9079-000d3a3b9c87}" />
      </MissingDependency>
      <MissingDependency>
        <Required type="2" schemaName="govcdm_quantity" displayName="Quantity" parentSchemaName="govcdm_purchaserequestitem" parentDisplayName="Purchase Request Item" solution="govcdm_federalfinancial (1.0.0.1)" />
        <Dependent type="60" displayName="Main" parentDisplayName="Purchase Request Item" id="{7af9dde1-b0d6-ee11-9079-000d3a3b9c87}" />
      </MissingDependency>
      <MissingDependency>
        <Required type="2" schemaName="govcdm_receivingoffice" displayName="Receiving Office" parentSchemaName="govcdm_purchaserequest" parentDisplayName="Purchase Request" solution="govcdm_federalfinancial (1.0.0.1)" />
        <Dependent type="60" displayName="Information" parentDisplayName="Purchase Request" id="{f8e11d6a-0b9c-49fa-93c7-3b42d3499079}" />
      </MissingDependency>
      <MissingDependency>
        <Required type="2" schemaName="govcdm_shiptoaddress1" displayName="Ship To Address 1" parentSchemaName="govcdm_purchaserequest" parentDisplayName="Purchase Request" solution="govcdm_federalfinancial (1.0.0.1)" />
        <Dependent type="60" displayName="Information" parentDisplayName="Purchase Request" id="{f8e11d6a-0b9c-49fa-93c7-3b42d3499079}" />
      </MissingDependency>
      <MissingDependency>
        <Required type="2" schemaName="govcdm_shiptoaddress2" displayName="Ship To Address 2" parentSchemaName="govcdm_purchaserequest" parentDisplayName="Purchase Request" solution="govcdm_federalfinancial (1.0.0.1)" />
        <Dependent type="60" displayName="Information" parentDisplayName="Purchase Request" id="{f8e11d6a-0b9c-49fa-93c7-3b42d3499079}" />
      </MissingDependency>
      <MissingDependency>
        <Required type="2" schemaName="govcdm_shiptoaddresscity" displayName="Ship To Address City" parentSchemaName="govcdm_purchaserequest" parentDisplayName="Purchase Request" solution="govcdm_federalfinancial (1.0.0.1)" />
        <Dependent type="60" displayName="Information" parentDisplayName="Purchase Request" id="{f8e11d6a-0b9c-49fa-93c7-3b42d3499079}" />
      </MissingDependency>
      <MissingDependency>
        <Required type="2" schemaName="govcdm_shiptoaddressstate" displayName="Ship To Address State" parentSchemaName="govcdm_purchaserequest" parentDisplayName="Purchase Request" solution="govcdm_federalfinancial (1.0.0.1)" />
        <Dependent type="60" displayName="Information" parentDisplayName="Purchase Request" id="{f8e11d6a-0b9c-49fa-93c7-3b42d3499079}" />
      </MissingDependency>
      <MissingDependency>
        <Required type="2" schemaName="govcdm_shiptoaddresszip" displayName="Ship To Address Zip" parentSchemaName="govcdm_purchaserequest" parentDisplayName="Purchase Request" solution="govcdm_federalfinancial (1.0.0.1)" />
        <Dependent type="60" displayName="Information" parentDisplayName="Purchase Request" id="{f8e11d6a-0b9c-49fa-93c7-3b42d3499079}" />
      </MissingDependency>
      <MissingDependency>
        <Required type="2" schemaName="govcdm_shiptooffice" displayName="Ship To Office" parentSchemaName="govcdm_purchaserequest" parentDisplayName="Purchase Request" solution="govcdm_federalfinancial (1.0.0.1)" />
        <Dependent type="60" displayName="Information" parentDisplayName="Purchase Request" id="{f8e11d6a-0b9c-49fa-93c7-3b42d3499079}" />
      </MissingDependency>
      <MissingDependency>
        <Required type="2" schemaName="govcdm_startdate" displayName="Start Date" parentSchemaName="govcdm_agreement" parentDisplayName="Agreement" solution="govcdm_core (1.0.2.2)" />
        <Dependent type="60" displayName="Information" parentDisplayName="Agreement" id="{4ca484e4-17ca-49e3-aed3-b97398eb2f58}" />
      </MissingDependency>
      <MissingDependency>
        <Required type="2" schemaName="govcdm_tooffice" displayName="To Office" parentSchemaName="govcdm_purchaserequest" parentDisplayName="Purchase Request" solution="govcdm_federalfinancial (1.0.0.1)" />
        <Dependent type="26" schemaName="Purchase Requests" displayName="Purchase Requests" parentSchemaName="govcdm_purchaserequest" parentDisplayName="Purchase Request" id="{3d0ab013-dfd1-ee11-9079-000d3a3b9c87}" />
      </MissingDependency>
      <MissingDependency>
        <Required type="2" schemaName="govcdm_tooffice" displayName="To Office" parentSchemaName="govcdm_purchaserequest" parentDisplayName="Purchase Request" solution="govcdm_federalfinancial (1.0.0.1)" />
        <Dependent type="60" displayName="Information" parentDisplayName="Purchase Request" id="{f8e11d6a-0b9c-49fa-93c7-3b42d3499079}" />
      </MissingDependency>
      <MissingDependency>
        <Required type="2" schemaName="govcdm_treasurydocumentnumber" displayName="Treasury Document Number" parentSchemaName="govcdm_payment" parentDisplayName="Payment" solution="govcdm_federalfinancial (1.0.0.1)" />
        <Dependent type="60" displayName="Information" parentDisplayName="Payment" id="{b29be948-e5da-4005-85e7-6aa98860a5c6}" />
      </MissingDependency>
      <MissingDependency>
        <Required type="2" schemaName="govcdm_unitofissue" displayName="Unit of Issue" parentSchemaName="govcdm_purchaserequestitem" parentDisplayName="Purchase Request Item" solution="govcdm_federalfinancial (1.0.0.1)" />
        <Dependent type="26" schemaName="Purchase Request Items" displayName="Purchase Request Items" parentSchemaName="govcdm_purchaserequestitem" parentDisplayName="Purchase Request Item" id="{8a12be03-09d7-ee11-9079-000d3a3b9c87}" />
      </MissingDependency>
      <MissingDependency>
        <Required type="2" schemaName="govcdm_unitofissue" displayName="Unit of Issue" parentSchemaName="govcdm_purchaserequestitem" parentDisplayName="Purchase Request Item" solution="govcdm_federalfinancial (1.0.0.1)" />
        <Dependent type="60" displayName="Main" parentDisplayName="Purchase Request Item" id="{7af9dde1-b0d6-ee11-9079-000d3a3b9c87}" />
      </MissingDependency>
      <MissingDependency>
        <Required type="2" schemaName="govcdm_unitprice" displayName="Unit Price" parentSchemaName="govcdm_purchaserequestitem" parentDisplayName="Purchase Request Item" solution="govcdm_federalfinancial (1.0.0.1)" />
        <Dependent type="26" schemaName="Purchase Request Items" displayName="Purchase Request Items" parentSchemaName="govcdm_purchaserequestitem" parentDisplayName="Purchase Request Item" id="{8a12be03-09d7-ee11-9079-000d3a3b9c87}" />
      </MissingDependency>
      <MissingDependency>
        <Required type="2" schemaName="govcdm_unitprice" displayName="Unit Price" parentSchemaName="govcdm_purchaserequestitem" parentDisplayName="Purchase Request Item" solution="govcdm_federalfinancial (1.0.0.1)" />
        <Dependent type="60" displayName="Main" parentDisplayName="Purchase Request Item" id="{7af9dde1-b0d6-ee11-9079-000d3a3b9c87}" />
      </MissingDependency>
      <MissingDependency>
        <Required type="2" schemaName="msgov_processandtaskingstate" displayName="Process and Tasking State" parentSchemaName="govcdm_agreement" parentDisplayName="Agreement" solution="msgov_core (1.1.0.0)" />
        <Dependent type="60" displayName="Information" parentDisplayName="Agreement" id="{4ca484e4-17ca-49e3-aed3-b97398eb2f58}" />
      </MissingDependency>
      <MissingDependency>
        <Required type="2" schemaName="ownerid" displayName="Owner" parentSchemaName="govcdm_agreement" parentDisplayName="Agreement" solution="Active" />
        <Dependent type="60" displayName="Information" parentDisplayName="Agreement" id="{4ca484e4-17ca-49e3-aed3-b97398eb2f58}" />
      </MissingDependency>
      <MissingDependency>
        <Required type="2" schemaName="ownerid" displayName="Owner" parentSchemaName="govcdm_budget" parentDisplayName="Budget" solution="Active" />
        <Dependent type="60" displayName="Information" parentDisplayName="Budget" id="{c17bf926-62e7-4773-a8ba-f5de12272c1c}" />
      </MissingDependency>
      <MissingDependency>
        <Required type="2" schemaName="ownerid" displayName="Owner" parentSchemaName="govcdm_budgetlineitem" parentDisplayName="Budget Line Item" solution="Active" />
        <Dependent type="60" displayName="Main" parentDisplayName="Budget Line Item" id="{9344d243-0179-ee11-8179-6045bd0062b9}" />
      </MissingDependency>
      <MissingDependency>
        <Required type="2" schemaName="ownerid" displayName="Owner" parentSchemaName="govcdm_budgetobjectclassification" parentDisplayName="Budget Object Classification" solution="Active" />
        <Dependent type="60" displayName="Main" parentDisplayName="Budget Object Classification" id="{aaacce2f-a9d6-ee11-9079-000d3a3b9c87}" />
      </MissingDependency>
      <MissingDependency>
        <Required type="2" schemaName="ownerid" displayName="Owner" parentSchemaName="govcdm_contract" parentDisplayName="Contract" solution="Active" />
        <Dependent type="60" displayName="Information" parentDisplayName="Contract" id="{00b55be7-8348-41a3-a4cf-1482877efc2a}" />
      </MissingDependency>
      <MissingDependency>
        <Required type="2" schemaName="ownerid" displayName="Owner" parentSchemaName="govcdm_payment" parentDisplayName="Payment" solution="Active" />
        <Dependent type="60" displayName="Information" parentDisplayName="Payment" id="{b29be948-e5da-4005-85e7-6aa98860a5c6}" />
      </MissingDependency>
      <MissingDependency>
        <Required type="2" schemaName="ownerid" displayName="Owner" parentSchemaName="govcdm_purchaserequest" parentDisplayName="Purchase Request" solution="Active" />
        <Dependent type="26" schemaName="Inactive Purchase Request Process on my Purchase Requests" displayName="Inactive Purchase Request Process on my Purchase Requests" parentSchemaName="msgov_purchaserequestprocess" parentDisplayName="Purchase Request Process" id="{0589e106-4009-4596-be7f-b4cfebda97bf}" />
      </MissingDependency>
      <MissingDependency>
        <Required type="2" schemaName="ownerid" displayName="Owner" parentSchemaName="govcdm_purchaserequest" parentDisplayName="Purchase Request" solution="Active" />
        <Dependent type="26" schemaName="Active Purchase Request Process on my Purchase Requests" displayName="Active Purchase Request Process on my Purchase Requests" parentSchemaName="msgov_purchaserequestprocess" parentDisplayName="Purchase Request Process" id="{866513d3-965e-484b-a0eb-f64b97cb7310}" />
      </MissingDependency>
      <MissingDependency>
        <Required type="2" schemaName="ownerid" displayName="Owner" parentSchemaName="govcdm_purchaserequest" parentDisplayName="Purchase Request" solution="Active" />
        <Dependent type="60" displayName="Information" parentDisplayName="Purchase Request" id="{f8e11d6a-0b9c-49fa-93c7-3b42d3499079}" />
      </MissingDependency>
      <MissingDependency>
        <Required type="2" schemaName="ownerid" displayName="Owner" parentSchemaName="govcdm_purchaserequestitem" parentDisplayName="Purchase Request Item" solution="Active" />
        <Dependent type="60" displayName="Main" parentDisplayName="Purchase Request Item" id="{7af9dde1-b0d6-ee11-9079-000d3a3b9c87}" />
      </MissingDependency>
      <MissingDependency>
        <Required type="2" schemaName="statecode" displayName="Status" parentSchemaName="govcdm_payment" parentDisplayName="Payment" solution="govcdm_federalfinancial (1.0.0.1)" />
        <Dependent type="26" schemaName="Active Payments" displayName="Active Payments" parentSchemaName="govcdm_payment" parentDisplayName="Payment" id="{236434d6-7094-4ed6-8f71-f36575b5eb32}" />
      </MissingDependency>
      <MissingDependency>
        <Required type="2" schemaName="statecode" displayName="Status" parentSchemaName="govcdm_purchaserequest" parentDisplayName="Purchase Request" solution="govcdm_federalfinancial (1.0.0.1)" />
        <Dependent type="29" displayName="Purchase Request Process" id="{5a26a0c1-68d6-ee11-9079-000d3a3b9c87}" />
      </MissingDependency>
      <MissingDependency>
        <Required type="2" schemaName="statecode" displayName="Status" parentSchemaName="govcdm_purchaserequest" parentDisplayName="Purchase Request" solution="govcdm_federalfinancial (1.0.0.1)" />
        <Dependent type="60" displayName="Information" parentDisplayName="Purchase Request Process" id="{94d07318-e8e9-48cf-8121-12d2287c4126}" />
      </MissingDependency>
      <MissingDependency>
        <Required type="26" schemaName="Active Budget Line Items" displayName="Active Budget Line Items" parentSchemaName="govcdm_budgetlineitem" parentDisplayName="Budget Line Item" solution="govcdm_federalfinancial (1.0.0.1)" id="{bca1260a-93c3-4ff9-9472-bbbc00f959fb}" />
        <Dependent type="60" displayName="Information" parentDisplayName="Budget" id="{c17bf926-62e7-4773-a8ba-f5de12272c1c}" />
      </MissingDependency>
      <MissingDependency>
        <Required type="26" schemaName="Active Payments" displayName="Active Payments" parentSchemaName="govcdm_payment" parentDisplayName="Payment" solution="govcdm_federalfinancial (1.0.0.1)" id="{236434d6-7094-4ed6-8f71-f36575b5eb32}" />
        <Dependent type="26" schemaName="Active Payments" displayName="Active Payments" parentSchemaName="govcdm_payment" parentDisplayName="Payment" id="{236434d6-7094-4ed6-8f71-f36575b5eb32}" />
      </MissingDependency>
      <MissingDependency>
        <Required type="26" schemaName="Active Purchase Request Items" displayName="Active Purchase Request Items" parentSchemaName="govcdm_purchaserequestitem" parentDisplayName="Purchase Request Item" solution="govcdm_federalfinancial (1.0.0.1)" id="{3ffe1ea9-51c7-4417-8788-01ff0f80d457}" />
        <Dependent type="60" displayName="Information" parentDisplayName="Purchase Request" id="{f8e11d6a-0b9c-49fa-93c7-3b42d3499079}" />
      </MissingDependency>
      <MissingDependency>
        <Required type="26" schemaName="All Contacts" displayName="All Contacts" parentSchemaName="contact" parentDisplayName="Person" solution="msdynce_AppCommon (9.0.4.0066)" id="{0d5d377b-5e7c-47b5-bab1-a5cb8b4ac105}">
          <package appName="msdynce_AppCommon" version="9.0.25083.10004">msdynce_AppCommonAnchor (9.0.25083.10004)</package>
        </Required>
        <Dependent type="80" schemaName="msgov_GovernmentFinancial" displayName="Government Financial" />
      </MissingDependency>
      <MissingDependency>
        <Required type="26" schemaName="Budget Object Classification Advanced Find View" displayName="Budget Object Classification Advanced Find View" parentSchemaName="govcdm_budgetobjectclassification" parentDisplayName="Budget Object Classification" solution="govcdm_federalfinancial (1.0.0.1)" id="{ed20cce3-8ef7-46e8-8a12-5d8531bd6b08}" />
        <Dependent type="80" schemaName="msgov_GovernmentFinancial" displayName="Government Financial" />
      </MissingDependency>
      <MissingDependency>
        <Required type="26" schemaName="Budget Object Classification Associated View" displayName="Budget Object Classification Associated View" parentSchemaName="govcdm_budgetobjectclassification" parentDisplayName="Budget Object Classification" solution="govcdm_federalfinancial (1.0.0.1)" id="{cfa29e8e-1995-4056-9458-f8193ac069e1}" />
        <Dependent type="80" schemaName="msgov_GovernmentFinancial" displayName="Government Financial" />
      </MissingDependency>
      <MissingDependency>
        <Required type="26" schemaName="Budget Object Classification Lookup View" displayName="Budget Object Classification Lookup View" parentSchemaName="govcdm_budgetobjectclassification" parentDisplayName="Budget Object Classification" solution="govcdm_federalfinancial (1.0.0.1)" id="{4d286406-3306-434e-a5ff-b8ed6e95ae4b}" />
        <Dependent type="80" schemaName="msgov_GovernmentFinancial" displayName="Government Financial" />
      </MissingDependency>
      <MissingDependency>
        <Required type="26" schemaName="Purchase Request Advanced Find View" displayName="Purchase Request Advanced Find View" parentSchemaName="govcdm_purchaserequest" parentDisplayName="Purchase Request" solution="govcdm_federalfinancial (1.0.0.1)" id="{3d225ab2-0bdc-415d-8315-5c4dee3f374b}" />
        <Dependent type="80" schemaName="msgov_GovernmentFinancial" displayName="Government Financial" />
      </MissingDependency>
      <MissingDependency>
        <Required type="26" schemaName="Purchase Request Associated View" displayName="Purchase Request Associated View" parentSchemaName="govcdm_purchaserequest" parentDisplayName="Purchase Request" solution="govcdm_federalfinancial (1.0.0.1)" id="{6da651f0-e454-442d-9b73-c7fb02435a82}" />
        <Dependent type="80" schemaName="msgov_GovernmentFinancial" displayName="Government Financial" />
      </MissingDependency>
      <MissingDependency>
        <Required type="26" schemaName="Purchase Request Lookup View" displayName="Purchase Request Lookup View" parentSchemaName="govcdm_purchaserequest" parentDisplayName="Purchase Request" solution="govcdm_federalfinancial (1.0.0.1)" id="{0c89648f-1d39-466d-b819-5821dedd7d46}" />
        <Dependent type="80" schemaName="msgov_GovernmentFinancial" displayName="Government Financial" />
      </MissingDependency>
      <MissingDependency>
        <Required type="26" schemaName="Quick Find Active Budget Object Classifications" displayName="Quick Find Active Budget Object Classifications" parentSchemaName="govcdm_budgetobjectclassification" parentDisplayName="Budget Object Classification" solution="govcdm_federalfinancial (1.0.0.1)" id="{a5c638a8-155a-43bc-9fa3-336aa693088c}" />
        <Dependent type="80" schemaName="msgov_GovernmentFinancial" displayName="Government Financial" />
      </MissingDependency>
      <MissingDependency>
        <Required type="26" schemaName="Quick Find Active Purchase Requests" displayName="Quick Find Active Purchase Requests" parentSchemaName="govcdm_purchaserequest" parentDisplayName="Purchase Request" solution="govcdm_federalfinancial (1.0.0.1)" id="{5a31e9ae-2d21-43d3-abf3-0d9eaa0312a2}" />
        <Dependent type="80" schemaName="msgov_GovernmentFinancial" displayName="Government Financial" />
      </MissingDependency>
      <MissingDependency>
        <Required type="300" schemaName="msgov_actionitempage_94fbe" displayName="Action Item Page" solution="msgov_processandtasking (1.1.0.0)" />
        <Dependent type="AppElement" displayName="msgov_msgov_GovernmentFinancial_canvasappid_msgov_actionitempage_94fbe" id.uniquename="msgov_msgov_GovernmentFinancial_canvasappid_msgov_actionitempage_94fbe" />
      </MissingDependency>
      <MissingDependency>
        <Required type="60" displayName="Information" parentDisplayName="Contract" solution="govcdm_federalfinancial (1.0.0.1)" id="{00b55be7-8348-41a3-a4cf-1482877efc2a}" />
        <Dependent type="60" displayName="Information" parentDisplayName="Contract" id="{00b55be7-8348-41a3-a4cf-1482877efc2a}" />
      </MissingDependency>
      <MissingDependency>
        <Required type="60" displayName="Information" parentDisplayName="Agreement" solution="govcdm_core (1.0.2.2)" id="{4ca484e4-17ca-49e3-aed3-b97398eb2f58}" />
        <Dependent type="60" displayName="Information" parentDisplayName="Agreement" id="{4ca484e4-17ca-49e3-aed3-b97398eb2f58}" />
      </MissingDependency>
      <MissingDependency>
        <Required type="60" displayName="Information" parentDisplayName="Payment" solution="govcdm_federalfinancial (1.0.0.1)" id="{b29be948-e5da-4005-85e7-6aa98860a5c6}" />
        <Dependent type="60" displayName="Information" parentDisplayName="Payment" id="{b29be948-e5da-4005-85e7-6aa98860a5c6}" />
      </MissingDependency>
      <MissingDependency>
        <Required type="60" displayName="Information" parentDisplayName="Budget" solution="govcdm_federalfinancial (1.0.0.1)" id="{c17bf926-62e7-4773-a8ba-f5de12272c1c}" />
        <Dependent type="60" displayName="Information" parentDisplayName="Budget" id="{c17bf926-62e7-4773-a8ba-f5de12272c1c}" />
      </MissingDependency>
      <MissingDependency>
        <Required type="60" displayName="Information" parentDisplayName="Purchase Request" solution="govcdm_federalfinancial (1.0.0.1)" id="{f8e11d6a-0b9c-49fa-93c7-3b42d3499079}" />
        <Dependent type="60" displayName="Information" parentDisplayName="Purchase Request" id="{f8e11d6a-0b9c-49fa-93c7-3b42d3499079}" />
      </MissingDependency>
      <MissingDependency>
        <Required type="61" schemaName="msdyn_/Images/AppModule_Default_Icon.png" displayName="msdyn_/Images/AppModule_Default_Icon.png" solution="AppModuleWebResources (2.5)">
          <package appName="AppModule Web Resources Package" version="2.5">AppModuleWebResources (2.5)</package>
        </Required>
        <Dependent type="80" schemaName="msgov_GovernmentFinancial" displayName="Government Financial" />
      </MissingDependency>
      <MissingDependency>
        <Required type="61" schemaName="msgov_processandtasking" displayName="msgov_processandtasking" solution="msgov_processandtasking (1.1.0.0)" />
        <Dependent type="60" displayName="Information" parentDisplayName="Contract" id="{00b55be7-8348-41a3-a4cf-1482877efc2a}" />
      </MissingDependency>
      <MissingDependency>
        <Required type="61" schemaName="msgov_processandtasking" displayName="msgov_processandtasking" solution="msgov_processandtasking (1.1.0.0)" />
        <Dependent type="60" displayName="Information" parentDisplayName="Agreement" id="{4ca484e4-17ca-49e3-aed3-b97398eb2f58}" />
      </MissingDependency>
      <MissingDependency>
        <Required type="61" schemaName="msgov_processandtasking" displayName="msgov_processandtasking" solution="msgov_processandtasking (1.1.0.0)" />
        <Dependent type="60" displayName="Information" parentDisplayName="Payment" id="{b29be948-e5da-4005-85e7-6aa98860a5c6}" />
      </MissingDependency>
      <MissingDependency>
        <Required type="61" schemaName="msgov_processandtasking" displayName="msgov_processandtasking" solution="msgov_processandtasking (1.1.0.0)" />
        <Dependent type="60" displayName="Information" parentDisplayName="Purchase Request" id="{f8e11d6a-0b9c-49fa-93c7-3b42d3499079}" />
      </MissingDependency>
    </MissingDependencies>
  </SolutionManifest>
</ImportExportXml>