<botcomponent_workflowset>
  <botcomponent_workflow botcomponentid.schemaname="crd10_73dce7fc-3cd5-4039-8c16-f458376891b8.topic.CourseInfo" workflowid.workflowid="077df550-7d01-ef11-a1fd-6045bddc9197">
    <iscustomizable>1</iscustomizable>
  </botcomponent_workflow>
  <botcomponent_workflow botcomponentid.schemaname="crd10_73dce7fc-3cd5-4039-8c16-f458376891b8.topic.SearchCourses" workflowid.workflowid="8b727889-ea00-ef11-a1fd-6045bddc9197">
    <iscustomizable>1</iscustomizable>
  </botcomponent_workflow>
</botcomponent_workflowset>