﻿<?xml version="1.0" encoding="utf-8"?>
<ImportExportXml version="9.2.24032.208" SolutionPackageVersion="9.2" languagecode="1033" generatedBy="CrmLive" xmlns:xsi="http://www.w3.org/2001/XMLSchema-instance">
  <SolutionManifest>
    <UniqueName>msfed_investigativecasemanagement</UniqueName>
    <LocalizedNames>
      <LocalizedName description="Microsoft Federal - Investigative Case Management" languagecode="1033" />
    </LocalizedNames>
    <Descriptions />
    <Version>1.0.0.0</Version>
    <Managed>1</Managed>
    <Publisher>
      <UniqueName>microsoftfederal</UniqueName>
      <LocalizedNames>
        <LocalizedName description="Microsoft Federal" languagecode="1033" />
      </LocalizedNames>
      <Descriptions>
        <Description description="microsoftfederal" languagecode="1033" />
      </Descriptions>
      <EMailAddress xsi:nil="true"></EMailAddress>
      <SupportingWebsiteUrl xsi:nil="true"></SupportingWebsiteUrl>
      <CustomizationPrefix>msfed</CustomizationPrefix>
      <CustomizationOptionValuePrefix>18844</CustomizationOptionValuePrefix>
      <Addresses>
        <Address>
          <AddressNumber>1</AddressNumber>
          <AddressTypeCode>1</AddressTypeCode>
          <City xsi:nil="true"></City>
          <County xsi:nil="true"></County>
          <Country xsi:nil="true"></Country>
          <Fax xsi:nil="true"></Fax>
          <FreightTermsCode xsi:nil="true"></FreightTermsCode>
          <ImportSequenceNumber xsi:nil="true"></ImportSequenceNumber>
          <Latitude xsi:nil="true"></Latitude>
          <Line1 xsi:nil="true"></Line1>
          <Line2 xsi:nil="true"></Line2>
          <Line3 xsi:nil="true"></Line3>
          <Longitude xsi:nil="true"></Longitude>
          <Name xsi:nil="true"></Name>
          <PostalCode xsi:nil="true"></PostalCode>
          <PostOfficeBox xsi:nil="true"></PostOfficeBox>
          <PrimaryContactName xsi:nil="true"></PrimaryContactName>
          <ShippingMethodCode>1</ShippingMethodCode>
          <StateOrProvince xsi:nil="true"></StateOrProvince>
          <Telephone1 xsi:nil="true"></Telephone1>
          <Telephone2 xsi:nil="true"></Telephone2>
          <Telephone3 xsi:nil="true"></Telephone3>
          <TimeZoneRuleVersionNumber xsi:nil="true"></TimeZoneRuleVersionNumber>
          <UPSZone xsi:nil="true"></UPSZone>
          <UTCOffset xsi:nil="true"></UTCOffset>
          <UTCConversionTimeZoneCode xsi:nil="true"></UTCConversionTimeZoneCode>
        </Address>
        <Address>
          <AddressNumber>2</AddressNumber>
          <AddressTypeCode>1</AddressTypeCode>
          <City xsi:nil="true"></City>
          <County xsi:nil="true"></County>
          <Country xsi:nil="true"></Country>
          <Fax xsi:nil="true"></Fax>
          <FreightTermsCode xsi:nil="true"></FreightTermsCode>
          <ImportSequenceNumber xsi:nil="true"></ImportSequenceNumber>
          <Latitude xsi:nil="true"></Latitude>
          <Line1 xsi:nil="true"></Line1>
          <Line2 xsi:nil="true"></Line2>
          <Line3 xsi:nil="true"></Line3>
          <Longitude xsi:nil="true"></Longitude>
          <Name xsi:nil="true"></Name>
          <PostalCode xsi:nil="true"></PostalCode>
          <PostOfficeBox xsi:nil="true"></PostOfficeBox>
          <PrimaryContactName xsi:nil="true"></PrimaryContactName>
          <ShippingMethodCode>1</ShippingMethodCode>
          <StateOrProvince xsi:nil="true"></StateOrProvince>
          <Telephone1 xsi:nil="true"></Telephone1>
          <Telephone2 xsi:nil="true"></Telephone2>
          <Telephone3 xsi:nil="true"></Telephone3>
          <TimeZoneRuleVersionNumber xsi:nil="true"></TimeZoneRuleVersionNumber>
          <UPSZone xsi:nil="true"></UPSZone>
          <UTCOffset xsi:nil="true"></UTCOffset>
          <UTCConversionTimeZoneCode xsi:nil="true"></UTCConversionTimeZoneCode>
        </Address>
      </Addresses>
    </Publisher>
    <RootComponents>
      <RootComponent type="1" schemaName="govcdm_icmcase" behavior="2" />
      <RootComponent type="1" schemaName="govcdm_icmcasecontact" behavior="2" />
      <RootComponent type="1" schemaName="govcdm_icmcasecontactviolation" behavior="2" />
      <RootComponent type="1" schemaName="govcdm_icmcaseevidence" behavior="2" />
      <RootComponent type="1" schemaName="govcdm_icmcaseviolation" behavior="2" />
      <RootComponent type="1" schemaName="govcdm_icmevidence" behavior="2" />
      <RootComponent type="1" schemaName="govcdm_icmlead" behavior="2" />
      <RootComponent type="1" schemaName="govcdm_icmreferral" behavior="2" />
      <RootComponent type="1" schemaName="govcdm_icmviolation" behavior="2" />
      <RootComponent type="62" schemaName="msfed_InvestigativeCaseManagement" behavior="0" />
      <RootComponent type="80" schemaName="msfed_InvestigativeCaseManagement" behavior="0" />
    </RootComponents>
    <MissingDependencies>
      <MissingDependency>
        <Required type="1" schemaName="govcdm_icmcase" displayName="ICM Case" solution="govcdm_investigations (1.0.0.0)" />
        <Dependent type="1" schemaName="govcdm_icmcase" displayName="ICM Case" />
      </MissingDependency>
      <MissingDependency>
        <Required type="1" schemaName="govcdm_icmcase" displayName="ICM Case" solution="govcdm_investigations (1.0.0.0)" />
        <Dependent type="60" displayName="Main" parentDisplayName="ICM Case" id="{63f47a54-7cf7-ee11-a1fd-6045bddc9197}" />
      </MissingDependency>
      <MissingDependency>
        <Required type="1" schemaName="govcdm_icmcase" displayName="ICM Case" solution="govcdm_investigations (1.0.0.0)" />
        <Dependent type="62" schemaName="msfed_InvestigativeCaseManagement" />
      </MissingDependency>
      <MissingDependency>
        <Required type="1" schemaName="govcdm_icmcase" displayName="ICM Case" solution="govcdm_investigations (1.0.0.0)" />
        <Dependent type="80" schemaName="msfed_InvestigativeCaseManagement" displayName="Investigative Case Management" />
      </MissingDependency>
      <MissingDependency>
        <Required type="1" schemaName="govcdm_icmcasecontact" displayName="ICM Case Contact" solution="govcdm_investigations (1.0.0.0)" />
        <Dependent type="1" schemaName="govcdm_icmcasecontact" displayName="ICM Case Contact" />
      </MissingDependency>
      <MissingDependency>
        <Required type="1" schemaName="govcdm_icmcasecontact" displayName="ICM Case Contact" solution="govcdm_investigations (1.0.0.0)" />
        <Dependent type="60" displayName="Main" parentDisplayName="ICM Case Contact" id="{548b677d-7cf7-ee11-a1fd-6045bddc9197}" />
      </MissingDependency>
      <MissingDependency>
        <Required type="1" schemaName="govcdm_icmcasecontact" displayName="ICM Case Contact" solution="govcdm_investigations (1.0.0.0)" />
        <Dependent type="60" displayName="Main" parentDisplayName="ICM Case" id="{63f47a54-7cf7-ee11-a1fd-6045bddc9197}" />
      </MissingDependency>
      <MissingDependency>
        <Required type="1" schemaName="govcdm_icmcasecontact" displayName="ICM Case Contact" solution="govcdm_investigations (1.0.0.0)" />
        <Dependent type="60" displayName="Quick Create" parentDisplayName="ICM Case Contact" id="{727aa925-80f7-ee11-a1fd-6045bddc9197}" />
      </MissingDependency>
      <MissingDependency>
        <Required type="1" schemaName="govcdm_icmcasecontact" displayName="ICM Case Contact" solution="govcdm_investigations (1.0.0.0)" />
        <Dependent type="80" schemaName="msfed_InvestigativeCaseManagement" displayName="Investigative Case Management" />
      </MissingDependency>
      <MissingDependency>
        <Required type="1" schemaName="govcdm_icmcasecontactviolation" displayName="ICM Case Contact Violation" solution="govcdm_investigations (1.0.0.0)" />
        <Dependent type="1" schemaName="govcdm_icmcasecontactviolation" displayName="ICM Case Contact Violation" />
      </MissingDependency>
      <MissingDependency>
        <Required type="1" schemaName="govcdm_icmcasecontactviolation" displayName="ICM Case Contact Violation" solution="govcdm_investigations (1.0.0.0)" />
        <Dependent type="60" displayName="Main" parentDisplayName="ICM Case Contact Violation" id="{09dc41d0-7cf7-ee11-a1fd-6045bddc9197}" />
      </MissingDependency>
      <MissingDependency>
        <Required type="1" schemaName="govcdm_icmcasecontactviolation" displayName="ICM Case Contact Violation" solution="govcdm_investigations (1.0.0.0)" />
        <Dependent type="60" displayName="Main" parentDisplayName="ICM Case Contact" id="{548b677d-7cf7-ee11-a1fd-6045bddc9197}" />
      </MissingDependency>
      <MissingDependency>
        <Required type="1" schemaName="govcdm_icmcasecontactviolation" displayName="ICM Case Contact Violation" solution="govcdm_investigations (1.0.0.0)" />
        <Dependent type="80" schemaName="msfed_InvestigativeCaseManagement" displayName="Investigative Case Management" />
      </MissingDependency>
      <MissingDependency>
        <Required type="1" schemaName="govcdm_icmcaseevidence" displayName="ICM Case Evidence" solution="govcdm_investigations (1.0.0.0)" />
        <Dependent type="1" schemaName="govcdm_icmcaseevidence" displayName="ICM Case Evidence" />
      </MissingDependency>
      <MissingDependency>
        <Required type="1" schemaName="govcdm_icmcaseevidence" displayName="ICM Case Evidence" solution="govcdm_investigations (1.0.0.0)" />
        <Dependent type="60" displayName="Main" parentDisplayName="ICM Case Evidence" id="{a55660f1-7cf7-ee11-a1fd-6045bddc9197}" />
      </MissingDependency>
      <MissingDependency>
        <Required type="1" schemaName="govcdm_icmcaseevidence" displayName="ICM Case Evidence" solution="govcdm_investigations (1.0.0.0)" />
        <Dependent type="80" schemaName="msfed_InvestigativeCaseManagement" displayName="Investigative Case Management" />
      </MissingDependency>
      <MissingDependency>
        <Required type="1" schemaName="govcdm_icmcaseviolation" displayName="ICM Case Violation" solution="govcdm_investigations (1.0.0.0)" />
        <Dependent type="1" schemaName="govcdm_icmcaseviolation" displayName="ICM Case Violation" />
      </MissingDependency>
      <MissingDependency>
        <Required type="1" schemaName="govcdm_icmcaseviolation" displayName="ICM Case Violation" solution="govcdm_investigations (1.0.0.0)" />
        <Dependent type="60" displayName="Main" parentDisplayName="ICM Case" id="{63f47a54-7cf7-ee11-a1fd-6045bddc9197}" />
      </MissingDependency>
      <MissingDependency>
        <Required type="1" schemaName="govcdm_icmcaseviolation" displayName="ICM Case Violation" solution="govcdm_investigations (1.0.0.0)" />
        <Dependent type="60" displayName="Main" parentDisplayName="ICM Case Violation" id="{b719db0c-7df7-ee11-a1fd-6045bddc9197}" />
      </MissingDependency>
      <MissingDependency>
        <Required type="1" schemaName="govcdm_icmcaseviolation" displayName="ICM Case Violation" solution="govcdm_investigations (1.0.0.0)" />
        <Dependent type="80" schemaName="msfed_InvestigativeCaseManagement" displayName="Investigative Case Management" />
      </MissingDependency>
      <MissingDependency>
        <Required type="1" schemaName="govcdm_icmevidence" displayName="ICM Evidence" solution="govcdm_investigations (1.0.0.0)" />
        <Dependent type="1" schemaName="govcdm_icmevidence" displayName="ICM Evidence" />
      </MissingDependency>
      <MissingDependency>
        <Required type="1" schemaName="govcdm_icmevidence" displayName="ICM Evidence" solution="govcdm_investigations (1.0.0.0)" />
        <Dependent type="60" displayName="Main" parentDisplayName="ICM Evidence" id="{b3f54626-7df7-ee11-a1fd-6045bddc9197}" />
      </MissingDependency>
      <MissingDependency>
        <Required type="1" schemaName="govcdm_icmlead" displayName="ICM Lead" solution="govcdm_investigations (1.0.0.0)" />
        <Dependent type="1" schemaName="govcdm_icmlead" displayName="ICM Lead" />
      </MissingDependency>
      <MissingDependency>
        <Required type="1" schemaName="govcdm_icmlead" displayName="ICM Lead" solution="govcdm_investigations (1.0.0.0)" />
        <Dependent type="60" displayName="Main" parentDisplayName="ICM Lead" id="{4b517d47-7df7-ee11-a1fd-6045bddc9197}" />
      </MissingDependency>
      <MissingDependency>
        <Required type="1" schemaName="govcdm_icmlead" displayName="ICM Lead" solution="govcdm_investigations (1.0.0.0)" />
        <Dependent type="62" schemaName="msfed_InvestigativeCaseManagement" />
      </MissingDependency>
      <MissingDependency>
        <Required type="1" schemaName="govcdm_icmlead" displayName="ICM Lead" solution="govcdm_investigations (1.0.0.0)" />
        <Dependent type="80" schemaName="msfed_InvestigativeCaseManagement" displayName="Investigative Case Management" />
      </MissingDependency>
      <MissingDependency>
        <Required type="1" schemaName="govcdm_icmreferral" displayName="ICM Referral" solution="govcdm_investigations (1.0.0.0)" />
        <Dependent type="1" schemaName="govcdm_icmreferral" displayName="ICM Referral" />
      </MissingDependency>
      <MissingDependency>
        <Required type="1" schemaName="govcdm_icmreferral" displayName="ICM Referral" solution="govcdm_investigations (1.0.0.0)" />
        <Dependent type="60" displayName="Main" parentDisplayName="ICM Case" id="{63f47a54-7cf7-ee11-a1fd-6045bddc9197}" />
      </MissingDependency>
      <MissingDependency>
        <Required type="1" schemaName="govcdm_icmreferral" displayName="ICM Referral" solution="govcdm_investigations (1.0.0.0)" />
        <Dependent type="60" displayName="Main" parentDisplayName="ICM Referral" id="{ae3d9f64-7df7-ee11-a1fd-6045bddc9197}" />
      </MissingDependency>
      <MissingDependency>
        <Required type="1" schemaName="govcdm_icmreferral" displayName="ICM Referral" solution="govcdm_investigations (1.0.0.0)" />
        <Dependent type="62" schemaName="msfed_InvestigativeCaseManagement" />
      </MissingDependency>
      <MissingDependency>
        <Required type="1" schemaName="govcdm_icmreferral" displayName="ICM Referral" solution="govcdm_investigations (1.0.0.0)" />
        <Dependent type="80" schemaName="msfed_InvestigativeCaseManagement" displayName="Investigative Case Management" />
      </MissingDependency>
      <MissingDependency>
        <Required type="1" schemaName="govcdm_icmviolation" displayName="ICM Violation" solution="govcdm_investigations (1.0.0.0)" />
        <Dependent type="1" schemaName="govcdm_icmviolation" displayName="ICM Violation" />
      </MissingDependency>
      <MissingDependency>
        <Required type="1" schemaName="govcdm_icmviolation" displayName="ICM Violation" solution="govcdm_investigations (1.0.0.0)" />
        <Dependent type="60" displayName="Main" parentDisplayName="ICM Violation" id="{27cb777b-7df7-ee11-a1fd-6045bddc9197}" />
      </MissingDependency>
      <MissingDependency>
        <Required type="10" schemaName="govcdm_icmcasecontact_ICMCase_govcdm_icmcase" displayName="govcdm_icmcasecontact_ICMCase_govcdm_icmcase" parentSchemaName="govcdm_icmcase" parentDisplayName="ICM Case" solution="govcdm_investigations (1.0.0.0)" />
        <Dependent type="60" displayName="Main" parentDisplayName="ICM Case Contact" id="{548b677d-7cf7-ee11-a1fd-6045bddc9197}" />
      </MissingDependency>
      <MissingDependency>
        <Required type="10" schemaName="govcdm_icmcasecontact_ICMCase_govcdm_icmcase" displayName="govcdm_icmcasecontact_ICMCase_govcdm_icmcase" parentSchemaName="govcdm_icmcase" parentDisplayName="ICM Case" solution="govcdm_investigations (1.0.0.0)" />
        <Dependent type="60" displayName="Main" parentDisplayName="ICM Case" id="{63f47a54-7cf7-ee11-a1fd-6045bddc9197}" />
      </MissingDependency>
      <MissingDependency>
        <Required type="10" schemaName="govcdm_icmcasecontact_Person_contact" displayName="govcdm_icmcasecontact_Person_contact" parentSchemaName="contact" parentDisplayName="Person" solution="govcdm_investigations (1.0.0.0)" />
        <Dependent type="60" displayName="Main" parentDisplayName="ICM Case Contact" id="{548b677d-7cf7-ee11-a1fd-6045bddc9197}" />
      </MissingDependency>
      <MissingDependency>
        <Required type="10" schemaName="govcdm_icmcasecontact_Person_contact" displayName="govcdm_icmcasecontact_Person_contact" parentSchemaName="contact" parentDisplayName="Person" solution="govcdm_investigations (1.0.0.0)" />
        <Dependent type="60" displayName="Quick Create" parentDisplayName="ICM Case Contact" id="{727aa925-80f7-ee11-a1fd-6045bddc9197}" />
      </MissingDependency>
      <MissingDependency>
        <Required type="10" schemaName="govcdm_icmcasecontactviolation_ICMCaseContact_go" displayName="govcdm_icmcasecontactviolation_ICMCaseContact_go" parentSchemaName="govcdm_icmcasecontact" parentDisplayName="ICM Case Contact" solution="govcdm_investigations (1.0.0.0)" />
        <Dependent type="60" displayName="Main" parentDisplayName="ICM Case Contact Violation" id="{09dc41d0-7cf7-ee11-a1fd-6045bddc9197}" />
      </MissingDependency>
      <MissingDependency>
        <Required type="10" schemaName="govcdm_icmcasecontactviolation_ICMCaseContact_go" displayName="govcdm_icmcasecontactviolation_ICMCaseContact_go" parentSchemaName="govcdm_icmcasecontact" parentDisplayName="ICM Case Contact" solution="govcdm_investigations (1.0.0.0)" />
        <Dependent type="60" displayName="Main" parentDisplayName="ICM Case Contact" id="{548b677d-7cf7-ee11-a1fd-6045bddc9197}" />
      </MissingDependency>
      <MissingDependency>
        <Required type="10" schemaName="govcdm_icmcasecontactviolation_ICMCaseViolation_" displayName="govcdm_icmcasecontactviolation_ICMCaseViolation_" parentSchemaName="govcdm_icmcaseviolation" parentDisplayName="ICM Case Violation" solution="govcdm_investigations (1.0.0.0)" />
        <Dependent type="60" displayName="Main" parentDisplayName="ICM Case Contact Violation" id="{09dc41d0-7cf7-ee11-a1fd-6045bddc9197}" />
      </MissingDependency>
      <MissingDependency>
        <Required type="10" schemaName="govcdm_icmcaseevidence_ICMCase_govcdm_icmcase" displayName="govcdm_icmcaseevidence_ICMCase_govcdm_icmcase" parentSchemaName="govcdm_icmcase" parentDisplayName="ICM Case" solution="govcdm_investigations (1.0.0.0)" />
        <Dependent type="60" displayName="Main" parentDisplayName="ICM Case Evidence" id="{a55660f1-7cf7-ee11-a1fd-6045bddc9197}" />
      </MissingDependency>
      <MissingDependency>
        <Required type="10" schemaName="govcdm_icmcaseevidence_ICMEvidence_govcdm_icmevi" displayName="govcdm_icmcaseevidence_ICMEvidence_govcdm_icmevi" parentSchemaName="govcdm_icmevidence" parentDisplayName="ICM Evidence" solution="govcdm_investigations (1.0.0.0)" />
        <Dependent type="60" displayName="Main" parentDisplayName="ICM Case Evidence" id="{a55660f1-7cf7-ee11-a1fd-6045bddc9197}" />
      </MissingDependency>
      <MissingDependency>
        <Required type="10" schemaName="govcdm_icmcaseviolation_ICMCase_govcdm_icmcase" displayName="govcdm_icmcaseviolation_ICMCase_govcdm_icmcase" parentSchemaName="govcdm_icmcase" parentDisplayName="ICM Case" solution="govcdm_investigations (1.0.0.0)" />
        <Dependent type="60" displayName="Main" parentDisplayName="ICM Case" id="{63f47a54-7cf7-ee11-a1fd-6045bddc9197}" />
      </MissingDependency>
      <MissingDependency>
        <Required type="10" schemaName="govcdm_icmcaseviolation_ICMCase_govcdm_icmcase" displayName="govcdm_icmcaseviolation_ICMCase_govcdm_icmcase" parentSchemaName="govcdm_icmcase" parentDisplayName="ICM Case" solution="govcdm_investigations (1.0.0.0)" />
        <Dependent type="60" displayName="Main" parentDisplayName="ICM Case Violation" id="{b719db0c-7df7-ee11-a1fd-6045bddc9197}" />
      </MissingDependency>
      <MissingDependency>
        <Required type="10" schemaName="govcdm_icmcaseviolation_ICMViolation_govcdm_icmv" displayName="govcdm_icmcaseviolation_ICMViolation_govcdm_icmv" parentSchemaName="govcdm_icmviolation" parentDisplayName="ICM Violation" solution="govcdm_investigations (1.0.0.0)" />
        <Dependent type="60" displayName="Main" parentDisplayName="ICM Case Violation" id="{b719db0c-7df7-ee11-a1fd-6045bddc9197}" />
      </MissingDependency>
      <MissingDependency>
        <Required type="10" schemaName="govcdm_icmreferral_ICMCase_govcdm_icmcase" displayName="govcdm_icmreferral_ICMCase_govcdm_icmcase" parentSchemaName="govcdm_icmcase" parentDisplayName="ICM Case" solution="govcdm_investigations (1.0.0.0)" />
        <Dependent type="60" displayName="Main" parentDisplayName="ICM Case" id="{63f47a54-7cf7-ee11-a1fd-6045bddc9197}" />
      </MissingDependency>
      <MissingDependency>
        <Required type="10" schemaName="govcdm_icmreferral_ICMCase_govcdm_icmcase" displayName="govcdm_icmreferral_ICMCase_govcdm_icmcase" parentSchemaName="govcdm_icmcase" parentDisplayName="ICM Case" solution="govcdm_investigations (1.0.0.0)" />
        <Dependent type="60" displayName="Main" parentDisplayName="ICM Referral" id="{ae3d9f64-7df7-ee11-a1fd-6045bddc9197}" />
      </MissingDependency>
      <MissingDependency>
        <Required type="2" schemaName="govcdm_description" displayName="Description" parentSchemaName="govcdm_icmcase" parentDisplayName="ICM Case" solution="govcdm_investigations (1.0.0.0)" />
        <Dependent type="60" displayName="Main" parentDisplayName="ICM Case" id="{63f47a54-7cf7-ee11-a1fd-6045bddc9197}" />
      </MissingDependency>
      <MissingDependency>
        <Required type="2" schemaName="govcdm_icmcase" displayName="ICM Case" parentSchemaName="govcdm_icmcasecontact" parentDisplayName="ICM Case Contact" solution="govcdm_investigations (1.0.0.0)" />
        <Dependent type="60" displayName="Main" parentDisplayName="ICM Case Contact" id="{548b677d-7cf7-ee11-a1fd-6045bddc9197}" />
      </MissingDependency>
      <MissingDependency>
        <Required type="2" schemaName="govcdm_icmcase" displayName="ICM Case" parentSchemaName="govcdm_icmcaseevidence" parentDisplayName="ICM Case Evidence" solution="govcdm_investigations (1.0.0.0)" />
        <Dependent type="60" displayName="Main" parentDisplayName="ICM Case Evidence" id="{a55660f1-7cf7-ee11-a1fd-6045bddc9197}" />
      </MissingDependency>
      <MissingDependency>
        <Required type="2" schemaName="govcdm_icmcase" displayName="ICM Case" parentSchemaName="govcdm_icmcaseviolation" parentDisplayName="ICM Case Violation" solution="govcdm_investigations (1.0.0.0)" />
        <Dependent type="60" displayName="Main" parentDisplayName="ICM Case Violation" id="{b719db0c-7df7-ee11-a1fd-6045bddc9197}" />
      </MissingDependency>
      <MissingDependency>
        <Required type="2" schemaName="govcdm_icmcase" displayName="ICM Case" parentSchemaName="govcdm_icmreferral" parentDisplayName="ICM Referral" solution="govcdm_investigations (1.0.0.0)" />
        <Dependent type="60" displayName="Main" parentDisplayName="ICM Referral" id="{ae3d9f64-7df7-ee11-a1fd-6045bddc9197}" />
      </MissingDependency>
      <MissingDependency>
        <Required type="2" schemaName="govcdm_icmcasecontact" displayName="ICM Case Contact" parentSchemaName="govcdm_icmcasecontactviolation" parentDisplayName="ICM Case Contact Violation" solution="govcdm_investigations (1.0.0.0)" />
        <Dependent type="60" displayName="Main" parentDisplayName="ICM Case Contact Violation" id="{09dc41d0-7cf7-ee11-a1fd-6045bddc9197}" />
      </MissingDependency>
      <MissingDependency>
        <Required type="2" schemaName="govcdm_icmcasecontacttype" displayName="ICM Case Contact Type" parentSchemaName="govcdm_icmcasecontact" parentDisplayName="ICM Case Contact" solution="govcdm_investigations (1.0.0.0)" />
        <Dependent type="60" displayName="Main" parentDisplayName="ICM Case Contact" id="{548b677d-7cf7-ee11-a1fd-6045bddc9197}" />
      </MissingDependency>
      <MissingDependency>
        <Required type="2" schemaName="govcdm_icmcasecontacttype" displayName="ICM Case Contact Type" parentSchemaName="govcdm_icmcasecontact" parentDisplayName="ICM Case Contact" solution="govcdm_investigations (1.0.0.0)" />
        <Dependent type="60" displayName="Quick Create" parentDisplayName="ICM Case Contact" id="{727aa925-80f7-ee11-a1fd-6045bddc9197}" />
      </MissingDependency>
      <MissingDependency>
        <Required type="2" schemaName="govcdm_icmcaseviolation" displayName="ICM Case Violation" parentSchemaName="govcdm_icmcasecontactviolation" parentDisplayName="ICM Case Contact Violation" solution="govcdm_investigations (1.0.0.0)" />
        <Dependent type="60" displayName="Main" parentDisplayName="ICM Case Contact Violation" id="{09dc41d0-7cf7-ee11-a1fd-6045bddc9197}" />
      </MissingDependency>
      <MissingDependency>
        <Required type="2" schemaName="govcdm_icmevidence" displayName="ICM Evidence" parentSchemaName="govcdm_icmcaseevidence" parentDisplayName="ICM Case Evidence" solution="govcdm_investigations (1.0.0.0)" />
        <Dependent type="60" displayName="Main" parentDisplayName="ICM Case Evidence" id="{a55660f1-7cf7-ee11-a1fd-6045bddc9197}" />
      </MissingDependency>
      <MissingDependency>
        <Required type="2" schemaName="govcdm_icmreferraltype" displayName="ICM Referral Type" parentSchemaName="govcdm_icmreferral" parentDisplayName="ICM Referral" solution="govcdm_investigations (1.0.0.0)" />
        <Dependent type="60" displayName="Main" parentDisplayName="ICM Referral" id="{ae3d9f64-7df7-ee11-a1fd-6045bddc9197}" />
      </MissingDependency>
      <MissingDependency>
        <Required type="2" schemaName="govcdm_icmviolation" displayName="ICM Violation" parentSchemaName="govcdm_icmcaseviolation" parentDisplayName="ICM Case Violation" solution="govcdm_investigations (1.0.0.0)" />
        <Dependent type="60" displayName="Main" parentDisplayName="ICM Case Violation" id="{b719db0c-7df7-ee11-a1fd-6045bddc9197}" />
      </MissingDependency>
      <MissingDependency>
        <Required type="2" schemaName="govcdm_methodofreceipt" displayName="Method of Receipt" parentSchemaName="govcdm_icmlead" parentDisplayName="ICM Lead" solution="govcdm_investigations (1.0.0.0)" />
        <Dependent type="60" displayName="Main" parentDisplayName="ICM Lead" id="{4b517d47-7df7-ee11-a1fd-6045bddc9197}" />
      </MissingDependency>
      <MissingDependency>
        <Required type="2" schemaName="govcdm_name" displayName="Name" parentSchemaName="govcdm_icmcase" parentDisplayName="ICM Case" solution="govcdm_investigations (1.0.0.0)" />
        <Dependent type="60" displayName="Main" parentDisplayName="ICM Case" id="{63f47a54-7cf7-ee11-a1fd-6045bddc9197}" />
      </MissingDependency>
      <MissingDependency>
        <Required type="2" schemaName="govcdm_name" displayName="Name" parentSchemaName="govcdm_icmcasecontact" parentDisplayName="ICM Case Contact" solution="govcdm_investigations (1.0.0.0)" />
        <Dependent type="60" displayName="Main" parentDisplayName="ICM Case Contact" id="{548b677d-7cf7-ee11-a1fd-6045bddc9197}" />
      </MissingDependency>
      <MissingDependency>
        <Required type="2" schemaName="govcdm_name" displayName="Name" parentSchemaName="govcdm_icmcasecontactviolation" parentDisplayName="ICM Case Contact Violation" solution="govcdm_investigations (1.0.0.0)" />
        <Dependent type="60" displayName="Main" parentDisplayName="ICM Case Contact Violation" id="{09dc41d0-7cf7-ee11-a1fd-6045bddc9197}" />
      </MissingDependency>
      <MissingDependency>
        <Required type="2" schemaName="govcdm_name" displayName="Name" parentSchemaName="govcdm_icmcaseevidence" parentDisplayName="ICM Case Evidence" solution="govcdm_investigations (1.0.0.0)" />
        <Dependent type="60" displayName="Main" parentDisplayName="ICM Case Evidence" id="{a55660f1-7cf7-ee11-a1fd-6045bddc9197}" />
      </MissingDependency>
      <MissingDependency>
        <Required type="2" schemaName="govcdm_name" displayName="Name" parentSchemaName="govcdm_icmcaseviolation" parentDisplayName="ICM Case Violation" solution="govcdm_investigations (1.0.0.0)" />
        <Dependent type="60" displayName="Main" parentDisplayName="ICM Case Violation" id="{b719db0c-7df7-ee11-a1fd-6045bddc9197}" />
      </MissingDependency>
      <MissingDependency>
        <Required type="2" schemaName="govcdm_name" displayName="Name" parentSchemaName="govcdm_icmevidence" parentDisplayName="ICM Evidence" solution="govcdm_investigations (1.0.0.0)" />
        <Dependent type="60" displayName="Main" parentDisplayName="ICM Evidence" id="{b3f54626-7df7-ee11-a1fd-6045bddc9197}" />
      </MissingDependency>
      <MissingDependency>
        <Required type="2" schemaName="govcdm_name" displayName="Name" parentSchemaName="govcdm_icmlead" parentDisplayName="ICM Lead" solution="govcdm_investigations (1.0.0.0)" />
        <Dependent type="60" displayName="Main" parentDisplayName="ICM Lead" id="{4b517d47-7df7-ee11-a1fd-6045bddc9197}" />
      </MissingDependency>
      <MissingDependency>
        <Required type="2" schemaName="govcdm_name" displayName="Name" parentSchemaName="govcdm_icmreferral" parentDisplayName="ICM Referral" solution="govcdm_investigations (1.0.0.0)" />
        <Dependent type="60" displayName="Main" parentDisplayName="ICM Referral" id="{ae3d9f64-7df7-ee11-a1fd-6045bddc9197}" />
      </MissingDependency>
      <MissingDependency>
        <Required type="2" schemaName="govcdm_name" displayName="Name" parentSchemaName="govcdm_icmviolation" parentDisplayName="ICM Violation" solution="govcdm_investigations (1.0.0.0)" />
        <Dependent type="60" displayName="Main" parentDisplayName="ICM Violation" id="{27cb777b-7df7-ee11-a1fd-6045bddc9197}" />
      </MissingDependency>
      <MissingDependency>
        <Required type="2" schemaName="govcdm_person" displayName="Person" parentSchemaName="govcdm_icmcasecontact" parentDisplayName="ICM Case Contact" solution="govcdm_investigations (1.0.0.0)" />
        <Dependent type="60" displayName="Main" parentDisplayName="ICM Case Contact" id="{548b677d-7cf7-ee11-a1fd-6045bddc9197}" />
      </MissingDependency>
      <MissingDependency>
        <Required type="2" schemaName="govcdm_person" displayName="Person" parentSchemaName="govcdm_icmcasecontact" parentDisplayName="ICM Case Contact" solution="govcdm_investigations (1.0.0.0)" />
        <Dependent type="60" displayName="Quick Create" parentDisplayName="ICM Case Contact" id="{727aa925-80f7-ee11-a1fd-6045bddc9197}" />
      </MissingDependency>
      <MissingDependency>
        <Required type="2" schemaName="ownerid" displayName="Owner" parentSchemaName="govcdm_icmcase" parentDisplayName="ICM Case" solution="Active" />
        <Dependent type="60" displayName="Main" parentDisplayName="ICM Case" id="{63f47a54-7cf7-ee11-a1fd-6045bddc9197}" />
      </MissingDependency>
      <MissingDependency>
        <Required type="2" schemaName="ownerid" displayName="Owner" parentSchemaName="govcdm_icmcasecontact" parentDisplayName="ICM Case Contact" solution="Active" />
        <Dependent type="60" displayName="Main" parentDisplayName="ICM Case Contact" id="{548b677d-7cf7-ee11-a1fd-6045bddc9197}" />
      </MissingDependency>
      <MissingDependency>
        <Required type="2" schemaName="ownerid" displayName="Owner" parentSchemaName="govcdm_icmcasecontactviolation" parentDisplayName="ICM Case Contact Violation" solution="Active" />
        <Dependent type="60" displayName="Main" parentDisplayName="ICM Case Contact Violation" id="{09dc41d0-7cf7-ee11-a1fd-6045bddc9197}" />
      </MissingDependency>
      <MissingDependency>
        <Required type="2" schemaName="ownerid" displayName="Owner" parentSchemaName="govcdm_icmcaseevidence" parentDisplayName="ICM Case Evidence" solution="Active" />
        <Dependent type="60" displayName="Main" parentDisplayName="ICM Case Evidence" id="{a55660f1-7cf7-ee11-a1fd-6045bddc9197}" />
      </MissingDependency>
      <MissingDependency>
        <Required type="2" schemaName="ownerid" displayName="Owner" parentSchemaName="govcdm_icmcaseviolation" parentDisplayName="ICM Case Violation" solution="Active" />
        <Dependent type="60" displayName="Main" parentDisplayName="ICM Case Violation" id="{b719db0c-7df7-ee11-a1fd-6045bddc9197}" />
      </MissingDependency>
      <MissingDependency>
        <Required type="2" schemaName="ownerid" displayName="Owner" parentSchemaName="govcdm_icmevidence" parentDisplayName="ICM Evidence" solution="Active" />
        <Dependent type="60" displayName="Main" parentDisplayName="ICM Evidence" id="{b3f54626-7df7-ee11-a1fd-6045bddc9197}" />
      </MissingDependency>
      <MissingDependency>
        <Required type="2" schemaName="ownerid" displayName="Owner" parentSchemaName="govcdm_icmlead" parentDisplayName="ICM Lead" solution="Active" />
        <Dependent type="60" displayName="Main" parentDisplayName="ICM Lead" id="{4b517d47-7df7-ee11-a1fd-6045bddc9197}" />
      </MissingDependency>
      <MissingDependency>
        <Required type="2" schemaName="ownerid" displayName="Owner" parentSchemaName="govcdm_icmreferral" parentDisplayName="ICM Referral" solution="Active" />
        <Dependent type="60" displayName="Main" parentDisplayName="ICM Referral" id="{ae3d9f64-7df7-ee11-a1fd-6045bddc9197}" />
      </MissingDependency>
      <MissingDependency>
        <Required type="2" schemaName="ownerid" displayName="Owner" parentSchemaName="govcdm_icmviolation" parentDisplayName="ICM Violation" solution="Active" />
        <Dependent type="60" displayName="Main" parentDisplayName="ICM Violation" id="{27cb777b-7df7-ee11-a1fd-6045bddc9197}" />
      </MissingDependency>
      <MissingDependency>
        <Required type="26" schemaName="Active ICM Case Contact Violations" displayName="Active ICM Case Contact Violations" parentSchemaName="govcdm_icmcasecontactviolation" parentDisplayName="ICM Case Contact Violation" solution="govcdm_investigations (1.0.0.0)" id="{83256534-3c05-4112-80b9-0b8bdac6f68f}" />
        <Dependent type="60" displayName="Main" parentDisplayName="ICM Case Contact" id="{548b677d-7cf7-ee11-a1fd-6045bddc9197}" />
      </MissingDependency>
      <MissingDependency>
        <Required type="26" schemaName="Active ICM Case Contacts" displayName="Active ICM Case Contacts" parentSchemaName="govcdm_icmcasecontact" parentDisplayName="ICM Case Contact" solution="govcdm_investigations (1.0.0.0)" id="{b37ab77a-cbf7-4d82-8e2e-2277a7eb9c16}" />
        <Dependent type="60" displayName="Main" parentDisplayName="ICM Case" id="{63f47a54-7cf7-ee11-a1fd-6045bddc9197}" />
      </MissingDependency>
      <MissingDependency>
        <Required type="26" schemaName="Active ICM Case Violations" displayName="Active ICM Case Violations" parentSchemaName="govcdm_icmcaseviolation" parentDisplayName="ICM Case Violation" solution="govcdm_investigations (1.0.0.0)" id="{26b0cd70-a6aa-4821-9248-6a58b0e34fc5}" />
        <Dependent type="60" displayName="Main" parentDisplayName="ICM Case" id="{63f47a54-7cf7-ee11-a1fd-6045bddc9197}" />
      </MissingDependency>
      <MissingDependency>
        <Required type="26" schemaName="Active ICM Referrals" displayName="Active ICM Referrals" parentSchemaName="govcdm_icmreferral" parentDisplayName="ICM Referral" solution="govcdm_investigations (1.0.0.0)" id="{1d65e507-e612-477d-887b-2a6b0ef1cc2b}" />
        <Dependent type="60" displayName="Main" parentDisplayName="ICM Case" id="{63f47a54-7cf7-ee11-a1fd-6045bddc9197}" />
      </MissingDependency>
      <MissingDependency>
        <Required type="61" schemaName="msdyn_/Images/AppModule_Default_Icon.png" displayName="msdyn_/Images/AppModule_Default_Icon.png" solution="AppModuleWebResources (2.5)" />
        <Dependent type="80" schemaName="msfed_InvestigativeCaseManagement" displayName="Investigative Case Management" />
      </MissingDependency>
      <MissingDependency>
        <Required type="SettingDefinition" displayName="AppChannel" solution="msdyn_AppFrameworkInfraExtensions (1.0.0.7)" id.uniquename="AppChannel" />
        <Dependent type="AppSetting" displayName="parentappmoduleid.uniquename=msfed_InvestigativeCaseManagement,settingdefinitionid.uniquename=AppChannel" id.parentappmoduleid.uniquename="msfed_InvestigativeCaseManagement" id.settingdefinitionid.uniquename="AppChannel" />
      </MissingDependency>
    </MissingDependencies>
  </SolutionManifest>
</ImportExportXml>