<environmentvariabledefinition schemaname="msgov_AssistantURL">
  <defaultvalue>https://gcc.powerva.microsoft.us/environments/ENV/bots/cr459_icmAgent/webchat?__version__=2</defaultvalue>
  <displayname default="Assistant URL">
    <label description="Assistant URL" languagecode="1033" />
  </displayname>
  <introducedversion>1.0.0.6</introducedversion>
  <iscustomizable>1</iscustomizable>
  <isrequired>0</isrequired>
  <secretstore>0</secretstore>
  <type>100000000</type>
</environmentvariabledefinition>