﻿<?xml version="1.0" encoding="utf-8"?>
<ImportExportXml xmlns:xsi="http://www.w3.org/2001/XMLSchema-instance" OrganizationVersion="9.2.25104.170" OrganizationSchemaType="Standard" CRMServerServiceabilityVersion="9.2.25111.00174">
  <Entities>
    <Entity>
      <Name LocalizedName="Game" OriginalName="Game">govcdm_Game</Name>
      <FormXml>
        <forms type="main">
          <systemform>
            <formid>{a4ade605-3a97-4ec6-8615-72c144b93795}</formid>
            <IntroducedVersion>1.0</IntroducedVersion>
            <FormPresentation>1</FormPresentation>
            <FormActivationState>1</FormActivationState>
            <form headerdensity="HighWithControls" solutionaction="Modified">
              <tabs>
                <tab verticallayout="true" id="{cd790dde-5e80-4db2-9379-61745d95de76}" IsUserDefined="1" ordinalvalue="0">
                  <columns>
                    <column width="100%" id="0">
                      <sections>
                        <section showlabel="false" showbar="false" IsUserDefined="0" id="{2d6c2ea6-1024-469e-8d65-4cc78f8fc0b8}" ordinalvalue="0">
                          <rows>
                            <row>
                              <cell id="{42ba814e-6334-4b16-86b2-a110a20c1c86}" ordinalvalue="10002" solutionaction="Modified" />
                            </row>
                            <row>
                              <cell id="{19c41f4f-5deb-4ec0-abf3-8b14c9e68861}" locklevel="0" colspan="1" rowspan="1" ordinalvalue="10001" solutionaction="Added">
                                <labels>
                                  <label description="" languagecode="1033" />
                                </labels>
                                <control id="govcdm_description" classid="{E0DECE4B-6FC8-4A8F-A065-082708572369}" datafieldname="govcdm_description" disabled="false" />
                              </cell>
                            </row>
                          </rows>
                        </section>
                      </sections>
                    </column>
                  </columns>
                </tab>
              </tabs>
              <header id="{54536926-c83a-4a3a-a169-0f763e015880}" celllabelposition="Top" columns="111" labelwidth="115" celllabelalignment="Left" solutionaction="Added">
                <rows>
                  <row>
                    <cell id="{76851756-642d-4248-80bc-18388c7485a8}" showlabel="false" ordinalvalue="10000">
                      <labels>
                        <label description="" languagecode="1033" />
                      </labels>
                    </cell>
                    <cell id="{00034e13-8cc3-40c0-b22f-2e69f366f1be}" showlabel="false" ordinalvalue="20001">
                      <labels>
                        <label description="" languagecode="1033" />
                      </labels>
                    </cell>
                    <cell id="{dc89dae6-6ba0-4c0a-af96-d18e6a577865}" showlabel="false" ordinalvalue="30002">
                      <labels>
                        <label description="" languagecode="1033" />
                      </labels>
                    </cell>
                  </row>
                </rows>
              </header>
              <footer id="{b3c0a7cd-c609-4211-87ff-9bd2b8daa41b}" celllabelposition="Top" columns="111" labelwidth="115" celllabelalignment="Left" solutionaction="Added">
                <rows>
                  <row>
                    <cell id="{f4914c0c-b11c-473f-ae79-dacdfe196068}" showlabel="false" ordinalvalue="10000">
                      <labels>
                        <label description="" languagecode="1033" />
                      </labels>
                    </cell>
                    <cell id="{efdeca30-e173-4c86-a388-4c90579e21b8}" showlabel="false" ordinalvalue="20001">
                      <labels>
                        <label description="" languagecode="1033" />
                      </labels>
                    </cell>
                    <cell id="{64cf79a8-c1ff-42a7-94ec-b559b3069de8}" showlabel="false" ordinalvalue="30002">
                      <labels>
                        <label description="" languagecode="1033" />
                      </labels>
                    </cell>
                  </row>
                </rows>
              </footer>
              <DisplayConditions Order="0" FallbackForm="true" solutionaction="Added">
                <Everyone />
              </DisplayConditions>
            </form>
            <LocalizedNames>
              <LocalizedName description="Information" languagecode="1033" />
            </LocalizedNames>
            <Descriptions>
              <Description description="A form for this entity." languagecode="1033" />
            </Descriptions>
          </systemform>
        </forms>
      </FormXml>
      <RibbonDiffXml>
        <CustomActions />
        <Templates>
          <RibbonTemplates Id="Mscrm.Templates"></RibbonTemplates>
        </Templates>
        <CommandDefinitions />
        <RuleDefinitions>
          <TabDisplayRules />
          <DisplayRules />
          <EnableRules />
        </RuleDefinitions>
        <LocLabels />
      </RibbonDiffXml>
    </Entity>
    <Entity>
      <Name LocalizedName="Game Achievement" OriginalName="Game Achievement">govcdm_GameAchievement</Name>
      <FormXml>
        <forms type="main">
          <systemform>
            <formid>{dab01759-ccf1-ee11-904b-000d3a8cbc95}</formid>
            <IntroducedVersion>1.0</IntroducedVersion>
            <FormPresentation>1</FormPresentation>
            <FormActivationState>1</FormActivationState>
            <form headerdensity="HighWithControls">
              <tabs>
                <tab verticallayout="true" id="{d3d53eb5-6c0e-426a-8ccd-4de63b937d95}" IsUserDefined="1" labelid="{6d94137d-31f0-489b-80c6-3ac28f889792}">
                  <labels>
                    <label description="General" languagecode="1033" />
                  </labels>
                  <columns>
                    <column width="100%">
                      <sections>
                        <section showlabel="false" showbar="false" IsUserDefined="0" id="{0abd71dd-0844-4408-8fd8-dc87b3f947dc}" labelid="{6d151df6-25ea-450a-8da6-dade6f49182d}">
                          <labels>
                            <label description="General" languagecode="1033" />
                          </labels>
                          <rows>
                            <row>
                              <cell id="{d952e02b-462e-44f2-ba3a-e214c9c729cd}" labelid="{f7bbff58-41ab-4461-a90c-fd4a0a9b2014}">
                                <labels>
                                  <label description="Name" languagecode="1033" />
                                </labels>
                                <control id="govcdm_name" classid="{4273EDBD-AC1D-40d3-9FB2-095C621B552D}" datafieldname="govcdm_name" />
                              </cell>
                            </row>
                            <row>
                              <cell id="{fdc41f01-b7eb-4a7c-b470-a6526dae4d59}" labelid="{ce500d01-ccca-4556-8f56-1134410da326}">
                                <labels>
                                  <label description="Owner" languagecode="1033" />
                                </labels>
                                <control id="ownerid" classid="{270BD3DB-D9AF-4782-9025-509E298DEC0A}" datafieldname="ownerid" />
                              </cell>
                            </row>
                          </rows>
                        </section>
                      </sections>
                    </column>
                  </columns>
                </tab>
              </tabs>
              <header id="{d457b2d4-c127-43f4-a554-902e94c51091}" celllabelposition="Top" columns="111" labelwidth="115" celllabelalignment="Left">
                <rows>
                  <row>
                    <cell id="{08aff37c-76b3-4842-97c2-aaab8c00fa7e}" showlabel="false" labelid="{842acba3-2215-45df-834b-04f23d02967e}">
                      <labels>
                        <label description="" languagecode="1033" />
                      </labels>
                    </cell>
                    <cell id="{25fd8353-5df9-408b-baa3-9033e12478b2}" showlabel="false" labelid="{f2facf6a-e46d-48fe-a5c3-55359f9c3802}">
                      <labels>
                        <label description="" languagecode="1033" />
                      </labels>
                    </cell>
                    <cell id="{0a402228-f8be-4b7e-bc59-9cc1b1c88245}" showlabel="false" labelid="{f6bc1295-08d6-46c2-b417-a7ebad512087}">
                      <labels>
                        <label description="" languagecode="1033" />
                      </labels>
                    </cell>
                  </row>
                </rows>
              </header>
              <footer id="{751c7296-1a6f-4c60-94e3-54b20ed029f6}" celllabelposition="Top" columns="111" labelwidth="115" celllabelalignment="Left">
                <rows>
                  <row>
                    <cell id="{1d3ab10a-8a6e-45eb-b62b-6192179021b0}" showlabel="false" labelid="{588db62e-d442-4663-be12-fa0b9bc993c0}">
                      <labels>
                        <label description="" languagecode="1033" />
                      </labels>
                    </cell>
                    <cell id="{587b7751-e6a0-4894-a19a-d4a71186c188}" showlabel="false" labelid="{56dcef2e-a455-4ab9-b18b-c868138c2fb3}">
                      <labels>
                        <label description="" languagecode="1033" />
                      </labels>
                    </cell>
                    <cell id="{4c27ed67-55ba-42f8-94ef-0cd7c65d767d}" showlabel="false" labelid="{dc562ae5-c9ae-49f4-9b0b-b539512177f0}">
                      <labels>
                        <label description="" languagecode="1033" />
                      </labels>
                    </cell>
                  </row>
                </rows>
              </footer>
              <DisplayConditions Order="1" FallbackForm="true">
                <Role Id="{627090ff-40a3-4053-8790-584edc5be201}" />
                <Role Id="{119f245c-3cc8-4b62-b31c-d1a046ced15d}" />
              </DisplayConditions>
            </form>
            <IsCustomizable>1</IsCustomizable>
            <CanBeDeleted>1</CanBeDeleted>
            <LocalizedNames>
              <LocalizedName description="Main" languagecode="1033" />
            </LocalizedNames>
            <Descriptions>
              <Description description="A form for this entity." languagecode="1033" />
            </Descriptions>
          </systemform>
        </forms>
      </FormXml>
      <RibbonDiffXml>
        <CustomActions />
        <Templates>
          <RibbonTemplates Id="Mscrm.Templates"></RibbonTemplates>
        </Templates>
        <CommandDefinitions />
        <RuleDefinitions>
          <TabDisplayRules />
          <DisplayRules />
          <EnableRules />
        </RuleDefinitions>
        <LocLabels />
      </RibbonDiffXml>
    </Entity>
    <Entity>
      <Name LocalizedName="Game Activity" OriginalName="Game Activity">govcdm_GameActivity</Name>
      <FormXml>
        <forms type="main">
          <systemform>
            <formid>{33f71472-ccf1-ee11-904b-000d3a8cbc95}</formid>
            <IntroducedVersion>1.0</IntroducedVersion>
            <FormPresentation>1</FormPresentation>
            <FormActivationState>1</FormActivationState>
            <form headerdensity="HighWithControls">
              <tabs>
                <tab verticallayout="true" id="{b58743ae-352b-4b44-b5b6-3b6f9f41e84d}" IsUserDefined="1" labelid="{1f9956c8-a79b-48a2-86fb-cadba7116215}">
                  <labels>
                    <label description="General" languagecode="1033" />
                  </labels>
                  <columns>
                    <column width="100%">
                      <sections>
                        <section showlabel="false" showbar="false" IsUserDefined="0" id="{69161dcd-4041-42db-8ff3-5a0d12b8d086}" labelid="{52b0fcd6-aa77-4848-96a3-ca017117fa23}">
                          <labels>
                            <label description="General" languagecode="1033" />
                          </labels>
                          <rows>
                            <row>
                              <cell id="{153ebe29-8b7e-4692-a9f8-5dbcdcbf4687}" labelid="{5e9809d1-1abc-4519-b59d-5a48799295f8}">
                                <labels>
                                  <label description="Name" languagecode="1033" />
                                </labels>
                                <control id="govcdm_name" classid="{4273EDBD-AC1D-40d3-9FB2-095C621B552D}" datafieldname="govcdm_name" />
                              </cell>
                            </row>
                            <row>
                              <cell id="{70b72749-6bac-47aa-a9a6-78b065af2c1f}" labelid="{8657b51a-2f39-4aca-86c8-09117d76c4ee}">
                                <labels>
                                  <label description="Owner" languagecode="1033" />
                                </labels>
                                <control id="ownerid" classid="{270BD3DB-D9AF-4782-9025-509E298DEC0A}" datafieldname="ownerid" />
                              </cell>
                            </row>
                          </rows>
                        </section>
                      </sections>
                    </column>
                  </columns>
                </tab>
              </tabs>
              <header id="{d0f64493-bb1c-4119-a6c1-133a65b73dfa}" celllabelposition="Top" columns="111" labelwidth="115" celllabelalignment="Left">
                <rows>
                  <row>
                    <cell id="{749b0a4a-ae6f-4c0d-aab1-7873f36a5de7}" showlabel="false" labelid="{612f1f18-1b55-4704-93b8-91d6e0ec66c2}">
                      <labels>
                        <label description="" languagecode="1033" />
                      </labels>
                    </cell>
                    <cell id="{454c3955-a250-4657-aa55-ab26eceb4398}" showlabel="false" labelid="{b1c6aa5f-49d3-423d-83c1-f61c476ff33e}">
                      <labels>
                        <label description="" languagecode="1033" />
                      </labels>
                    </cell>
                    <cell id="{cf33bced-fecd-4ba0-926b-f4abea4924e4}" showlabel="false" labelid="{c14d983d-a7fa-4425-9977-77b0619e1968}">
                      <labels>
                        <label description="" languagecode="1033" />
                      </labels>
                    </cell>
                  </row>
                </rows>
              </header>
              <footer id="{45f8749d-82ef-4539-acbe-f925cd7d1c53}" celllabelposition="Top" columns="111" labelwidth="115" celllabelalignment="Left">
                <rows>
                  <row>
                    <cell id="{a4bc74ee-cc14-4cb9-afec-c814481ccb7e}" showlabel="false" labelid="{a39c6e1e-a304-4821-a24c-bae969764477}">
                      <labels>
                        <label description="" languagecode="1033" />
                      </labels>
                    </cell>
                    <cell id="{deb762b4-34c4-4245-8c7a-ac94dc93edc0}" showlabel="false" labelid="{939d132d-9d1d-4be1-9e87-429156261efc}">
                      <labels>
                        <label description="" languagecode="1033" />
                      </labels>
                    </cell>
                    <cell id="{192c1955-90de-4488-a0d1-91ccda3f213d}" showlabel="false" labelid="{5499f466-a36c-42d8-b482-2d6c6fa60c2c}">
                      <labels>
                        <label description="" languagecode="1033" />
                      </labels>
                    </cell>
                  </row>
                </rows>
              </footer>
              <DisplayConditions Order="1" FallbackForm="true">
                <Role Id="{627090ff-40a3-4053-8790-584edc5be201}" />
                <Role Id="{119f245c-3cc8-4b62-b31c-d1a046ced15d}" />
              </DisplayConditions>
            </form>
            <IsCustomizable>1</IsCustomizable>
            <CanBeDeleted>1</CanBeDeleted>
            <LocalizedNames>
              <LocalizedName description="Main" languagecode="1033" />
            </LocalizedNames>
            <Descriptions>
              <Description description="A form for this entity." languagecode="1033" />
            </Descriptions>
          </systemform>
        </forms>
      </FormXml>
      <RibbonDiffXml>
        <CustomActions />
        <Templates>
          <RibbonTemplates Id="Mscrm.Templates"></RibbonTemplates>
        </Templates>
        <CommandDefinitions />
        <RuleDefinitions>
          <TabDisplayRules />
          <DisplayRules />
          <EnableRules />
        </RuleDefinitions>
        <LocLabels />
      </RibbonDiffXml>
    </Entity>
    <Entity>
      <Name LocalizedName="Game User" OriginalName="Game User">govcdm_GameUser</Name>
      <FormXml>
        <forms type="main">
          <systemform>
            <formid>{e57e3e85-ccf1-ee11-904b-000d3a8cbc95}</formid>
            <IntroducedVersion>1.0</IntroducedVersion>
            <FormPresentation>1</FormPresentation>
            <FormActivationState>1</FormActivationState>
            <form headerdensity="HighWithControls">
              <tabs>
                <tab verticallayout="true" id="{afdf728d-35d3-4dcf-b6b9-f259c49f9894}" IsUserDefined="1" labelid="{e1c72777-2ce3-44b5-941b-2f0d493dc6e8}">
                  <labels>
                    <label description="General" languagecode="1033" />
                  </labels>
                  <columns>
                    <column width="100%">
                      <sections>
                        <section showlabel="false" showbar="false" IsUserDefined="0" id="{f1cb9967-65b4-4aaf-9c6a-bfea285d41c1}" labelid="{a32bae99-72c2-465d-bc1c-61a88139bcc4}">
                          <labels>
                            <label description="General" languagecode="1033" />
                          </labels>
                          <rows>
                            <row>
                              <cell id="{4256bc28-2dd4-4083-85b0-3f2607b68cbb}" labelid="{e5404662-f502-425d-b383-c6004358a6e2}">
                                <labels>
                                  <label description="Name" languagecode="1033" />
                                </labels>
                                <control id="govcdm_name" classid="{4273EDBD-AC1D-40d3-9FB2-095C621B552D}" datafieldname="govcdm_name" />
                              </cell>
                            </row>
                            <row>
                              <cell id="{8d1469c8-2491-40d6-91d9-8f482d7df135}" labelid="{23930eed-7194-4c0f-b804-c45725d7c518}">
                                <labels>
                                  <label description="Owner" languagecode="1033" />
                                </labels>
                                <control id="ownerid" classid="{270BD3DB-D9AF-4782-9025-509E298DEC0A}" datafieldname="ownerid" />
                              </cell>
                            </row>
                          </rows>
                        </section>
                      </sections>
                    </column>
                  </columns>
                </tab>
              </tabs>
              <header id="{fb81355f-b9d7-4789-9a71-a2af696f3c35}" celllabelposition="Top" columns="111" labelwidth="115" celllabelalignment="Left">
                <rows>
                  <row>
                    <cell id="{0aee7b45-c3e4-444e-ac77-74d2a5319dcd}" showlabel="false" labelid="{3addf4e0-49d2-44a3-a57b-bef4c2fd7ea2}">
                      <labels>
                        <label description="" languagecode="1033" />
                      </labels>
                    </cell>
                    <cell id="{c72c97a6-bc66-4569-8424-945737e4bb58}" showlabel="false" labelid="{ce4a2f91-41ab-4e90-aaa2-b15a8ff3a849}">
                      <labels>
                        <label description="" languagecode="1033" />
                      </labels>
                    </cell>
                    <cell id="{7245b9b3-5a16-44d9-b744-2d58596211f0}" showlabel="false" labelid="{04148cda-3d22-45c3-9946-c885cc0da406}">
                      <labels>
                        <label description="" languagecode="1033" />
                      </labels>
                    </cell>
                  </row>
                </rows>
              </header>
              <footer id="{27b471e3-4f77-46ad-b926-dcde98af5625}" celllabelposition="Top" columns="111" labelwidth="115" celllabelalignment="Left">
                <rows>
                  <row>
                    <cell id="{2a33fbaf-88a2-4b3a-9f2f-aaa4c01626c8}" showlabel="false" labelid="{5eb3ebe3-22ea-4545-be5d-285c958668db}">
                      <labels>
                        <label description="" languagecode="1033" />
                      </labels>
                    </cell>
                    <cell id="{f8222dfa-446c-4912-8209-1d9072c45b3b}" showlabel="false" labelid="{8fec4c3a-2d0d-4293-97fc-18d344df0d24}">
                      <labels>
                        <label description="" languagecode="1033" />
                      </labels>
                    </cell>
                    <cell id="{ed47f160-16b7-4cc9-96c1-e92289a6f9c1}" showlabel="false" labelid="{28e6260c-2088-4678-b2fe-28f496dad529}">
                      <labels>
                        <label description="" languagecode="1033" />
                      </labels>
                    </cell>
                  </row>
                </rows>
              </footer>
              <DisplayConditions Order="1" FallbackForm="true">
                <Role Id="{627090ff-40a3-4053-8790-584edc5be201}" />
                <Role Id="{119f245c-3cc8-4b62-b31c-d1a046ced15d}" />
              </DisplayConditions>
            </form>
            <IsCustomizable>1</IsCustomizable>
            <CanBeDeleted>1</CanBeDeleted>
            <LocalizedNames>
              <LocalizedName description="Main" languagecode="1033" />
            </LocalizedNames>
            <Descriptions>
              <Description description="A form for this entity." languagecode="1033" />
            </Descriptions>
          </systemform>
        </forms>
      </FormXml>
      <RibbonDiffXml>
        <CustomActions />
        <Templates>
          <RibbonTemplates Id="Mscrm.Templates"></RibbonTemplates>
        </Templates>
        <CommandDefinitions />
        <RuleDefinitions>
          <TabDisplayRules />
          <DisplayRules />
          <EnableRules />
        </RuleDefinitions>
        <LocLabels />
      </RibbonDiffXml>
    </Entity>
    <Entity>
      <Name LocalizedName="Game User Achievement" OriginalName="Game User Achievement">govcdm_GameUserAchievement</Name>
      <FormXml>
        <forms type="main">
          <systemform>
            <formid>{452b2899-ccf1-ee11-904b-000d3a8cbc95}</formid>
            <IntroducedVersion>1.0</IntroducedVersion>
            <FormPresentation>1</FormPresentation>
            <FormActivationState>1</FormActivationState>
            <form headerdensity="HighWithControls">
              <tabs>
                <tab verticallayout="true" id="{b2de6b6e-5f3b-4380-a040-0e85f5f7fdea}" IsUserDefined="1" labelid="{cea49ecc-5d3f-49c2-815d-8b6c30b0ec13}">
                  <labels>
                    <label description="General" languagecode="1033" />
                  </labels>
                  <columns>
                    <column width="100%">
                      <sections>
                        <section showlabel="false" showbar="false" IsUserDefined="0" id="{dcfa73f2-a605-4644-b86e-9c4ece4b152c}" labelid="{9daa2f16-f0e1-44a9-8688-aae2a264d266}">
                          <labels>
                            <label description="General" languagecode="1033" />
                          </labels>
                          <rows>
                            <row>
                              <cell id="{dcefa8da-26a6-4acc-a985-716e6ff502d1}" labelid="{c1382c3b-fc8f-4259-a3e7-dd5c2fb024e2}">
                                <labels>
                                  <label description="Name" languagecode="1033" />
                                </labels>
                                <control id="govcdm_name" classid="{4273EDBD-AC1D-40d3-9FB2-095C621B552D}" datafieldname="govcdm_name" />
                              </cell>
                            </row>
                            <row>
                              <cell id="{b7cd5356-73b6-4c9c-a36f-e3c86461546b}" labelid="{93bbc429-4546-4f81-8d7b-d56939971724}">
                                <labels>
                                  <label description="Owner" languagecode="1033" />
                                </labels>
                                <control id="ownerid" classid="{270BD3DB-D9AF-4782-9025-509E298DEC0A}" datafieldname="ownerid" />
                              </cell>
                            </row>
                          </rows>
                        </section>
                      </sections>
                    </column>
                  </columns>
                </tab>
              </tabs>
              <header id="{5a24345a-f0e3-4a18-a079-145ac11d1616}" celllabelposition="Top" columns="111" labelwidth="115" celllabelalignment="Left">
                <rows>
                  <row>
                    <cell id="{1313c3d7-cea6-4efa-aa0e-58ce059d6d16}" showlabel="false" labelid="{6c511439-50b6-4ee0-834b-df557ff651cf}">
                      <labels>
                        <label description="" languagecode="1033" />
                      </labels>
                    </cell>
                    <cell id="{3ac43af4-2532-4aea-be5f-43932fe8250b}" showlabel="false" labelid="{40d6fa23-4c7d-4ca7-92ca-815637298854}">
                      <labels>
                        <label description="" languagecode="1033" />
                      </labels>
                    </cell>
                    <cell id="{3d7a977a-0d57-424c-9110-9c83906be75b}" showlabel="false" labelid="{5845f47c-8c5d-44df-8abe-f966fa421387}">
                      <labels>
                        <label description="" languagecode="1033" />
                      </labels>
                    </cell>
                  </row>
                </rows>
              </header>
              <footer id="{18b3ad01-9d7e-4f3a-bd11-91ef033dce8c}" celllabelposition="Top" columns="111" labelwidth="115" celllabelalignment="Left">
                <rows>
                  <row>
                    <cell id="{71d21917-21d6-4d69-8254-8121e546c4d5}" showlabel="false" labelid="{8ebb2bb9-aaee-4285-b6ee-fcada7ea2433}">
                      <labels>
                        <label description="" languagecode="1033" />
                      </labels>
                    </cell>
                    <cell id="{fad3a846-30ef-44ae-8764-3ffc269204a8}" showlabel="false" labelid="{80929fa4-7692-4b99-a839-453ea536d55c}">
                      <labels>
                        <label description="" languagecode="1033" />
                      </labels>
                    </cell>
                    <cell id="{cdfe1cb4-34b5-41e3-b4b4-5764a6ffeed3}" showlabel="false" labelid="{9c7315e8-2a5f-4aeb-a56e-d4a87f2906dc}">
                      <labels>
                        <label description="" languagecode="1033" />
                      </labels>
                    </cell>
                  </row>
                </rows>
              </footer>
              <DisplayConditions Order="1" FallbackForm="true">
                <Role Id="{627090ff-40a3-4053-8790-584edc5be201}" />
                <Role Id="{119f245c-3cc8-4b62-b31c-d1a046ced15d}" />
              </DisplayConditions>
            </form>
            <IsCustomizable>1</IsCustomizable>
            <CanBeDeleted>1</CanBeDeleted>
            <LocalizedNames>
              <LocalizedName description="Main" languagecode="1033" />
            </LocalizedNames>
            <Descriptions>
              <Description description="A form for this entity." languagecode="1033" />
            </Descriptions>
          </systemform>
        </forms>
      </FormXml>
      <RibbonDiffXml>
        <CustomActions />
        <Templates>
          <RibbonTemplates Id="Mscrm.Templates"></RibbonTemplates>
        </Templates>
        <CommandDefinitions />
        <RuleDefinitions>
          <TabDisplayRules />
          <DisplayRules />
          <EnableRules />
        </RuleDefinitions>
        <LocLabels />
      </RibbonDiffXml>
    </Entity>
    <Entity>
      <Name LocalizedName="Game User Activity" OriginalName="Game User Activity">govcdm_GameUserActivity</Name>
      <FormXml>
        <forms type="main">
          <systemform>
            <formid>{be426eac-ccf1-ee11-904b-000d3a8cbc95}</formid>
            <IntroducedVersion>1.0</IntroducedVersion>
            <FormPresentation>1</FormPresentation>
            <FormActivationState>1</FormActivationState>
            <form headerdensity="HighWithControls">
              <tabs>
                <tab verticallayout="true" id="{0ffaea83-898d-4da0-a00f-c3825849a17e}" IsUserDefined="1" labelid="{44ac1474-571b-472c-8cfb-dc1cf33fba1e}">
                  <labels>
                    <label description="General" languagecode="1033" />
                  </labels>
                  <columns>
                    <column width="100%">
                      <sections>
                        <section showlabel="false" showbar="false" IsUserDefined="0" id="{1102d8a0-ec6e-4d24-96c8-d8de8fc2075e}" labelid="{38b36518-0d6e-4fc5-ad74-ff3ce75e1e54}">
                          <labels>
                            <label description="General" languagecode="1033" />
                          </labels>
                          <rows>
                            <row>
                              <cell id="{32a2ac37-5ec7-4117-8d7a-b77c133d332e}" labelid="{1dc7a6f0-4f54-4739-b5b6-4bd36543974e}">
                                <labels>
                                  <label description="Name" languagecode="1033" />
                                </labels>
                                <control id="govcdm_name" classid="{4273EDBD-AC1D-40d3-9FB2-095C621B552D}" datafieldname="govcdm_name" />
                              </cell>
                            </row>
                            <row>
                              <cell id="{6752370a-308b-4e72-a50c-cc82bdd96133}" labelid="{f98a1589-97fc-45c2-a6cd-b78c62721fdf}">
                                <labels>
                                  <label description="Owner" languagecode="1033" />
                                </labels>
                                <control id="ownerid" classid="{270BD3DB-D9AF-4782-9025-509E298DEC0A}" datafieldname="ownerid" />
                              </cell>
                            </row>
                          </rows>
                        </section>
                      </sections>
                    </column>
                  </columns>
                </tab>
              </tabs>
              <header id="{b4843e28-fa3e-4aa3-b5b0-9c874b434292}" celllabelposition="Top" columns="111" labelwidth="115" celllabelalignment="Left">
                <rows>
                  <row>
                    <cell id="{b159d809-d9e6-4146-b4d7-72a542458827}" showlabel="false" labelid="{f8d4470a-46d3-477a-b326-d89f94c3ebdd}">
                      <labels>
                        <label description="" languagecode="1033" />
                      </labels>
                    </cell>
                    <cell id="{deb4c875-d095-4499-9b6d-0c8523dff3de}" showlabel="false" labelid="{a2d4969b-b726-44d9-84ab-e2cc76a8fb08}">
                      <labels>
                        <label description="" languagecode="1033" />
                      </labels>
                    </cell>
                    <cell id="{a54841bd-6b7c-412b-afe3-334f09fafbff}" showlabel="false" labelid="{bf490d4e-a6ff-465c-a566-1730dabbac87}">
                      <labels>
                        <label description="" languagecode="1033" />
                      </labels>
                    </cell>
                  </row>
                </rows>
              </header>
              <footer id="{d7b7ec1a-6443-44bb-954d-42bfecf0a5d2}" celllabelposition="Top" columns="111" labelwidth="115" celllabelalignment="Left">
                <rows>
                  <row>
                    <cell id="{d7e34e6b-4e9d-4d33-b9db-3f60d5b3bd96}" showlabel="false" labelid="{87fb20fd-b43a-47ff-b9df-d55084cf9ab2}">
                      <labels>
                        <label description="" languagecode="1033" />
                      </labels>
                    </cell>
                    <cell id="{a88a9efc-eabb-444a-8bf4-f80d9de30de5}" showlabel="false" labelid="{92ea12d5-57c4-4864-91d4-9de8e3619ba9}">
                      <labels>
                        <label description="" languagecode="1033" />
                      </labels>
                    </cell>
                    <cell id="{8ff55746-71dd-4c61-bf27-f086846a8fac}" showlabel="false" labelid="{578a258b-8da0-44de-aa66-e62403e738a8}">
                      <labels>
                        <label description="" languagecode="1033" />
                      </labels>
                    </cell>
                  </row>
                </rows>
              </footer>
              <DisplayConditions Order="1" FallbackForm="true">
                <Role Id="{627090ff-40a3-4053-8790-584edc5be201}" />
                <Role Id="{119f245c-3cc8-4b62-b31c-d1a046ced15d}" />
              </DisplayConditions>
            </form>
            <IsCustomizable>1</IsCustomizable>
            <CanBeDeleted>1</CanBeDeleted>
            <LocalizedNames>
              <LocalizedName description="Main" languagecode="1033" />
            </LocalizedNames>
            <Descriptions>
              <Description description="A form for this entity." languagecode="1033" />
            </Descriptions>
          </systemform>
        </forms>
      </FormXml>
      <RibbonDiffXml>
        <CustomActions />
        <Templates>
          <RibbonTemplates Id="Mscrm.Templates"></RibbonTemplates>
        </Templates>
        <CommandDefinitions />
        <RuleDefinitions>
          <TabDisplayRules />
          <DisplayRules />
          <EnableRules />
        </RuleDefinitions>
        <LocLabels />
      </RibbonDiffXml>
    </Entity>
  </Entities>
  <Roles />
  <Workflows />
  <FieldSecurityProfiles />
  <Templates />
  <EntityMaps />
  <EntityRelationships />
  <OrganizationSettings />
  <optionsets />
  <CustomControls />
  <AppModuleSiteMaps>
    <AppModuleSiteMap>
      <SiteMapUniqueName>msgov_Gamification</SiteMapUniqueName>
      <EnableCollapsibleGroups>False</EnableCollapsibleGroups>
      <ShowHome>True</ShowHome>
      <ShowPinned>True</ShowPinned>
      <ShowRecents>True</ShowRecents>
      <SiteMap IntroducedVersion="7.0.0.0">
        <Area Id="area_2a54dd4f" ResourceId="SitemapDesigner.NewTitle" DescriptionResourceId="SitemapDesigner.NewTitle" ShowGroups="true" IntroducedVersion="7.0.0.0">
          <Titles>
            <Title LCID="1033" Title="Area1" />
          </Titles>
          <Group Id="group_10433a33" ResourceId="SitemapDesigner.NewGroup" DescriptionResourceId="SitemapDesigner.NewGroup" IntroducedVersion="7.0.0.0" IsProfile="false" ToolTipResourseId="SitemapDesigner.Unknown">
            <Titles>
              <Title LCID="1033" Title="Gamification" />
            </Titles>
            <SubArea Id="subarea_49282822" Icon="/_imgs/imagestrips/transparent_spacer.gif" Entity="govcdm_game" Client="All,Outlook,OutlookLaptopClient,OutlookWorkstationClient,Web" AvailableOffline="true" PassParams="false" Sku="All,OnPremise,Live,SPLA" />
            <SubArea Id="subarea_07f82d03" Icon="/_imgs/imagestrips/transparent_spacer.gif" Entity="govcdm_gameachievement" Client="All,Outlook,OutlookLaptopClient,OutlookWorkstationClient,Web" AvailableOffline="true" PassParams="false" Sku="All,OnPremise,Live,SPLA" />
            <SubArea Id="subarea_db6e2baa" Icon="/_imgs/imagestrips/transparent_spacer.gif" Entity="govcdm_gameactivity" Client="All,Outlook,OutlookLaptopClient,OutlookWorkstationClient,Web" AvailableOffline="true" PassParams="false" Sku="All,OnPremise,Live,SPLA" />
            <SubArea Id="subarea_3cb00fa9" Icon="/_imgs/imagestrips/transparent_spacer.gif" Entity="govcdm_gameuser" Client="All,Outlook,OutlookLaptopClient,OutlookWorkstationClient,Web" AvailableOffline="true" PassParams="false" Sku="All,OnPremise,Live,SPLA" />
            <SubArea Id="subarea_9e5b4255" Icon="/_imgs/imagestrips/transparent_spacer.gif" Entity="govcdm_gameuserachievement" Client="All,Outlook,OutlookLaptopClient,OutlookWorkstationClient,Web" AvailableOffline="true" PassParams="false" Sku="All,OnPremise,Live,SPLA" />
            <SubArea Id="subarea_9f2accf2" Icon="/_imgs/imagestrips/transparent_spacer.gif" Entity="govcdm_gameuseractivity" Client="All,Outlook,OutlookLaptopClient,OutlookWorkstationClient,Web" AvailableOffline="true" PassParams="false" Sku="All,OnPremise,Live,SPLA" />
          </Group>
        </Area>
      </SiteMap>
      <LocalizedNames>
        <LocalizedName description="Gamification" languagecode="1033" />
      </LocalizedNames>
    </AppModuleSiteMap>
  </AppModuleSiteMaps>
  <AppModules>
    <AppModule>
      <UniqueName>msgov_Gamification</UniqueName>
      <IntroducedVersion>1.0</IntroducedVersion>
      <WebResourceId>953b9fac-1e5e-e611-80d6-00155ded156f</WebResourceId>
      <OptimizedFor></OptimizedFor>
      <statecode>0</statecode>
      <statuscode>1</statuscode>
      <FormFactor>1</FormFactor>
      <ClientType>4</ClientType>
      <NavigationType>0</NavigationType>
      <AppModuleComponents>
        <AppModuleComponent type="1" schemaName="govcdm_game" />
        <AppModuleComponent type="1" schemaName="govcdm_gameachievement" />
        <AppModuleComponent type="1" schemaName="govcdm_gameactivity" />
        <AppModuleComponent type="1" schemaName="govcdm_gameuser" />
        <AppModuleComponent type="1" schemaName="govcdm_gameuserachievement" />
        <AppModuleComponent type="1" schemaName="govcdm_gameuseractivity" />
        <AppModuleComponent type="60" id="{dab01759-ccf1-ee11-904b-000d3a8cbc95}" />
        <AppModuleComponent type="60" id="{33f71472-ccf1-ee11-904b-000d3a8cbc95}" />
        <AppModuleComponent type="60" id="{e57e3e85-ccf1-ee11-904b-000d3a8cbc95}" />
        <AppModuleComponent type="60" id="{452b2899-ccf1-ee11-904b-000d3a8cbc95}" />
        <AppModuleComponent type="60" id="{be426eac-ccf1-ee11-904b-000d3a8cbc95}" />
        <AppModuleComponent type="60" id="{a4ade605-3a97-4ec6-8615-72c144b93795}" />
        <AppModuleComponent type="62" schemaName="msgov_Gamification" />
      </AppModuleComponents>
      <AppModuleRoleMaps>
        <Role id="{627090ff-40a3-4053-8790-584edc5be201}" />
        <Role id="{119f245c-3cc8-4b62-b31c-d1a046ced15d}" />
      </AppModuleRoleMaps>
      <LocalizedNames>
        <LocalizedName description="Gamification" languagecode="1033" />
      </LocalizedNames>
      <appsettings>
        <appsetting settingdefinitionid.uniquename="AppChannel">
          <iscustomizable>1</iscustomizable>
          <value>1</value>
        </appsetting>
      </appsettings>
    </AppModule>
  </AppModules>
  <EntityDataProviders />
  <Languages>
    <Language>1033</Language>
  </Languages>
</ImportExportXml>