﻿<?xml version="1.0" encoding="utf-8"?>
<ImportExportXml xmlns:xsi="http://www.w3.org/2001/XMLSchema-instance">
  <Entities>
    <Entity>
      <Name LocalizedName="ICM Case" OriginalName="ICM Case">govcdm_ICMCase</Name>
      <FormXml>
        <forms type="main">
          <systemform>
            <formid>{63f47a54-7cf7-ee11-a1fd-6045bddc9197}</formid>
            <IntroducedVersion>1.0</IntroducedVersion>
            <FormPresentation>1</FormPresentation>
            <FormActivationState>1</FormActivationState>
            <form headerdensity="HighWithControls">
              <tabs>
                <tab verticallayout="true" id="{c1211e50-010f-4fbc-aea1-5a0934390fcb}" IsUserDefined="1" labelid="{83bffae8-047a-4e11-9487-191a46100d04}">
                  <labels>
                    <label description="General" languagecode="1033" />
                  </labels>
                  <columns>
                    <column width="100%">
                      <sections>
                        <section showlabel="false" showbar="false" IsUserDefined="0" id="{3c891e23-2d59-4f8b-966e-773c7ee20c08}" labelid="{9904b094-643f-4f37-a7a1-ec18eee56b57}">
                          <labels>
                            <label description="General" languagecode="1033" />
                          </labels>
                          <rows>
                            <row>
                              <cell id="{2a5d1e3a-47d7-4a51-a7a7-811fc97fe962}" labelid="{13a70a1b-0eac-42ff-beab-017351e9ae4c}">
                                <labels>
                                  <label description="Name" languagecode="1033" />
                                </labels>
                                <control id="govcdm_name" classid="{4273EDBD-AC1D-40d3-9FB2-095C621B552D}" datafieldname="govcdm_name" />
                              </cell>
                            </row>
                            <row>
                              <cell id="{1d8b4a1c-c105-40d2-96ff-b478f01a0070}" locklevel="0" colspan="1" rowspan="1" labelid="{1f8538b6-fc17-4120-9137-37e814c13b00}">
                                <labels>
                                  <label description="Description" languagecode="1033" />
                                </labels>
                                <control id="govcdm_description" classid="{E0DECE4B-6FC8-4A8F-A065-082708572369}" datafieldname="govcdm_description" disabled="false" />
                              </cell>
                            </row>
                            <row>
                              <cell id="{8180dc3d-4f28-4edc-9887-5e156a7697f0}" labelid="{6720a192-5832-43f6-b182-ae737c4eeb3c}">
                                <labels>
                                  <label description="Owner" languagecode="1033" />
                                </labels>
                                <control id="ownerid" classid="{270BD3DB-D9AF-4782-9025-509E298DEC0A}" datafieldname="ownerid" />
                              </cell>
                            </row>
                          </rows>
                        </section>
                      </sections>
                    </column>
                  </columns>
                </tab>
                <tab name="tab_2" id="861d3e96-4805-4a80-ab16-b6ef32d6baca" IsUserDefined="0" locklevel="0" showlabel="true" labelid="{529038f0-e866-478f-be2e-58ea58c90f87}">
                  <labels>
                    <label description="Associated Parties" languagecode="1033" />
                  </labels>
                  <columns>
                    <column width="100%">
                      <sections>
                        <section name="tab_2_section_1" id="a201bfc1-0226-4d59-970e-9c69b8f0af6f" IsUserDefined="0" locklevel="0" showlabel="true" showbar="false" layout="varwidth" celllabelalignment="Left" celllabelposition="Left" columns="1" labelwidth="115" labelid="{60251b23-9ed0-4f32-947a-23af6c40fcfa}">
                          <labels>
                            <label description="ICM Case Contacts" languagecode="1033" />
                          </labels>
                          <rows>
                            <row />
                            <row>
                              <cell locklevel="0" id="{c2969aa1-bfae-4b3c-b7d4-7e44bc97d42e}" rowspan="4" colspan="1" auto="false" showlabel="false" labelid="{37211075-954f-4c63-9031-b2954faf92f7}">
                                <labels>
                                  <label description="New SG control 1712782176563" languagecode="1033" />
                                </labels>
                                <control indicationOfSubgrid="true" id="Subgrid_new_1" classid="{E7A81278-8635-4D9E-8D4D-59480B391C5B}">
                                  <parameters>
                                    <RecordsPerPage>4</RecordsPerPage>
                                    <AutoExpand>Fixed</AutoExpand>
                                    <EnableQuickFind>false</EnableQuickFind>
                                    <EnableViewPicker>false</EnableViewPicker>
                                    <EnableChartPicker>true</EnableChartPicker>
                                    <ChartGridMode>All</ChartGridMode>
                                    <TargetEntityType>govcdm_icmcasecontact</TargetEntityType>
                                    <ViewId>{B37AB77A-CBF7-4D82-8E2E-2277A7EB9C16}</ViewId>
                                    <ViewIds>{B37AB77A-CBF7-4D82-8E2E-2277A7EB9C16}</ViewIds>
                                    <RelationshipName>govcdm_icmcasecontact_ICMCase_govcdm_icmcase</RelationshipName>
                                  </parameters>
                                </control>
                              </cell>
                            </row>
                            <row />
                            <row />
                            <row />
                          </rows>
                        </section>
                      </sections>
                    </column>
                  </columns>
                </tab>
                <tab name="tab_4" id="642dc185-b696-46d9-b039-add2a63c6182" IsUserDefined="0" locklevel="0" showlabel="true" labelid="{6dabd3c2-9292-4658-8906-1f4ffdfbae57}">
                  <labels>
                    <label description="Case Violations" languagecode="1033" />
                  </labels>
                  <columns>
                    <column width="100%">
                      <sections>
                        <section name="tab_4_section_1" id="f4ad4fdf-4321-435b-9bbc-eccffa64db37" IsUserDefined="0" locklevel="0" showlabel="true" showbar="false" layout="varwidth" celllabelalignment="Left" celllabelposition="Left" columns="1" labelwidth="115" labelid="{f7089e12-8afa-435a-9fae-74dfda751052}">
                          <labels>
                            <label description="ICM Case Violations" languagecode="1033" />
                          </labels>
                          <rows>
                            <row />
                            <row>
                              <cell locklevel="0" id="{1d47dd95-393c-4b6a-a079-ddb00dad1d0b}" rowspan="4" colspan="1" auto="false" showlabel="false" labelid="{0bd66315-bf57-4b98-a001-de956830b0c5}">
                                <labels>
                                  <label description="New SG control 1712782333523" languagecode="1033" />
                                </labels>
                                <control indicationOfSubgrid="true" id="Subgrid_new_3" classid="{E7A81278-8635-4D9E-8D4D-59480B391C5B}">
                                  <parameters>
                                    <RecordsPerPage>4</RecordsPerPage>
                                    <AutoExpand>Fixed</AutoExpand>
                                    <EnableQuickFind>false</EnableQuickFind>
                                    <EnableViewPicker>false</EnableViewPicker>
                                    <EnableChartPicker>true</EnableChartPicker>
                                    <ChartGridMode>All</ChartGridMode>
                                    <TargetEntityType>govcdm_icmcaseviolation</TargetEntityType>
                                    <ViewId>{26B0CD70-A6AA-4821-9248-6A58B0E34FC5}</ViewId>
                                    <ViewIds>{26B0CD70-A6AA-4821-9248-6A58B0E34FC5}</ViewIds>
                                    <RelationshipName>govcdm_icmcaseviolation_ICMCase_govcdm_icmcase</RelationshipName>
                                  </parameters>
                                </control>
                              </cell>
                            </row>
                            <row />
                            <row />
                            <row />
                          </rows>
                        </section>
                      </sections>
                    </column>
                  </columns>
                </tab>
                <tab name="tab_3" id="0f88d7cb-7d3a-4cde-bbcf-400ca26b19eb" IsUserDefined="0" locklevel="0" showlabel="true" labelid="{d5842bfa-510a-4919-8bed-dd2f429f4f33}">
                  <labels>
                    <label description="Case Referrals" languagecode="1033" />
                  </labels>
                  <columns>
                    <column width="100%">
                      <sections>
                        <section name="tab_3_section_1" id="2077e1d3-86d7-4a1c-9cad-d3bca14737b7" IsUserDefined="0" locklevel="0" showlabel="true" showbar="false" layout="varwidth" celllabelalignment="Left" celllabelposition="Left" columns="1" labelwidth="115" labelid="{83a16edf-09fd-4dad-aa8e-28ac08b23760}">
                          <labels>
                            <label description="ICM Case Referrals" languagecode="1033" />
                          </labels>
                          <rows>
                            <row />
                            <row>
                              <cell locklevel="0" id="{51520bb1-ee61-45c5-8a0d-691b417581c1}" rowspan="4" colspan="1" auto="false" showlabel="false" labelid="{92afc215-1ddb-4156-9750-3776c4b8e171}">
                                <labels>
                                  <label description="New SG control 1712782294922" languagecode="1033" />
                                </labels>
                                <control indicationOfSubgrid="true" id="Subgrid_new_2" classid="{E7A81278-8635-4D9E-8D4D-59480B391C5B}">
                                  <parameters>
                                    <RecordsPerPage>4</RecordsPerPage>
                                    <AutoExpand>Fixed</AutoExpand>
                                    <EnableQuickFind>false</EnableQuickFind>
                                    <EnableViewPicker>false</EnableViewPicker>
                                    <EnableChartPicker>true</EnableChartPicker>
                                    <ChartGridMode>All</ChartGridMode>
                                    <TargetEntityType>govcdm_icmreferral</TargetEntityType>
                                    <ViewId>{1D65E507-E612-477D-887B-2A6B0EF1CC2B}</ViewId>
                                    <ViewIds>{1D65E507-E612-477D-887B-2A6B0EF1CC2B}</ViewIds>
                                    <RelationshipName>govcdm_icmreferral_ICMCase_govcdm_icmcase</RelationshipName>
                                  </parameters>
                                </control>
                              </cell>
                            </row>
                            <row />
                            <row />
                            <row />
                          </rows>
                        </section>
                      </sections>
                    </column>
                  </columns>
                </tab>
              </tabs>
              <header id="{dc17481a-52c8-4601-90e2-ac94b0e8dc2b}" celllabelposition="Top" columns="111" labelwidth="115" celllabelalignment="Left">
                <rows>
                  <row>
                    <cell id="{577ac736-6e64-43bf-bcb7-d593bff4d6d7}" showlabel="false" labelid="{5d11fea3-19a5-4903-a918-69e8dc68a158}">
                      <labels>
                        <label description="" languagecode="1033" />
                      </labels>
                    </cell>
                    <cell id="{d77d7cca-c42a-45cd-93e0-93b96eb7d60d}" showlabel="false" labelid="{70a544e9-1827-4421-adc6-572d392436c6}">
                      <labels>
                        <label description="" languagecode="1033" />
                      </labels>
                    </cell>
                    <cell id="{1e9885f1-b683-47aa-a445-a1630a5d02f9}" showlabel="false" labelid="{51eeef2f-c9f6-4e20-aad9-b3864f405f0d}">
                      <labels>
                        <label description="" languagecode="1033" />
                      </labels>
                    </cell>
                  </row>
                </rows>
              </header>
              <footer id="{4c6a6ca2-7d4a-49ea-ba5f-e59d8ffdf045}" celllabelposition="Top" columns="111" labelwidth="115" celllabelalignment="Left">
                <rows>
                  <row>
                    <cell id="{a394e382-add5-4d3c-b608-0bf1402aeaa1}" showlabel="false" labelid="{7d2b7d4c-26f5-402c-9d76-7341ab35dcc0}">
                      <labels>
                        <label description="" languagecode="1033" />
                      </labels>
                    </cell>
                    <cell id="{df90be68-84a2-47c3-a6fa-d86319288b1c}" showlabel="false" labelid="{ffc9fba3-2c26-4672-919e-d365c6052eb0}">
                      <labels>
                        <label description="" languagecode="1033" />
                      </labels>
                    </cell>
                    <cell id="{6f627f71-8caf-44a1-9308-9a84221a966d}" showlabel="false" labelid="{999df8f5-3325-4ed8-a992-dca35339b6b9}">
                      <labels>
                        <label description="" languagecode="1033" />
                      </labels>
                    </cell>
                  </row>
                </rows>
              </footer>
              <DisplayConditions Order="1" FallbackForm="true">
                <Role Id="{627090ff-40a3-4053-8790-584edc5be201}" />
                <Role Id="{119f245c-3cc8-4b62-b31c-d1a046ced15d}" />
              </DisplayConditions>
            </form>
            <IsCustomizable>1</IsCustomizable>
            <CanBeDeleted>1</CanBeDeleted>
            <LocalizedNames>
              <LocalizedName description="Main" languagecode="1033" />
            </LocalizedNames>
            <Descriptions>
              <Description description="A form for this entity." languagecode="1033" />
            </Descriptions>
          </systemform>
        </forms>
      </FormXml>
      <RibbonDiffXml>
        <CustomActions />
        <Templates>
          <RibbonTemplates Id="Mscrm.Templates"></RibbonTemplates>
        </Templates>
        <CommandDefinitions />
        <RuleDefinitions>
          <TabDisplayRules />
          <DisplayRules />
          <EnableRules />
        </RuleDefinitions>
        <LocLabels />
      </RibbonDiffXml>
    </Entity>
    <Entity>
      <Name LocalizedName="ICM Case Contact" OriginalName="ICM Case Contact">govcdm_ICMCaseContact</Name>
      <FormXml>
        <forms type="main">
          <systemform>
            <formid>{548b677d-7cf7-ee11-a1fd-6045bddc9197}</formid>
            <IntroducedVersion>1.0</IntroducedVersion>
            <FormPresentation>1</FormPresentation>
            <FormActivationState>1</FormActivationState>
            <form headerdensity="HighWithControls">
              <tabs>
                <tab verticallayout="true" id="{afd7a61a-e6cb-400c-9ebe-2a654782af8d}" IsUserDefined="1" labelid="{21d4ccb5-6dc6-4b59-b4df-fdeee88e80c1}">
                  <labels>
                    <label description="General" languagecode="1033" />
                  </labels>
                  <columns>
                    <column width="100%">
                      <sections>
                        <section showlabel="false" showbar="false" IsUserDefined="0" id="{1e6493cf-271f-45ca-add6-b2dd00b74049}" labelid="{3028a855-f3f9-4139-bd49-9afbe47a4442}">
                          <labels>
                            <label description="General" languagecode="1033" />
                          </labels>
                          <rows>
                            <row>
                              <cell id="{da7562a7-fb6d-4d24-a57e-8b13289667f1}" locklevel="0" colspan="1" rowspan="1" labelid="{bb87bb38-3bc5-4498-84ab-f38360c7aece}">
                                <labels>
                                  <label description="Person" languagecode="1033" />
                                </labels>
                                <control id="govcdm_person" classid="{270BD3DB-D9AF-4782-9025-509E298DEC0A}" datafieldname="govcdm_person" disabled="false" />
                              </cell>
                            </row>
                            <row>
                              <cell id="{baa09ef5-0772-4182-9222-1dbc08dfa485}" locklevel="0" colspan="1" rowspan="1" labelid="{86107aef-8ead-407b-8a05-a59d51685faa}">
                                <labels>
                                  <label description="ICM Case Contact Type" languagecode="1033" />
                                </labels>
                                <control id="header_govcdm_icmcasecontacttype" classid="{3EF39988-22BB-4F0B-BBBE-64B5A3748AEE}" datafieldname="govcdm_icmcasecontacttype" disabled="false" />
                              </cell>
                            </row>
                            <row>
                              <cell id="{17a51449-8fe8-42cd-af61-e514907dedc9}" colspan="1" rowspan="1" labelid="{faf58581-724b-4273-9a19-d3fe9f002540}">
                                <labels>
                                  <label description="Name" languagecode="1033" />
                                </labels>
                                <control id="govcdm_name" classid="{4273EDBD-AC1D-40d3-9FB2-095C621B552D}" datafieldname="govcdm_name" />
                              </cell>
                            </row>
                            <row>
                              <cell id="{8bbcb296-66c8-497d-adbd-dfba07cdabc5}" labelid="{3db8bbf5-905d-4125-b701-649ed6758f33}">
                                <labels>
                                  <label description="Owner" languagecode="1033" />
                                </labels>
                                <control id="ownerid" classid="{270BD3DB-D9AF-4782-9025-509E298DEC0A}" datafieldname="ownerid" />
                              </cell>
                            </row>
                          </rows>
                        </section>
                        <section name="null_section_3" id="a8619f28-60e2-415c-a744-d4631f84dd99" IsUserDefined="0" locklevel="0" showlabel="true" showbar="false" layout="varwidth" celllabelalignment="Left" celllabelposition="Left" columns="1" labelwidth="115">
                          <labels>
                            <label description="ICM Case Contact Violations" languagecode="1033" />
                          </labels>
                          <rows>
                            <row />
                            <row>
                              <cell locklevel="0" id="{d80f8a3f-9bfc-434e-8b42-b07c7c91bb47}" rowspan="4" colspan="1" auto="false" showlabel="false">
                                <labels>
                                  <label description="New SG control 1712782495510" languagecode="1033" />
                                </labels>
                                <control indicationOfSubgrid="true" id="Subgrid_new_1" classid="{E7A81278-8635-4D9E-8D4D-59480B391C5B}">
                                  <parameters>
                                    <RecordsPerPage>4</RecordsPerPage>
                                    <AutoExpand>Fixed</AutoExpand>
                                    <EnableQuickFind>false</EnableQuickFind>
                                    <EnableViewPicker>false</EnableViewPicker>
                                    <EnableChartPicker>true</EnableChartPicker>
                                    <ChartGridMode>All</ChartGridMode>
                                    <TargetEntityType>govcdm_icmcasecontactviolation</TargetEntityType>
                                    <ViewId>{83256534-3C05-4112-80B9-0B8BDAC6F68F}</ViewId>
                                    <ViewIds>{83256534-3C05-4112-80B9-0B8BDAC6F68F}</ViewIds>
                                    <RelationshipName>govcdm_icmcasecontactviolation_ICMCaseContact_go</RelationshipName>
                                  </parameters>
                                </control>
                              </cell>
                            </row>
                            <row />
                            <row />
                            <row />
                          </rows>
                        </section>
                      </sections>
                    </column>
                  </columns>
                </tab>
              </tabs>
              <header id="{f4cd37a5-2034-4a92-883b-0e35bb9e9d31}" celllabelposition="Top" columns="111" labelwidth="115" celllabelalignment="Left">
                <rows>
                  <row>
                    <cell id="{b501aba8-6f86-493c-b443-890b6f4c4f28}" showlabel="false" labelid="{725220ed-24af-4ea5-8b93-56cb905e9038}">
                      <labels>
                        <label description="" languagecode="1033" />
                      </labels>
                    </cell>
                    <cell id="{1c349ac3-c0b8-4bd9-9242-50acdf0c3702}" showlabel="false" labelid="{a95e930d-002c-4d60-a85b-8b7ddaf54509}">
                      <labels>
                        <label description="" languagecode="1033" />
                      </labels>
                    </cell>
                    <cell id="{d2a70035-38c8-43ed-aecb-01d0d8681d13}" showlabel="false" labelid="{21cc4abe-9d6e-49d4-9ac8-c895836576f3}">
                      <labels>
                        <label description="" languagecode="1033" />
                      </labels>
                    </cell>
                    <cell id="{b40a4fff-74d1-471d-96af-bbafde4da428}" locklevel="0" colspan="1" rowspan="1" labelid="{180dbdf7-0ae2-46a4-ac37-fa98732aeaa5}">
                      <labels>
                        <label description="ICM Case" languagecode="1033" />
                      </labels>
                      <control id="header_govcdm_icmcase" classid="{270BD3DB-D9AF-4782-9025-509E298DEC0A}" datafieldname="govcdm_icmcase" disabled="false" />
                    </cell>
                  </row>
                </rows>
              </header>
              <footer id="{0a90fbd3-35e8-4ea4-b14d-0be38b000b06}" celllabelposition="Top" columns="111" labelwidth="115" celllabelalignment="Left">
                <rows>
                  <row>
                    <cell id="{68c9346c-42b9-43e9-8e27-a78891496618}" showlabel="false" labelid="{73b2e516-9190-4567-9768-b632a7886502}">
                      <labels>
                        <label description="" languagecode="1033" />
                      </labels>
                    </cell>
                    <cell id="{a965481b-f8cf-4cc4-9d81-c31ec8dcd268}" showlabel="false" labelid="{b71b5112-f21e-498b-b38f-a97339e2d531}">
                      <labels>
                        <label description="" languagecode="1033" />
                      </labels>
                    </cell>
                    <cell id="{432b6baa-2992-4a64-bac2-3f2ac4de10fa}" showlabel="false" labelid="{5ea791fe-289d-41a8-bbb8-e9378248aa27}">
                      <labels>
                        <label description="" languagecode="1033" />
                      </labels>
                    </cell>
                  </row>
                </rows>
              </footer>
              <DisplayConditions Order="1" FallbackForm="true">
                <Role Id="{627090ff-40a3-4053-8790-584edc5be201}" />
                <Role Id="{119f245c-3cc8-4b62-b31c-d1a046ced15d}" />
              </DisplayConditions>
            </form>
            <IsCustomizable>1</IsCustomizable>
            <CanBeDeleted>1</CanBeDeleted>
            <LocalizedNames>
              <LocalizedName description="Main" languagecode="1033" />
            </LocalizedNames>
            <Descriptions>
              <Description description="A form for this entity." languagecode="1033" />
            </Descriptions>
          </systemform>
        </forms>
        <forms type="quickCreate">
          <systemform>
            <formid>{727aa925-80f7-ee11-a1fd-6045bddc9197}</formid>
            <IntroducedVersion>1.0</IntroducedVersion>
            <FormPresentation>1</FormPresentation>
            <FormActivationState>1</FormActivationState>
            <form>
              <tabs>
                <tab id="F931FFE2-B873-473F-8F95-9502F0AA3F5E" name="tab_1" showlabel="false" labelid="{014947c0-3ee6-459f-aead-e5536125b878}">
                  <labels>
                    <label description="New Tab" languagecode="1033" />
                  </labels>
                  <columns>
                    <column width="34%">
                      <sections>
                        <section id="0C655D4E-C6E3-424E-9AF5-71E72D30D12E" name="tab_1_column_1_section_1" columns="1" showlabel="true" showbar="false" IsUserDefined="0" labelwidth="130" labelid="{11bbf196-0548-43c2-9732-52c3162b417c}">
                          <labels>
                            <label description="New Section" languagecode="1033" />
                          </labels>
                          <rows>
                            <row>
                              <cell id="542FBFBE-0E4C-496C-8012-555DE6581923" labelid="{a7722cb1-671a-4f01-b03f-bf1bceeca7c0}">
                                <labels>
                                  <label description="" languagecode="1033" />
                                </labels>
                              </cell>
                            </row>
                            <row>
                              <cell id="{2a6e7364-5ea3-4452-944b-329ec7277a68}" locklevel="0" colspan="1" rowspan="1" labelid="{87a1bd85-088a-466f-a0f9-73d7f7b33381}">
                                <labels>
                                  <label description="ICM Case Contact Type" languagecode="1033" />
                                </labels>
                                <control id="govcdm_icmcasecontacttype" classid="{3EF39988-22BB-4F0B-BBBE-64B5A3748AEE}" datafieldname="govcdm_icmcasecontacttype" disabled="false" />
                              </cell>
                            </row>
                            <row>
                              <cell id="{3138d476-3804-469f-9adf-1c3a29266af7}" locklevel="0" colspan="1" rowspan="1" labelid="{76e83464-5599-4020-ba14-b88e5b82d9c2}">
                                <labels>
                                  <label description="Person" languagecode="1033" />
                                </labels>
                                <control id="govcdm_person" classid="{270BD3DB-D9AF-4782-9025-509E298DEC0A}" datafieldname="govcdm_person" disabled="false" />
                              </cell>
                            </row>
                          </rows>
                        </section>
                      </sections>
                    </column>
                    <column width="33%">
                      <sections>
                        <section id="02DECBA0-3AE2-484D-A19F-C5353AF4F4F2" name="tab_1_column_2_section_1" columns="1" showlabel="true" showbar="false" IsUserDefined="0" labelwidth="130" labelid="{ba67bab4-5228-4259-a178-3f7fedd2ce61}">
                          <labels>
                            <label description="New Section" languagecode="1033" />
                          </labels>
                          <rows>
                            <row>
                              <cell id="266FE48D-4D04-4E9A-8C5A-7DEF9A2F059B" labelid="{7f5b042e-72a8-4e5c-87ff-be57c052da73}">
                                <labels>
                                  <label description="" languagecode="1033" />
                                </labels>
                              </cell>
                            </row>
                          </rows>
                        </section>
                      </sections>
                    </column>
                    <column width="33%">
                      <sections>
                        <section id="46FD66EA-B686-41D9-AAE0-C565BD78EC1F" name="tab_1_column_3_section_1" columns="1" showlabel="true" showbar="false" IsUserDefined="0" labelwidth="130" labelid="{b20b13ce-a2dd-4f63-b356-ac938588a281}">
                          <labels>
                            <label description="New Section" languagecode="1033" />
                          </labels>
                          <rows>
                            <row>
                              <cell id="07C04A4E-A482-45CC-BAB7-7FCA3CD02938" labelid="{ef524f49-6e5e-47ed-a2d5-685c9833d8ed}">
                                <labels>
                                  <label description="" languagecode="1033" />
                                </labels>
                              </cell>
                            </row>
                          </rows>
                        </section>
                      </sections>
                    </column>
                  </columns>
                </tab>
              </tabs>
              <DisplayConditions Order="0" FallbackForm="true">
                <Role Id="{627090ff-40a3-4053-8790-584edc5be201}" />
                <Role Id="{119f245c-3cc8-4b62-b31c-d1a046ced15d}" />
              </DisplayConditions>
            </form>
            <IsCustomizable>1</IsCustomizable>
            <CanBeDeleted>1</CanBeDeleted>
            <LocalizedNames>
              <LocalizedName description="Quick Create" languagecode="1033" />
            </LocalizedNames>
          </systemform>
        </forms>
      </FormXml>
      <RibbonDiffXml>
        <CustomActions />
        <Templates>
          <RibbonTemplates Id="Mscrm.Templates"></RibbonTemplates>
        </Templates>
        <CommandDefinitions />
        <RuleDefinitions>
          <TabDisplayRules />
          <DisplayRules />
          <EnableRules />
        </RuleDefinitions>
        <LocLabels />
      </RibbonDiffXml>
    </Entity>
    <Entity>
      <Name LocalizedName="ICM Case Contact Violation" OriginalName="ICM Case Contact Violation">govcdm_ICMCaseContactViolation</Name>
      <FormXml>
        <forms type="main">
          <systemform>
            <formid>{09dc41d0-7cf7-ee11-a1fd-6045bddc9197}</formid>
            <IntroducedVersion>1.0</IntroducedVersion>
            <FormPresentation>1</FormPresentation>
            <FormActivationState>1</FormActivationState>
            <form headerdensity="HighWithControls">
              <tabs>
                <tab verticallayout="true" id="{3d44876d-ae3b-4de0-a198-6e32e8c0de5e}" IsUserDefined="1" labelid="{6512c2ad-e181-4a86-bf8a-ae78ded8ea14}">
                  <labels>
                    <label description="General" languagecode="1033" />
                  </labels>
                  <columns>
                    <column width="100%">
                      <sections>
                        <section showlabel="false" showbar="false" IsUserDefined="0" id="{d166a2ff-c4e5-4211-ab2f-36f962659e15}" labelid="{c91c11ad-d8e3-46d1-8591-9f5eefe6c654}">
                          <labels>
                            <label description="General" languagecode="1033" />
                          </labels>
                          <rows>
                            <row>
                              <cell id="{f33c87b0-30ed-4e9c-a81b-432921d48a4f}" locklevel="0" colspan="1" rowspan="1" labelid="{a8ac8ae4-2161-40f6-88c8-6dcc0aecd652}">
                                <labels>
                                  <label description="ICM Case Contact" languagecode="1033" />
                                </labels>
                                <control id="govcdm_icmcasecontact" classid="{270BD3DB-D9AF-4782-9025-509E298DEC0A}" datafieldname="govcdm_icmcasecontact" disabled="false" />
                              </cell>
                            </row>
                            <row>
                              <cell id="{2fbca0b6-11c4-43a5-9add-0c921e62b947}" locklevel="0" colspan="1" rowspan="1" labelid="{4aa54621-caa5-4c8a-9fed-d5c4a3de7200}">
                                <labels>
                                  <label description="ICM Case Violation" languagecode="1033" />
                                </labels>
                                <control id="govcdm_icmcaseviolation" classid="{270BD3DB-D9AF-4782-9025-509E298DEC0A}" datafieldname="govcdm_icmcaseviolation" disabled="false" />
                              </cell>
                            </row>
                            <row>
                              <cell id="{74b29afa-0f52-4f28-990a-aa148869fbea}" labelid="{7150a1c8-a8e1-4eb6-bb8a-020ffcd93ee5}">
                                <labels>
                                  <label description="Name" languagecode="1033" />
                                </labels>
                                <control id="govcdm_name" classid="{4273EDBD-AC1D-40d3-9FB2-095C621B552D}" datafieldname="govcdm_name" />
                              </cell>
                            </row>
                            <row>
                              <cell id="{db7b7d28-60e5-42a2-831d-3c4925c58a54}" labelid="{16f8d7c2-8fef-484f-820e-6c1c89108ae4}">
                                <labels>
                                  <label description="Owner" languagecode="1033" />
                                </labels>
                                <control id="ownerid" classid="{270BD3DB-D9AF-4782-9025-509E298DEC0A}" datafieldname="ownerid" />
                              </cell>
                            </row>
                          </rows>
                        </section>
                      </sections>
                    </column>
                  </columns>
                </tab>
              </tabs>
              <header id="{d49f33f1-a5d6-4579-82f5-c965703ef103}" celllabelposition="Top" columns="111" labelwidth="115" celllabelalignment="Left">
                <rows>
                  <row>
                    <cell id="{c95ec3b4-20ee-40ee-8cf1-3023716e21f4}" showlabel="false" labelid="{30ad5692-1ac9-4c4e-a61e-374ef777bd79}">
                      <labels>
                        <label description="" languagecode="1033" />
                      </labels>
                    </cell>
                    <cell id="{a4c9f2fa-09a1-4bd7-a828-9d963e4bd370}" showlabel="false" labelid="{bb26aca5-3de6-4b7c-9537-a77c07f7f3de}">
                      <labels>
                        <label description="" languagecode="1033" />
                      </labels>
                    </cell>
                    <cell id="{f3a69aaf-46d9-4807-8b65-90cc159682b2}" showlabel="false" labelid="{4a6ff4ad-c7a9-4c55-95b8-f8998803de71}">
                      <labels>
                        <label description="" languagecode="1033" />
                      </labels>
                    </cell>
                  </row>
                </rows>
              </header>
              <footer id="{6dffff0f-3be8-4c41-9394-90fb03f487f9}" celllabelposition="Top" columns="111" labelwidth="115" celllabelalignment="Left">
                <rows>
                  <row>
                    <cell id="{c09db44e-2692-4726-8f37-7079c36bf2f3}" showlabel="false" labelid="{42c125c6-55eb-489b-b216-0a16f2fde8af}">
                      <labels>
                        <label description="" languagecode="1033" />
                      </labels>
                    </cell>
                    <cell id="{addc5755-63b8-4d9e-a055-ccd4405d2d09}" showlabel="false" labelid="{8cf865d7-4f74-44df-968a-a55a0882f470}">
                      <labels>
                        <label description="" languagecode="1033" />
                      </labels>
                    </cell>
                    <cell id="{2dbd7868-2211-4600-a27f-1d9fa3074789}" showlabel="false" labelid="{3e15395b-c7d0-4b22-92da-4bb4a79679a6}">
                      <labels>
                        <label description="" languagecode="1033" />
                      </labels>
                    </cell>
                  </row>
                </rows>
              </footer>
              <DisplayConditions Order="1" FallbackForm="true">
                <Role Id="{627090ff-40a3-4053-8790-584edc5be201}" />
                <Role Id="{119f245c-3cc8-4b62-b31c-d1a046ced15d}" />
              </DisplayConditions>
            </form>
            <IsCustomizable>1</IsCustomizable>
            <CanBeDeleted>1</CanBeDeleted>
            <LocalizedNames>
              <LocalizedName description="Main" languagecode="1033" />
            </LocalizedNames>
            <Descriptions>
              <Description description="A form for this entity." languagecode="1033" />
            </Descriptions>
          </systemform>
        </forms>
      </FormXml>
      <RibbonDiffXml>
        <CustomActions />
        <Templates>
          <RibbonTemplates Id="Mscrm.Templates"></RibbonTemplates>
        </Templates>
        <CommandDefinitions />
        <RuleDefinitions>
          <TabDisplayRules />
          <DisplayRules />
          <EnableRules />
        </RuleDefinitions>
        <LocLabels />
      </RibbonDiffXml>
    </Entity>
    <Entity>
      <Name LocalizedName="ICM Case Evidence" OriginalName="ICM Case Evidence">govcdm_ICMCaseEvidence</Name>
      <FormXml>
        <forms type="main">
          <systemform>
            <formid>{a55660f1-7cf7-ee11-a1fd-6045bddc9197}</formid>
            <IntroducedVersion>1.0</IntroducedVersion>
            <FormPresentation>1</FormPresentation>
            <FormActivationState>1</FormActivationState>
            <form headerdensity="HighWithControls">
              <tabs>
                <tab verticallayout="true" id="{49c4e57e-f2f7-4307-8cec-02f58e608a54}" IsUserDefined="1" labelid="{ee40545b-7cc4-4bd8-a172-7c29b0c76d93}">
                  <labels>
                    <label description="General" languagecode="1033" />
                  </labels>
                  <columns>
                    <column width="100%">
                      <sections>
                        <section showlabel="false" showbar="false" IsUserDefined="0" id="{d0bedb8c-e770-43b1-b1ef-f306bf48269b}" labelid="{9b065c4e-a1d6-4649-8b17-c2eecbfb6d19}">
                          <labels>
                            <label description="General" languagecode="1033" />
                          </labels>
                          <rows>
                            <row>
                              <cell id="{6c505dc5-ea6b-4790-a442-cd0d65471649}" locklevel="0" colspan="1" rowspan="1" labelid="{8cafba85-b2ea-4858-bd5f-92d31a199484}">
                                <labels>
                                  <label description="ICM Case" languagecode="1033" />
                                </labels>
                                <control id="govcdm_icmcase" classid="{270BD3DB-D9AF-4782-9025-509E298DEC0A}" datafieldname="govcdm_icmcase" disabled="false" />
                              </cell>
                            </row>
                            <row>
                              <cell id="{532ff2be-8a62-4fe6-b02f-d669d0847515}" locklevel="0" colspan="1" rowspan="1" labelid="{35ea4c76-e06b-4ff0-95d8-e02708a78c9f}">
                                <labels>
                                  <label description="ICM Evidence" languagecode="1033" />
                                </labels>
                                <control id="govcdm_icmevidence" classid="{270BD3DB-D9AF-4782-9025-509E298DEC0A}" datafieldname="govcdm_icmevidence" disabled="false" />
                              </cell>
                            </row>
                            <row>
                              <cell id="{04b4a093-a75a-4467-bd8e-e8640231a54c}" labelid="{eccd1a6c-a225-4b6b-bb26-141a60808273}">
                                <labels>
                                  <label description="Name" languagecode="1033" />
                                </labels>
                                <control id="govcdm_name" classid="{4273EDBD-AC1D-40d3-9FB2-095C621B552D}" datafieldname="govcdm_name" />
                              </cell>
                            </row>
                            <row>
                              <cell id="{40ee1c47-1c3b-48e5-a979-3b3558de8f5c}" labelid="{4a038fe0-3e7a-404e-90da-a757e3d409d6}">
                                <labels>
                                  <label description="Owner" languagecode="1033" />
                                </labels>
                                <control id="ownerid" classid="{270BD3DB-D9AF-4782-9025-509E298DEC0A}" datafieldname="ownerid" />
                              </cell>
                            </row>
                          </rows>
                        </section>
                      </sections>
                    </column>
                  </columns>
                </tab>
              </tabs>
              <header id="{99d14b07-2e8d-478e-99f7-5f1a02fa40e4}" celllabelposition="Top" columns="111" labelwidth="115" celllabelalignment="Left">
                <rows>
                  <row>
                    <cell id="{e65159f6-227d-4971-ba49-ab40761c922d}" showlabel="false" labelid="{a0d62917-7adc-40d7-96eb-5de8ac80ca3c}">
                      <labels>
                        <label description="" languagecode="1033" />
                      </labels>
                    </cell>
                    <cell id="{f0a0431c-5631-45e2-9400-ce3a784e8cee}" showlabel="false" labelid="{e9d04917-9730-4281-960e-72ded9a51f18}">
                      <labels>
                        <label description="" languagecode="1033" />
                      </labels>
                    </cell>
                    <cell id="{d370213c-360e-48cc-b9b3-84c4ad3daf83}" showlabel="false" labelid="{9a1924a2-8818-417b-88d4-6a96a59af7c8}">
                      <labels>
                        <label description="" languagecode="1033" />
                      </labels>
                    </cell>
                  </row>
                </rows>
              </header>
              <footer id="{94800da4-4564-4135-b9e2-91b010f61f74}" celllabelposition="Top" columns="111" labelwidth="115" celllabelalignment="Left">
                <rows>
                  <row>
                    <cell id="{08d6c2f2-d574-44f4-9973-ab665ee66a34}" showlabel="false" labelid="{9b320f31-333d-44fa-901a-9bdcc41b57f4}">
                      <labels>
                        <label description="" languagecode="1033" />
                      </labels>
                    </cell>
                    <cell id="{932de462-9d5b-4e78-98ce-8574f6ec6986}" showlabel="false" labelid="{ee8f420a-27b0-49dd-a752-fe83ca7b2dcb}">
                      <labels>
                        <label description="" languagecode="1033" />
                      </labels>
                    </cell>
                    <cell id="{7ae4dbf1-346f-49d4-874e-d3789ef38cbc}" showlabel="false" labelid="{7a63b18a-cbb6-448d-be20-a6b6491ecec0}">
                      <labels>
                        <label description="" languagecode="1033" />
                      </labels>
                    </cell>
                  </row>
                </rows>
              </footer>
              <DisplayConditions Order="1" FallbackForm="true">
                <Role Id="{627090ff-40a3-4053-8790-584edc5be201}" />
                <Role Id="{119f245c-3cc8-4b62-b31c-d1a046ced15d}" />
              </DisplayConditions>
            </form>
            <IsCustomizable>1</IsCustomizable>
            <CanBeDeleted>1</CanBeDeleted>
            <LocalizedNames>
              <LocalizedName description="Main" languagecode="1033" />
            </LocalizedNames>
            <Descriptions>
              <Description description="A form for this entity." languagecode="1033" />
            </Descriptions>
          </systemform>
        </forms>
      </FormXml>
      <RibbonDiffXml>
        <CustomActions />
        <Templates>
          <RibbonTemplates Id="Mscrm.Templates"></RibbonTemplates>
        </Templates>
        <CommandDefinitions />
        <RuleDefinitions>
          <TabDisplayRules />
          <DisplayRules />
          <EnableRules />
        </RuleDefinitions>
        <LocLabels />
      </RibbonDiffXml>
    </Entity>
    <Entity>
      <Name LocalizedName="ICM Case Violation" OriginalName="ICM Case Violation">govcdm_ICMCaseViolation</Name>
      <FormXml>
        <forms type="main">
          <systemform>
            <formid>{b719db0c-7df7-ee11-a1fd-6045bddc9197}</formid>
            <IntroducedVersion>1.0</IntroducedVersion>
            <FormPresentation>1</FormPresentation>
            <FormActivationState>1</FormActivationState>
            <form headerdensity="HighWithControls">
              <tabs>
                <tab verticallayout="true" id="{6aec8973-ecb9-449d-9cbd-2eb9b2e06451}" IsUserDefined="1" labelid="{57f7165d-3ec7-4f3c-84ed-d5d9b05288a5}">
                  <labels>
                    <label description="General" languagecode="1033" />
                  </labels>
                  <columns>
                    <column width="100%">
                      <sections>
                        <section showlabel="false" showbar="false" IsUserDefined="0" id="{4ad53fe6-ec08-4797-a045-1e23deb3cc67}" labelid="{f3487761-d04f-4c9b-a97f-4966f2db0c32}">
                          <labels>
                            <label description="General" languagecode="1033" />
                          </labels>
                          <rows>
                            <row>
                              <cell id="{a6381e14-7de4-4f46-a7fb-91350466049a}" locklevel="0" colspan="1" rowspan="1" labelid="{c9325766-c197-49c7-adc9-3990de323c6b}">
                                <labels>
                                  <label description="ICM Violation" languagecode="1033" />
                                </labels>
                                <control id="govcdm_icmviolation" classid="{270BD3DB-D9AF-4782-9025-509E298DEC0A}" datafieldname="govcdm_icmviolation" disabled="false" />
                              </cell>
                            </row>
                            <row>
                              <cell id="{f70137ab-f303-4afe-a030-df540962a061}" labelid="{c731cbad-931b-4292-8d0d-876d4c1f7549}">
                                <labels>
                                  <label description="Name" languagecode="1033" />
                                </labels>
                                <control id="govcdm_name" classid="{4273EDBD-AC1D-40d3-9FB2-095C621B552D}" datafieldname="govcdm_name" />
                              </cell>
                            </row>
                            <row>
                              <cell id="{ff418283-3859-44ce-bd13-53f4677832d7}" labelid="{4b525ffc-6542-4f6a-9255-d68c46f0038e}">
                                <labels>
                                  <label description="Owner" languagecode="1033" />
                                </labels>
                                <control id="ownerid" classid="{270BD3DB-D9AF-4782-9025-509E298DEC0A}" datafieldname="ownerid" />
                              </cell>
                            </row>
                          </rows>
                        </section>
                      </sections>
                    </column>
                  </columns>
                </tab>
              </tabs>
              <header id="{690b8907-6beb-4e3b-a455-a7475ed3274b}" celllabelposition="Top" columns="111" labelwidth="115" celllabelalignment="Left">
                <rows>
                  <row>
                    <cell id="{332f472b-1e0b-4d93-aad3-cc90c71f175a}" showlabel="false" labelid="{bc8bff38-cb1d-4961-b011-b6a00bc0fafc}">
                      <labels>
                        <label description="" languagecode="1033" />
                      </labels>
                    </cell>
                    <cell id="{fc1a8189-ca90-4733-a940-01f0af574e56}" showlabel="false" labelid="{34154503-d830-48e2-a58f-3f007f1ee4db}">
                      <labels>
                        <label description="" languagecode="1033" />
                      </labels>
                    </cell>
                    <cell id="{64c05a56-1378-4187-a165-0c5c034280af}" showlabel="false" labelid="{d0d98fd5-c778-4f17-bc74-fb27b2b219bb}">
                      <labels>
                        <label description="" languagecode="1033" />
                      </labels>
                    </cell>
                    <cell id="{d0d01b66-b717-4645-b879-64ea9f727fa8}" locklevel="0" colspan="1" rowspan="1" labelid="{169f8f8d-5aed-443c-b14d-d374a52dc01a}">
                      <labels>
                        <label description="ICM Case" languagecode="1033" />
                      </labels>
                      <control id="header_govcdm_icmcase" classid="{270BD3DB-D9AF-4782-9025-509E298DEC0A}" datafieldname="govcdm_icmcase" disabled="false" />
                    </cell>
                  </row>
                </rows>
              </header>
              <footer id="{7a9143e3-c6d4-4260-86b5-7904774ac366}" celllabelposition="Top" columns="111" labelwidth="115" celllabelalignment="Left">
                <rows>
                  <row>
                    <cell id="{4ec886b6-89a3-4ea1-9783-c4c2da4f5bac}" showlabel="false" labelid="{628c3655-be7d-4ad4-95f9-baa7043aefcb}">
                      <labels>
                        <label description="" languagecode="1033" />
                      </labels>
                    </cell>
                    <cell id="{80862d50-ccde-448f-a055-3d959ed1e2ef}" showlabel="false" labelid="{21f0ff9f-5ab0-4de8-ad97-6cdaf67cf933}">
                      <labels>
                        <label description="" languagecode="1033" />
                      </labels>
                    </cell>
                    <cell id="{4aaa0944-f000-4e74-abcc-7206acf19bb8}" showlabel="false" labelid="{a23b08fd-616e-4754-8cd8-3bd5e53c57b5}">
                      <labels>
                        <label description="" languagecode="1033" />
                      </labels>
                    </cell>
                  </row>
                </rows>
              </footer>
              <DisplayConditions Order="1" FallbackForm="true">
                <Role Id="{627090ff-40a3-4053-8790-584edc5be201}" />
                <Role Id="{119f245c-3cc8-4b62-b31c-d1a046ced15d}" />
              </DisplayConditions>
            </form>
            <IsCustomizable>1</IsCustomizable>
            <CanBeDeleted>1</CanBeDeleted>
            <LocalizedNames>
              <LocalizedName description="Main" languagecode="1033" />
            </LocalizedNames>
            <Descriptions>
              <Description description="A form for this entity." languagecode="1033" />
            </Descriptions>
          </systemform>
        </forms>
      </FormXml>
      <RibbonDiffXml>
        <CustomActions />
        <Templates>
          <RibbonTemplates Id="Mscrm.Templates"></RibbonTemplates>
        </Templates>
        <CommandDefinitions />
        <RuleDefinitions>
          <TabDisplayRules />
          <DisplayRules />
          <EnableRules />
        </RuleDefinitions>
        <LocLabels />
      </RibbonDiffXml>
    </Entity>
    <Entity>
      <Name LocalizedName="ICM Evidence" OriginalName="ICM Evidence">govcdm_ICMEvidence</Name>
      <FormXml>
        <forms type="main">
          <systemform>
            <formid>{b3f54626-7df7-ee11-a1fd-6045bddc9197}</formid>
            <IntroducedVersion>1.0</IntroducedVersion>
            <FormPresentation>1</FormPresentation>
            <FormActivationState>1</FormActivationState>
            <form headerdensity="HighWithControls">
              <tabs>
                <tab verticallayout="true" id="{4d32ae75-3aea-4226-b340-dca4edaa8ab0}" IsUserDefined="1" labelid="{f16ca876-c8bc-4db6-9404-b707d364113b}">
                  <labels>
                    <label description="General" languagecode="1033" />
                  </labels>
                  <columns>
                    <column width="100%">
                      <sections>
                        <section showlabel="false" showbar="false" IsUserDefined="0" id="{a1a4c925-f646-4213-b0a1-412eb45b73a0}" labelid="{c6ba2721-50a1-4649-a075-35444c227c3b}">
                          <labels>
                            <label description="General" languagecode="1033" />
                          </labels>
                          <rows>
                            <row>
                              <cell id="{a1822f16-98d7-40cb-a514-c89a4d4ddf9e}" labelid="{a503e53d-68b0-40b9-a157-dc918ac4ca51}">
                                <labels>
                                  <label description="Name" languagecode="1033" />
                                </labels>
                                <control id="govcdm_name" classid="{4273EDBD-AC1D-40d3-9FB2-095C621B552D}" datafieldname="govcdm_name" />
                              </cell>
                            </row>
                            <row>
                              <cell id="{4764732d-a5f3-4618-957b-630141984edc}" labelid="{538f57d3-799c-4a2b-9cf7-8c12e982235a}">
                                <labels>
                                  <label description="Owner" languagecode="1033" />
                                </labels>
                                <control id="ownerid" classid="{270BD3DB-D9AF-4782-9025-509E298DEC0A}" datafieldname="ownerid" />
                              </cell>
                            </row>
                          </rows>
                        </section>
                      </sections>
                    </column>
                  </columns>
                </tab>
              </tabs>
              <header id="{a7a76eca-7128-487f-b2df-3ff94e5d98f8}" celllabelposition="Top" columns="111" labelwidth="115" celllabelalignment="Left">
                <rows>
                  <row>
                    <cell id="{55d646d4-c0ae-40e0-b1a7-83296a4e9f04}" showlabel="false" labelid="{e6e2bb10-ec9c-45da-98de-d52a5b27464a}">
                      <labels>
                        <label description="" languagecode="1033" />
                      </labels>
                    </cell>
                    <cell id="{8d4460e9-e902-4603-b2fe-36389d1381c4}" showlabel="false" labelid="{e77dd8e2-94b1-4ea9-9a95-dae98c9c89b1}">
                      <labels>
                        <label description="" languagecode="1033" />
                      </labels>
                    </cell>
                    <cell id="{6859b37f-bac4-4270-8c8c-fb19cbc95193}" showlabel="false" labelid="{10898b7f-19eb-4e15-95b3-a3c5c6bad97f}">
                      <labels>
                        <label description="" languagecode="1033" />
                      </labels>
                    </cell>
                  </row>
                </rows>
              </header>
              <footer id="{06af2bd4-2186-498c-8b53-e2b215be8142}" celllabelposition="Top" columns="111" labelwidth="115" celllabelalignment="Left">
                <rows>
                  <row>
                    <cell id="{6d638238-3779-494e-962c-92297a6e5086}" showlabel="false" labelid="{04c38512-e87b-404f-b0a8-07ca1cc08934}">
                      <labels>
                        <label description="" languagecode="1033" />
                      </labels>
                    </cell>
                    <cell id="{fe0ae883-ed58-4e36-bfbd-cd7c693a9fa2}" showlabel="false" labelid="{cc34ce63-179d-4464-b237-eda2e64dec56}">
                      <labels>
                        <label description="" languagecode="1033" />
                      </labels>
                    </cell>
                    <cell id="{827213fa-b05f-4b5f-9ec9-aa3cdb7dfec0}" showlabel="false" labelid="{c8759d57-332e-46a1-94d6-218dc4b3b6b8}">
                      <labels>
                        <label description="" languagecode="1033" />
                      </labels>
                    </cell>
                  </row>
                </rows>
              </footer>
              <DisplayConditions Order="1" FallbackForm="true">
                <Role Id="{627090ff-40a3-4053-8790-584edc5be201}" />
                <Role Id="{119f245c-3cc8-4b62-b31c-d1a046ced15d}" />
              </DisplayConditions>
            </form>
            <IsCustomizable>1</IsCustomizable>
            <CanBeDeleted>1</CanBeDeleted>
            <LocalizedNames>
              <LocalizedName description="Main" languagecode="1033" />
            </LocalizedNames>
            <Descriptions>
              <Description description="A form for this entity." languagecode="1033" />
            </Descriptions>
          </systemform>
        </forms>
      </FormXml>
      <RibbonDiffXml>
        <CustomActions />
        <Templates>
          <RibbonTemplates Id="Mscrm.Templates"></RibbonTemplates>
        </Templates>
        <CommandDefinitions />
        <RuleDefinitions>
          <TabDisplayRules />
          <DisplayRules />
          <EnableRules />
        </RuleDefinitions>
        <LocLabels />
      </RibbonDiffXml>
    </Entity>
    <Entity>
      <Name LocalizedName="ICM Lead" OriginalName="ICM Lead">govcdm_ICMLead</Name>
      <FormXml>
        <forms type="main">
          <systemform>
            <formid>{4b517d47-7df7-ee11-a1fd-6045bddc9197}</formid>
            <IntroducedVersion>1.0</IntroducedVersion>
            <FormPresentation>1</FormPresentation>
            <FormActivationState>1</FormActivationState>
            <form headerdensity="HighWithControls">
              <tabs>
                <tab verticallayout="true" id="{b075d20c-88e7-4bc1-8825-e4da4cd1604b}" IsUserDefined="1" labelid="{65620450-8e19-4434-83d4-142abb60eb46}">
                  <labels>
                    <label description="General" languagecode="1033" />
                  </labels>
                  <columns>
                    <column width="100%">
                      <sections>
                        <section showlabel="false" showbar="false" IsUserDefined="0" id="{122d9d75-6041-49f2-9743-5ab92aaccd96}" labelid="{4e895e55-5c95-4ef1-ac7f-7b6a3a9f73fd}">
                          <labels>
                            <label description="General" languagecode="1033" />
                          </labels>
                          <rows>
                            <row>
                              <cell id="{da1f225a-2c2b-44a8-a853-de192ad24090}" labelid="{1f733407-061f-4d29-adab-2b72484d799e}">
                                <labels>
                                  <label description="Name" languagecode="1033" />
                                </labels>
                                <control id="govcdm_name" classid="{4273EDBD-AC1D-40d3-9FB2-095C621B552D}" datafieldname="govcdm_name" />
                              </cell>
                            </row>
                            <row>
                              <cell id="{7d082653-4ad1-4411-981c-95f7bb26e45a}" locklevel="0" colspan="1" rowspan="1" labelid="{ca513f01-3ef1-4595-9b4a-0f873e3dcffe}">
                                <labels>
                                  <label description="Method of Receipt" languagecode="1033" />
                                </labels>
                                <control id="govcdm_methodofreceipt" classid="{3EF39988-22BB-4F0B-BBBE-64B5A3748AEE}" datafieldname="govcdm_methodofreceipt" disabled="false" />
                              </cell>
                            </row>
                            <row>
                              <cell id="{807a79e8-14b7-4dc0-b969-d25ab834f27a}" labelid="{b3161601-2612-41e7-b9fa-76deeace4b9a}">
                                <labels>
                                  <label description="Owner" languagecode="1033" />
                                </labels>
                                <control id="ownerid" classid="{270BD3DB-D9AF-4782-9025-509E298DEC0A}" datafieldname="ownerid" />
                              </cell>
                            </row>
                          </rows>
                        </section>
                      </sections>
                    </column>
                  </columns>
                </tab>
              </tabs>
              <header id="{7f88559f-39b3-4664-920c-fcecc1e6fa39}" celllabelposition="Top" columns="111" labelwidth="115" celllabelalignment="Left">
                <rows>
                  <row>
                    <cell id="{0ec5bd9a-cb97-4d13-a731-d58a1e280ef6}" showlabel="false" labelid="{bef087a0-d88b-4239-8443-8ba52acfa588}">
                      <labels>
                        <label description="" languagecode="1033" />
                      </labels>
                    </cell>
                    <cell id="{66d6317b-0533-4a38-a9c8-eb48911b0dc5}" showlabel="false" labelid="{1cd93583-c354-482e-a7fb-1b9615ed206d}">
                      <labels>
                        <label description="" languagecode="1033" />
                      </labels>
                    </cell>
                    <cell id="{15d12fa7-fb83-41ef-a9f7-1b82d698eb68}" showlabel="false" labelid="{703a3fd9-75cf-4af5-81be-8c5e169e6fa9}">
                      <labels>
                        <label description="" languagecode="1033" />
                      </labels>
                    </cell>
                  </row>
                </rows>
              </header>
              <footer id="{f375e53b-5bf8-49d5-bc92-03559d533116}" celllabelposition="Top" columns="111" labelwidth="115" celllabelalignment="Left">
                <rows>
                  <row>
                    <cell id="{40a8f515-bbd3-4524-9da0-139f604a2ef4}" showlabel="false" labelid="{f3679b0c-64e6-4a3c-9974-e2bb6a238b8a}">
                      <labels>
                        <label description="" languagecode="1033" />
                      </labels>
                    </cell>
                    <cell id="{20c3275b-1bde-4ef1-8934-ce9407298291}" showlabel="false" labelid="{a27da3b6-d120-47cc-a4a8-3e91a06d62e4}">
                      <labels>
                        <label description="" languagecode="1033" />
                      </labels>
                    </cell>
                    <cell id="{8ffe4687-298d-43ff-8b73-3b5c4eb5c850}" showlabel="false" labelid="{a7939aa0-ca81-4838-a922-801c7326cfa2}">
                      <labels>
                        <label description="" languagecode="1033" />
                      </labels>
                    </cell>
                  </row>
                </rows>
              </footer>
              <DisplayConditions Order="1" FallbackForm="true">
                <Role Id="{627090ff-40a3-4053-8790-584edc5be201}" />
                <Role Id="{119f245c-3cc8-4b62-b31c-d1a046ced15d}" />
              </DisplayConditions>
            </form>
            <IsCustomizable>1</IsCustomizable>
            <CanBeDeleted>1</CanBeDeleted>
            <LocalizedNames>
              <LocalizedName description="Main" languagecode="1033" />
            </LocalizedNames>
            <Descriptions>
              <Description description="A form for this entity." languagecode="1033" />
            </Descriptions>
          </systemform>
        </forms>
      </FormXml>
      <RibbonDiffXml>
        <CustomActions />
        <Templates>
          <RibbonTemplates Id="Mscrm.Templates"></RibbonTemplates>
        </Templates>
        <CommandDefinitions />
        <RuleDefinitions>
          <TabDisplayRules />
          <DisplayRules />
          <EnableRules />
        </RuleDefinitions>
        <LocLabels />
      </RibbonDiffXml>
    </Entity>
    <Entity>
      <Name LocalizedName="ICM Referral" OriginalName="ICM Referral">govcdm_ICMReferral</Name>
      <FormXml>
        <forms type="main">
          <systemform>
            <formid>{ae3d9f64-7df7-ee11-a1fd-6045bddc9197}</formid>
            <IntroducedVersion>1.0</IntroducedVersion>
            <FormPresentation>1</FormPresentation>
            <FormActivationState>1</FormActivationState>
            <form headerdensity="HighWithControls">
              <tabs>
                <tab verticallayout="true" id="{2d71f680-95d4-40a0-9c70-1d64d1e267b8}" IsUserDefined="1" labelid="{6123b572-94d1-4a8e-b2c6-0c436a28ebdc}">
                  <labels>
                    <label description="General" languagecode="1033" />
                  </labels>
                  <columns>
                    <column width="100%">
                      <sections>
                        <section showlabel="false" showbar="false" IsUserDefined="0" id="{8945a345-e1f0-424c-92f7-3459eaaf0c0c}" labelid="{a7103ec2-c9e7-4209-adce-c5767ce0b13b}">
                          <labels>
                            <label description="General" languagecode="1033" />
                          </labels>
                          <rows>
                            <row>
                              <cell id="{e36c59e3-70e9-42f4-84fd-1a3257021284}" labelid="{8c0bb582-6272-4ed1-8072-e0f458a89a20}">
                                <labels>
                                  <label description="Name" languagecode="1033" />
                                </labels>
                                <control id="govcdm_name" classid="{4273EDBD-AC1D-40d3-9FB2-095C621B552D}" datafieldname="govcdm_name" />
                              </cell>
                            </row>
                            <row>
                              <cell id="{ff48e087-bf87-4f91-a545-5f9369022420}" locklevel="0" colspan="1" rowspan="1" labelid="{0512d37a-f92d-4389-b5f9-e174c70d4168}">
                                <labels>
                                  <label description="ICM Referral Type" languagecode="1033" />
                                </labels>
                                <control id="govcdm_icmreferraltype" classid="{3EF39988-22BB-4F0B-BBBE-64B5A3748AEE}" datafieldname="govcdm_icmreferraltype" disabled="false" />
                              </cell>
                            </row>
                            <row>
                              <cell id="{3ff1c730-787d-46f1-927b-f13f568150ce}" labelid="{e0f6c920-2a39-4e68-a204-58600ee5f858}">
                                <labels>
                                  <label description="Owner" languagecode="1033" />
                                </labels>
                                <control id="ownerid" classid="{270BD3DB-D9AF-4782-9025-509E298DEC0A}" datafieldname="ownerid" />
                              </cell>
                            </row>
                          </rows>
                        </section>
                      </sections>
                    </column>
                  </columns>
                </tab>
              </tabs>
              <header id="{3df2c230-1a7d-4513-a7ed-fd06896afaf4}" celllabelposition="Top" columns="111" labelwidth="115" celllabelalignment="Left">
                <rows>
                  <row>
                    <cell id="{749bf651-3c6f-4a88-925b-39be4f74f5d3}" showlabel="false" labelid="{c598fb9c-9750-443d-b052-5a2bf69ad7f7}">
                      <labels>
                        <label description="" languagecode="1033" />
                      </labels>
                    </cell>
                    <cell id="{ebcbc42e-8ec8-447d-b57a-269c0e1bf4cb}" showlabel="false" labelid="{3884d302-6146-49db-b464-e7adf4a360f1}">
                      <labels>
                        <label description="" languagecode="1033" />
                      </labels>
                    </cell>
                    <cell id="{b9861467-ea10-4388-9620-c823e8f6527a}" showlabel="false" labelid="{818ce73b-db86-411a-9ac7-7998cde1962a}">
                      <labels>
                        <label description="" languagecode="1033" />
                      </labels>
                    </cell>
                    <cell id="{9a2302d4-bac7-48de-8d54-2e6f9fcb9129}" locklevel="0" colspan="1" rowspan="1" labelid="{093d0541-0e60-4174-b292-700d32ee2270}">
                      <labels>
                        <label description="ICM Case" languagecode="1033" />
                      </labels>
                      <control id="header_govcdm_icmcase" classid="{270BD3DB-D9AF-4782-9025-509E298DEC0A}" datafieldname="govcdm_icmcase" disabled="false" />
                    </cell>
                  </row>
                </rows>
              </header>
              <footer id="{6de3a63d-1db5-4b83-9398-b2388aa0d24a}" celllabelposition="Top" columns="111" labelwidth="115" celllabelalignment="Left">
                <rows>
                  <row>
                    <cell id="{2214fb78-c7b4-4994-bd1a-36c839acd257}" showlabel="false" labelid="{19ea7515-b078-438d-9d80-fd9ed8a09c4a}">
                      <labels>
                        <label description="" languagecode="1033" />
                      </labels>
                    </cell>
                    <cell id="{73c19c33-871c-42c1-8ea0-3a4876a34795}" showlabel="false" labelid="{a6e385af-ade9-4d3b-945f-abe6bea719b0}">
                      <labels>
                        <label description="" languagecode="1033" />
                      </labels>
                    </cell>
                    <cell id="{754c766f-ff35-45e9-a3f8-1bf91a86eee9}" showlabel="false" labelid="{ed431018-d6c0-4a8d-aa7e-4b9d0ba9dee4}">
                      <labels>
                        <label description="" languagecode="1033" />
                      </labels>
                    </cell>
                  </row>
                </rows>
              </footer>
              <DisplayConditions Order="1" FallbackForm="true">
                <Role Id="{627090ff-40a3-4053-8790-584edc5be201}" />
                <Role Id="{119f245c-3cc8-4b62-b31c-d1a046ced15d}" />
              </DisplayConditions>
            </form>
            <IsCustomizable>1</IsCustomizable>
            <CanBeDeleted>1</CanBeDeleted>
            <LocalizedNames>
              <LocalizedName description="Main" languagecode="1033" />
            </LocalizedNames>
            <Descriptions>
              <Description description="A form for this entity." languagecode="1033" />
            </Descriptions>
          </systemform>
        </forms>
      </FormXml>
      <RibbonDiffXml>
        <CustomActions />
        <Templates>
          <RibbonTemplates Id="Mscrm.Templates"></RibbonTemplates>
        </Templates>
        <CommandDefinitions />
        <RuleDefinitions>
          <TabDisplayRules />
          <DisplayRules />
          <EnableRules />
        </RuleDefinitions>
        <LocLabels />
      </RibbonDiffXml>
    </Entity>
    <Entity>
      <Name LocalizedName="ICM Violation" OriginalName="ICM Violation">govcdm_ICMViolation</Name>
      <FormXml>
        <forms type="main">
          <systemform>
            <formid>{27cb777b-7df7-ee11-a1fd-6045bddc9197}</formid>
            <IntroducedVersion>1.0</IntroducedVersion>
            <FormPresentation>1</FormPresentation>
            <FormActivationState>1</FormActivationState>
            <form headerdensity="HighWithControls">
              <tabs>
                <tab verticallayout="true" id="{05819724-0251-4743-85ae-d61d815699db}" IsUserDefined="1" labelid="{7256b07a-932c-45a4-aab4-bedef7727463}">
                  <labels>
                    <label description="General" languagecode="1033" />
                  </labels>
                  <columns>
                    <column width="100%">
                      <sections>
                        <section showlabel="false" showbar="false" IsUserDefined="0" id="{e89396d3-aa20-4cc2-8ba9-2caf32ab6908}" labelid="{550e70b2-6e98-4f12-a893-cea58e005265}">
                          <labels>
                            <label description="General" languagecode="1033" />
                          </labels>
                          <rows>
                            <row>
                              <cell id="{5232c8e0-423f-4bca-a8d2-0755f2b9fc29}" labelid="{53ca47cf-a760-4a4b-bdb2-e3d28e00dbe9}">
                                <labels>
                                  <label description="Name" languagecode="1033" />
                                </labels>
                                <control id="govcdm_name" classid="{4273EDBD-AC1D-40d3-9FB2-095C621B552D}" datafieldname="govcdm_name" />
                              </cell>
                            </row>
                            <row>
                              <cell id="{2ec1f014-589d-4ceb-8ece-9975bc7a7f61}" labelid="{f9a543b7-0dd8-4c7c-aba5-ca8e6e96bf42}">
                                <labels>
                                  <label description="Owner" languagecode="1033" />
                                </labels>
                                <control id="ownerid" classid="{270BD3DB-D9AF-4782-9025-509E298DEC0A}" datafieldname="ownerid" />
                              </cell>
                            </row>
                          </rows>
                        </section>
                      </sections>
                    </column>
                  </columns>
                </tab>
              </tabs>
              <header id="{a8587f72-6397-4569-8d62-8e7de9f7cbe8}" celllabelposition="Top" columns="111" labelwidth="115" celllabelalignment="Left">
                <rows>
                  <row>
                    <cell id="{b2817e64-8516-4c32-8cda-fa546a82f6f1}" showlabel="false" labelid="{90ed81f1-0a47-432f-a6bc-43353f4d127c}">
                      <labels>
                        <label description="" languagecode="1033" />
                      </labels>
                    </cell>
                    <cell id="{544a7967-a181-4a6a-bcf6-60d55c10959f}" showlabel="false" labelid="{c91fd011-e330-4bcb-a61b-154c2c84e2d8}">
                      <labels>
                        <label description="" languagecode="1033" />
                      </labels>
                    </cell>
                    <cell id="{15ee58db-e015-4bd2-abd5-6c070442b0ae}" showlabel="false" labelid="{6292c83e-6998-4f42-baae-f8ac122565f1}">
                      <labels>
                        <label description="" languagecode="1033" />
                      </labels>
                    </cell>
                  </row>
                </rows>
              </header>
              <footer id="{a42abbde-5792-4692-b38d-fb721dc2eddb}" celllabelposition="Top" columns="111" labelwidth="115" celllabelalignment="Left">
                <rows>
                  <row>
                    <cell id="{3012b5a4-ebc7-4abe-b364-2fec5607a006}" showlabel="false" labelid="{d818f687-adf1-4bef-a297-85e5f380ff6d}">
                      <labels>
                        <label description="" languagecode="1033" />
                      </labels>
                    </cell>
                    <cell id="{2b7ae5cf-face-4b76-9d06-e43d99e9aacf}" showlabel="false" labelid="{549efb46-a4a1-4a16-a9e0-33c98bbff19a}">
                      <labels>
                        <label description="" languagecode="1033" />
                      </labels>
                    </cell>
                    <cell id="{97b535a9-0273-40c8-a116-29f874985c2b}" showlabel="false" labelid="{3b97510f-b73a-4896-9e5e-f1ed3eef472e}">
                      <labels>
                        <label description="" languagecode="1033" />
                      </labels>
                    </cell>
                  </row>
                </rows>
              </footer>
              <DisplayConditions Order="1" FallbackForm="true">
                <Role Id="{627090ff-40a3-4053-8790-584edc5be201}" />
                <Role Id="{119f245c-3cc8-4b62-b31c-d1a046ced15d}" />
              </DisplayConditions>
            </form>
            <IsCustomizable>1</IsCustomizable>
            <CanBeDeleted>1</CanBeDeleted>
            <LocalizedNames>
              <LocalizedName description="Main" languagecode="1033" />
            </LocalizedNames>
            <Descriptions>
              <Description description="A form for this entity." languagecode="1033" />
            </Descriptions>
          </systemform>
        </forms>
      </FormXml>
      <RibbonDiffXml>
        <CustomActions />
        <Templates>
          <RibbonTemplates Id="Mscrm.Templates"></RibbonTemplates>
        </Templates>
        <CommandDefinitions />
        <RuleDefinitions>
          <TabDisplayRules />
          <DisplayRules />
          <EnableRules />
        </RuleDefinitions>
        <LocLabels />
      </RibbonDiffXml>
    </Entity>
  </Entities>
  <Roles />
  <Workflows />
  <FieldSecurityProfiles />
  <Templates />
  <EntityMaps />
  <EntityRelationships />
  <OrganizationSettings />
  <optionsets />
  <CustomControls />
  <AppModuleSiteMaps>
    <AppModuleSiteMap>
      <SiteMapUniqueName>msfed_InvestigativeCaseManagement</SiteMapUniqueName>
      <EnableCollapsibleGroups>False</EnableCollapsibleGroups>
      <ShowHome>True</ShowHome>
      <ShowPinned>True</ShowPinned>
      <ShowRecents>True</ShowRecents>
      <SiteMap IntroducedVersion="7.0.0.0">
        <Area Id="area_65678def" ResourceId="SitemapDesigner.NewTitle" DescriptionResourceId="SitemapDesigner.NewTitle" ShowGroups="true" IntroducedVersion="7.0.0.0">
          <Titles>
            <Title LCID="1033" Title="Area1" />
          </Titles>
          <Group Id="group_33d9ba2a" ResourceId="SitemapDesigner.NewGroup" DescriptionResourceId="SitemapDesigner.NewGroup" IntroducedVersion="7.0.0.0" IsProfile="false" ToolTipResourseId="SitemapDesigner.Unknown">
            <Titles>
              <Title LCID="1033" Title="Casework" />
            </Titles>
            <SubArea Id="subarea_b302248b" Icon="/_imgs/imagestrips/transparent_spacer.gif" Entity="govcdm_icmlead" Client="All,Outlook,OutlookLaptopClient,OutlookWorkstationClient,Web" AvailableOffline="true" PassParams="false" Sku="All,OnPremise,Live,SPLA" />
            <SubArea Id="subarea_937e7dc0" Icon="/_imgs/imagestrips/transparent_spacer.gif" Entity="govcdm_icmcase" Client="All,Outlook,OutlookLaptopClient,OutlookWorkstationClient,Web" AvailableOffline="true" PassParams="false" Sku="All,OnPremise,Live,SPLA" />
            <SubArea Id="subarea_37257673" Icon="/_imgs/imagestrips/transparent_spacer.gif" Entity="govcdm_icmreferral" Client="All,Outlook,OutlookLaptopClient,OutlookWorkstationClient,Web" AvailableOffline="true" PassParams="false" Sku="All,OnPremise,Live,SPLA" />
          </Group>
        </Area>
      </SiteMap>
      <LocalizedNames>
        <LocalizedName description="Investigative Case Management" languagecode="1033" />
      </LocalizedNames>
    </AppModuleSiteMap>
  </AppModuleSiteMaps>
  <AppModules>
    <AppModule>
      <UniqueName>msfed_InvestigativeCaseManagement</UniqueName>
      <IntroducedVersion>1.0</IntroducedVersion>
      <WebResourceId>953b9fac-1e5e-e611-80d6-00155ded156f</WebResourceId>
      <OptimizedFor></OptimizedFor>
      <statecode>0</statecode>
      <statuscode>1</statuscode>
      <FormFactor>1</FormFactor>
      <ClientType>4</ClientType>
      <NavigationType>0</NavigationType>
      <AppModuleComponents>
        <AppModuleComponent type="1" schemaName="govcdm_icmcase" />
        <AppModuleComponent type="1" schemaName="govcdm_icmcasecontact" />
        <AppModuleComponent type="1" schemaName="govcdm_icmcasecontactviolation" />
        <AppModuleComponent type="1" schemaName="govcdm_icmcaseevidence" />
        <AppModuleComponent type="1" schemaName="govcdm_icmcaseviolation" />
        <AppModuleComponent type="1" schemaName="govcdm_icmlead" />
        <AppModuleComponent type="1" schemaName="govcdm_icmreferral" />
        <AppModuleComponent type="60" id="{63f47a54-7cf7-ee11-a1fd-6045bddc9197}" />
        <AppModuleComponent type="60" id="{4b517d47-7df7-ee11-a1fd-6045bddc9197}" />
        <AppModuleComponent type="60" id="{ae3d9f64-7df7-ee11-a1fd-6045bddc9197}" />
        <AppModuleComponent type="62" schemaName="msfed_InvestigativeCaseManagement" />
      </AppModuleComponents>
      <AppModuleRoleMaps>
        <Role id="{627090ff-40a3-4053-8790-584edc5be201}" />
        <Role id="{119f245c-3cc8-4b62-b31c-d1a046ced15d}" />
      </AppModuleRoleMaps>
      <LocalizedNames>
        <LocalizedName description="Investigative Case Management" languagecode="1033" />
      </LocalizedNames>
      <appsettings>
        <appsetting settingdefinitionid.uniquename="AppChannel">
          <iscustomizable>1</iscustomizable>
          <value>1</value>
        </appsetting>
      </appsettings>
    </AppModule>
  </AppModules>
  <EntityDataProviders />
  <Languages>
    <Language>1033</Language>
  </Languages>
</ImportExportXml>