<?xml version="1.0" encoding="UTF-8" standalone="yes"?>
<manifest>
  <control namespace="MSGov" constructor="IFrameControl" version="1.5.0" display-name-key="IFrameControl_Display_Key" description-key="IFrameControl_Desc_Key" control-type="standard" api-version="1.3.18">
    <property name="target" display-name-key="Target" description-key="URL of IFrame Target" of-type="SingleLine.Text" usage="bound" required="true" default-value="https://example.com/"/>
    <resources>
      <code path="bundle.js" order="1"/>
      <css path="css/IFrameControl.css" order="2"/>
      <resx path="strings/IFrameControl.1033.resx" version="1.4.0"/>
    </resources>
    <feature-usage/>
    <built-by name="pac" version="1.50.1"/>
  </control>
</manifest>