﻿<?xml version="1.0" encoding="utf-8"?>
<ImportExportXml version="9.2.24032.208" SolutionPackageVersion="9.2" languagecode="1033" generatedBy="CrmLive" xmlns:xsi="http://www.w3.org/2001/XMLSchema-instance">
  <SolutionManifest>
    <UniqueName>msfed_eventmanagement</UniqueName>
    <LocalizedNames>
      <LocalizedName description="Microsoft Federal - Event Management" languagecode="1033" />
    </LocalizedNames>
    <Descriptions />
    <Version>1.0.0.2</Version>
    <Managed>1</Managed>
    <Publisher>
      <UniqueName>microsoftfederal</UniqueName>
      <LocalizedNames>
        <LocalizedName description="Microsoft Federal" languagecode="1033" />
      </LocalizedNames>
      <Descriptions>
        <Description description="microsoftfederal" languagecode="1033" />
      </Descriptions>
      <EMailAddress xsi:nil="true"></EMailAddress>
      <SupportingWebsiteUrl xsi:nil="true"></SupportingWebsiteUrl>
      <CustomizationPrefix>msfed</CustomizationPrefix>
      <CustomizationOptionValuePrefix>18844</CustomizationOptionValuePrefix>
      <Addresses>
        <Address>
          <AddressNumber>1</AddressNumber>
          <AddressTypeCode>1</AddressTypeCode>
          <City xsi:nil="true"></City>
          <County xsi:nil="true"></County>
          <Country xsi:nil="true"></Country>
          <Fax xsi:nil="true"></Fax>
          <FreightTermsCode xsi:nil="true"></FreightTermsCode>
          <ImportSequenceNumber xsi:nil="true"></ImportSequenceNumber>
          <Latitude xsi:nil="true"></Latitude>
          <Line1 xsi:nil="true"></Line1>
          <Line2 xsi:nil="true"></Line2>
          <Line3 xsi:nil="true"></Line3>
          <Longitude xsi:nil="true"></Longitude>
          <Name xsi:nil="true"></Name>
          <PostalCode xsi:nil="true"></PostalCode>
          <PostOfficeBox xsi:nil="true"></PostOfficeBox>
          <PrimaryContactName xsi:nil="true"></PrimaryContactName>
          <ShippingMethodCode>1</ShippingMethodCode>
          <StateOrProvince xsi:nil="true"></StateOrProvince>
          <Telephone1 xsi:nil="true"></Telephone1>
          <Telephone2 xsi:nil="true"></Telephone2>
          <Telephone3 xsi:nil="true"></Telephone3>
          <TimeZoneRuleVersionNumber xsi:nil="true"></TimeZoneRuleVersionNumber>
          <UPSZone xsi:nil="true"></UPSZone>
          <UTCOffset xsi:nil="true"></UTCOffset>
          <UTCConversionTimeZoneCode xsi:nil="true"></UTCConversionTimeZoneCode>
        </Address>
        <Address>
          <AddressNumber>2</AddressNumber>
          <AddressTypeCode>1</AddressTypeCode>
          <City xsi:nil="true"></City>
          <County xsi:nil="true"></County>
          <Country xsi:nil="true"></Country>
          <Fax xsi:nil="true"></Fax>
          <FreightTermsCode xsi:nil="true"></FreightTermsCode>
          <ImportSequenceNumber xsi:nil="true"></ImportSequenceNumber>
          <Latitude xsi:nil="true"></Latitude>
          <Line1 xsi:nil="true"></Line1>
          <Line2 xsi:nil="true"></Line2>
          <Line3 xsi:nil="true"></Line3>
          <Longitude xsi:nil="true"></Longitude>
          <Name xsi:nil="true"></Name>
          <PostalCode xsi:nil="true"></PostalCode>
          <PostOfficeBox xsi:nil="true"></PostOfficeBox>
          <PrimaryContactName xsi:nil="true"></PrimaryContactName>
          <ShippingMethodCode>1</ShippingMethodCode>
          <StateOrProvince xsi:nil="true"></StateOrProvince>
          <Telephone1 xsi:nil="true"></Telephone1>
          <Telephone2 xsi:nil="true"></Telephone2>
          <Telephone3 xsi:nil="true"></Telephone3>
          <TimeZoneRuleVersionNumber xsi:nil="true"></TimeZoneRuleVersionNumber>
          <UPSZone xsi:nil="true"></UPSZone>
          <UTCOffset xsi:nil="true"></UTCOffset>
          <UTCConversionTimeZoneCode xsi:nil="true"></UTCConversionTimeZoneCode>
        </Address>
      </Addresses>
    </Publisher>
    <RootComponents>
      <RootComponent type="1" schemaName="activitypointer" behavior="2" />
      <RootComponent type="1" schemaName="govcdm_bookableresource" behavior="2" />
      <RootComponent type="1" schemaName="govcdm_bookableresourcepayment" behavior="2" />
      <RootComponent type="1" schemaName="govcdm_bookableresourcereservation" behavior="2" />
      <RootComponent type="1" schemaName="govcdm_event" behavior="2" />
      <RootComponent type="1" schemaName="govcdm_eventattendee" behavior="2" />
      <RootComponent type="300" schemaName="msfed_mastercalendar_35d48" behavior="0" />
      <RootComponent type="62" schemaName="msfed_EventManagement" behavior="0" />
      <RootComponent type="80" schemaName="msfed_EventManagement" behavior="0" />
    </RootComponents>
    <MissingDependencies>
      <MissingDependency>
        <Required type="1" schemaName="govcdm_bookableresource" displayName="Bookable Resource" solution="govcdm_eventmanagement (1.0.0.1)" />
        <Dependent type="1" schemaName="govcdm_bookableresource" displayName="Bookable Resource" />
      </MissingDependency>
      <MissingDependency>
        <Required type="1" schemaName="govcdm_bookableresource" displayName="Bookable Resource" solution="govcdm_eventmanagement (1.0.0.1)" />
        <Dependent type="60" displayName="Bookable Resource Quick Create" parentDisplayName="Bookable Resource" id="{e9d05192-b571-ee11-9ae7-6045bd0062b9}" />
      </MissingDependency>
      <MissingDependency>
        <Required type="1" schemaName="govcdm_bookableresource" displayName="Bookable Resource" solution="govcdm_eventmanagement (1.0.0.1)" />
        <Dependent type="62" schemaName="msfed_EventManagement" />
      </MissingDependency>
      <MissingDependency>
        <Required type="1" schemaName="govcdm_bookableresource" displayName="Bookable Resource" solution="govcdm_eventmanagement (1.0.0.1)" />
        <Dependent type="80" schemaName="msfed_EventManagement" displayName="Event Management" />
      </MissingDependency>
      <MissingDependency>
        <Required type="1" schemaName="govcdm_bookableresourcepayment" displayName="Bookable Resource Payment" solution="govcdm_eventmanagement (1.0.0.1)" />
        <Dependent type="1" schemaName="govcdm_bookableresourcepayment" displayName="Bookable Resource Payment" />
      </MissingDependency>
      <MissingDependency>
        <Required type="1" schemaName="govcdm_bookableresourcepayment" displayName="Bookable Resource Payment" solution="govcdm_eventmanagement (1.0.0.1)" />
        <Dependent type="60" displayName="Information" parentDisplayName="Bookable Resource Reservation" id="{a55f6654-9e7a-440f-b887-7ca8cf2d88e9}" />
      </MissingDependency>
      <MissingDependency>
        <Required type="1" schemaName="govcdm_bookableresourcepayment" displayName="Bookable Resource Payment" solution="govcdm_eventmanagement (1.0.0.1)" />
        <Dependent type="60" displayName="Bookable Resource Payment Quick Create" parentDisplayName="Bookable Resource Payment" id="{d6b1656f-b671-ee11-9ae7-6045bd0062b9}" />
      </MissingDependency>
      <MissingDependency>
        <Required type="1" schemaName="govcdm_bookableresourcepayment" displayName="Bookable Resource Payment" solution="govcdm_eventmanagement (1.0.0.1)" />
        <Dependent type="62" schemaName="msfed_EventManagement" />
      </MissingDependency>
      <MissingDependency>
        <Required type="1" schemaName="govcdm_bookableresourcepayment" displayName="Bookable Resource Payment" solution="govcdm_eventmanagement (1.0.0.1)" />
        <Dependent type="80" schemaName="msfed_EventManagement" displayName="Event Management" />
      </MissingDependency>
      <MissingDependency>
        <Required type="1" schemaName="govcdm_bookableresourcereservation" displayName="Bookable Resource Reservation" solution="govcdm_eventmanagement (1.0.0.1)" />
        <Dependent type="1" schemaName="govcdm_bookableresourcereservation" displayName="Bookable Resource Reservation" />
      </MissingDependency>
      <MissingDependency>
        <Required type="1" schemaName="govcdm_bookableresourcereservation" displayName="Bookable Resource Reservation" solution="govcdm_eventmanagement (1.0.0.1)" />
        <Dependent type="60" displayName="Bookable Resource Reservation Quick Create" parentDisplayName="Bookable Resource Reservation" id="{7986868a-b671-ee11-9ae7-6045bd0062b9}" />
      </MissingDependency>
      <MissingDependency>
        <Required type="1" schemaName="govcdm_bookableresourcereservation" displayName="Bookable Resource Reservation" solution="govcdm_eventmanagement (1.0.0.1)" />
        <Dependent type="60" displayName="Information" parentDisplayName="Event" id="{d6c41f48-9ffa-4ff8-bc21-d3e2fd2dc701}" />
      </MissingDependency>
      <MissingDependency>
        <Required type="1" schemaName="govcdm_bookableresourcereservation" displayName="Bookable Resource Reservation" solution="govcdm_eventmanagement (1.0.0.1)" />
        <Dependent type="60" displayName="Information" parentDisplayName="Bookable Resource" id="{ffa05bca-e4ae-46b9-b957-dbc626987ee5}" />
      </MissingDependency>
      <MissingDependency>
        <Required type="1" schemaName="govcdm_bookableresourcereservation" displayName="Bookable Resource Reservation" solution="govcdm_eventmanagement (1.0.0.1)" />
        <Dependent type="62" schemaName="msfed_EventManagement" />
      </MissingDependency>
      <MissingDependency>
        <Required type="1" schemaName="govcdm_bookableresourcereservation" displayName="Bookable Resource Reservation" solution="govcdm_eventmanagement (1.0.0.1)" />
        <Dependent type="80" schemaName="msfed_EventManagement" displayName="Event Management" />
      </MissingDependency>
      <MissingDependency>
        <Required type="1" schemaName="govcdm_event" displayName="Event" solution="govcdm_eventmanagement (1.0.0.1)" />
        <Dependent type="1" schemaName="govcdm_event" displayName="Event" />
      </MissingDependency>
      <MissingDependency>
        <Required type="1" schemaName="govcdm_event" displayName="Event" solution="govcdm_eventmanagement (1.0.0.1)" />
        <Dependent type="300" schemaName="msfed_mastercalendar_35d48" displayName="Master Calendar" />
      </MissingDependency>
      <MissingDependency>
        <Required type="1" schemaName="govcdm_event" displayName="Event" solution="govcdm_eventmanagement (1.0.0.1)" />
        <Dependent type="60" displayName="Event Quick Create" parentDisplayName="Event" id="{6319ec88-b771-ee11-9ae7-6045bd0062b9}" />
      </MissingDependency>
      <MissingDependency>
        <Required type="1" schemaName="govcdm_event" displayName="Event" solution="govcdm_eventmanagement (1.0.0.1)" />
        <Dependent type="62" schemaName="msfed_EventManagement" />
      </MissingDependency>
      <MissingDependency>
        <Required type="1" schemaName="govcdm_event" displayName="Event" solution="govcdm_eventmanagement (1.0.0.1)" />
        <Dependent type="80" schemaName="msfed_EventManagement" displayName="Event Management" />
      </MissingDependency>
      <MissingDependency>
        <Required type="1" schemaName="govcdm_eventattendee" displayName="Event Attendee" solution="govcdm_eventmanagement (1.0.0.1)" />
        <Dependent type="1" schemaName="govcdm_eventattendee" displayName="Event Attendee" />
      </MissingDependency>
      <MissingDependency>
        <Required type="1" schemaName="govcdm_eventattendee" displayName="Event Attendee" solution="govcdm_eventmanagement (1.0.0.1)" />
        <Dependent type="60" displayName="Event Attendee Quick Create" parentDisplayName="Event Attendee" id="{55198eae-b771-ee11-9ae7-6045bd0062b9}" />
      </MissingDependency>
      <MissingDependency>
        <Required type="1" schemaName="govcdm_eventattendee" displayName="Event Attendee" solution="govcdm_eventmanagement (1.0.0.1)" />
        <Dependent type="60" displayName="Information" parentDisplayName="Event" id="{d6c41f48-9ffa-4ff8-bc21-d3e2fd2dc701}" />
      </MissingDependency>
      <MissingDependency>
        <Required type="1" schemaName="govcdm_eventattendee" displayName="Event Attendee" solution="govcdm_eventmanagement (1.0.0.1)" />
        <Dependent type="62" schemaName="msfed_EventManagement" />
      </MissingDependency>
      <MissingDependency>
        <Required type="1" schemaName="govcdm_eventattendee" displayName="Event Attendee" solution="govcdm_eventmanagement (1.0.0.1)" />
        <Dependent type="80" schemaName="msfed_EventManagement" displayName="Event Management" />
      </MissingDependency>
      <MissingDependency>
        <Required type="10" schemaName="govcdm_govcdm_bookableresourcepayment_BookableRe" displayName="govcdm_govcdm_bookableresourcepayment_BookableRe" parentSchemaName="govcdm_bookableresourcereservation" parentDisplayName="Bookable Resource Reservation" solution="govcdm_eventmanagement (1.0.0.1)" />
        <Dependent type="60" displayName="Information" parentDisplayName="Bookable Resource Reservation" id="{a55f6654-9e7a-440f-b887-7ca8cf2d88e9}" />
      </MissingDependency>
      <MissingDependency>
        <Required type="10" schemaName="govcdm_govcdm_bookableresourcepayment_BookableRe" displayName="govcdm_govcdm_bookableresourcepayment_BookableRe" parentSchemaName="govcdm_bookableresourcereservation" parentDisplayName="Bookable Resource Reservation" solution="govcdm_eventmanagement (1.0.0.1)" />
        <Dependent type="60" displayName="Bookable Resource Payment Quick Create" parentDisplayName="Bookable Resource Payment" id="{d6b1656f-b671-ee11-9ae7-6045bd0062b9}" />
      </MissingDependency>
      <MissingDependency>
        <Required type="10" schemaName="govcdm_govcdm_bookableresourcereservation_Bookab" displayName="govcdm_govcdm_bookableresourcereservation_Bookab" parentSchemaName="govcdm_bookableresource" parentDisplayName="Bookable Resource" solution="govcdm_eventmanagement (1.0.0.1)" />
        <Dependent type="60" displayName="Bookable Resource Reservation Quick Create" parentDisplayName="Bookable Resource Reservation" id="{7986868a-b671-ee11-9ae7-6045bd0062b9}" />
      </MissingDependency>
      <MissingDependency>
        <Required type="10" schemaName="govcdm_govcdm_bookableresourcereservation_Bookab" displayName="govcdm_govcdm_bookableresourcereservation_Bookab" parentSchemaName="govcdm_bookableresource" parentDisplayName="Bookable Resource" solution="govcdm_eventmanagement (1.0.0.1)" />
        <Dependent type="60" displayName="Information" parentDisplayName="Bookable Resource Reservation" id="{a55f6654-9e7a-440f-b887-7ca8cf2d88e9}" />
      </MissingDependency>
      <MissingDependency>
        <Required type="10" schemaName="govcdm_govcdm_bookableresourcereservation_Bookab" displayName="govcdm_govcdm_bookableresourcereservation_Bookab" parentSchemaName="govcdm_bookableresource" parentDisplayName="Bookable Resource" solution="govcdm_eventmanagement (1.0.0.1)" />
        <Dependent type="60" displayName="Information" parentDisplayName="Bookable Resource" id="{ffa05bca-e4ae-46b9-b957-dbc626987ee5}" />
      </MissingDependency>
      <MissingDependency>
        <Required type="10" schemaName="govcdm_govcdm_bookableresourcereservation_Event_" displayName="govcdm_govcdm_bookableresourcereservation_Event_" parentSchemaName="govcdm_event" parentDisplayName="Event" solution="govcdm_eventmanagement (1.0.0.1)" />
        <Dependent type="60" displayName="Bookable Resource Reservation Quick Create" parentDisplayName="Bookable Resource Reservation" id="{7986868a-b671-ee11-9ae7-6045bd0062b9}" />
      </MissingDependency>
      <MissingDependency>
        <Required type="10" schemaName="govcdm_govcdm_bookableresourcereservation_Event_" displayName="govcdm_govcdm_bookableresourcereservation_Event_" parentSchemaName="govcdm_event" parentDisplayName="Event" solution="govcdm_eventmanagement (1.0.0.1)" />
        <Dependent type="60" displayName="Information" parentDisplayName="Bookable Resource Reservation" id="{a55f6654-9e7a-440f-b887-7ca8cf2d88e9}" />
      </MissingDependency>
      <MissingDependency>
        <Required type="10" schemaName="govcdm_govcdm_bookableresourcereservation_Event_" displayName="govcdm_govcdm_bookableresourcereservation_Event_" parentSchemaName="govcdm_event" parentDisplayName="Event" solution="govcdm_eventmanagement (1.0.0.1)" />
        <Dependent type="60" displayName="Information" parentDisplayName="Event" id="{d6c41f48-9ffa-4ff8-bc21-d3e2fd2dc701}" />
      </MissingDependency>
      <MissingDependency>
        <Required type="10" schemaName="govcdm_govcdm_eventattendee_Event_govcdm_event" displayName="govcdm_govcdm_eventattendee_Event_govcdm_event" parentSchemaName="govcdm_event" parentDisplayName="Event" solution="govcdm_eventmanagement (1.0.0.1)" />
        <Dependent type="60" displayName="Event Attendee Quick Create" parentDisplayName="Event Attendee" id="{55198eae-b771-ee11-9ae7-6045bd0062b9}" />
      </MissingDependency>
      <MissingDependency>
        <Required type="10" schemaName="govcdm_govcdm_eventattendee_Event_govcdm_event" displayName="govcdm_govcdm_eventattendee_Event_govcdm_event" parentSchemaName="govcdm_event" parentDisplayName="Event" solution="govcdm_eventmanagement (1.0.0.1)" />
        <Dependent type="60" displayName="Information" parentDisplayName="Event" id="{d6c41f48-9ffa-4ff8-bc21-d3e2fd2dc701}" />
      </MissingDependency>
      <MissingDependency>
        <Required type="10" schemaName="govcdm_govcdm_eventattendee_Person_contact" displayName="govcdm_govcdm_eventattendee_Person_contact" parentSchemaName="contact" parentDisplayName="Person" solution="govcdm_eventmanagement (1.0.0.1)" />
        <Dependent type="60" displayName="Event Attendee Quick Create" parentDisplayName="Event Attendee" id="{55198eae-b771-ee11-9ae7-6045bd0062b9}" />
      </MissingDependency>
      <MissingDependency>
        <Required type="10" schemaName="govcdm_govcdm_eventattendee_Person_contact" displayName="govcdm_govcdm_eventattendee_Person_contact" parentSchemaName="contact" parentDisplayName="Person" solution="govcdm_eventmanagement (1.0.0.1)" />
        <Dependent type="60" displayName="Information" parentDisplayName="Event Attendee" id="{bdc44309-c5ea-4f1d-9885-7a9195f5a1b5}" />
      </MissingDependency>
      <MissingDependency>
        <Required type="2" schemaName="createdon" displayName="Created On" parentSchemaName="govcdm_bookableresourcepayment" parentDisplayName="Bookable Resource Payment" solution="govcdm_eventmanagement (1.0.0.1)" />
        <Dependent type="26" schemaName="Active Bookable Resource Payments" displayName="Active Bookable Resource Payments" parentSchemaName="govcdm_bookableresourcepayment" parentDisplayName="Bookable Resource Payment" id="{69f02639-5e18-46dc-895a-8a1ad5541d7b}" />
      </MissingDependency>
      <MissingDependency>
        <Required type="2" schemaName="createdon" displayName="Created On" parentSchemaName="govcdm_bookableresourcereservation" parentDisplayName="Bookable Resource Reservation" solution="govcdm_eventmanagement (1.0.0.1)" />
        <Dependent type="26" schemaName="Active Bookable Resource Reservations" displayName="Active Bookable Resource Reservations" parentSchemaName="govcdm_bookableresourcereservation" parentDisplayName="Bookable Resource Reservation" id="{504752fc-ed36-422c-9454-557a6a6cef70}" />
      </MissingDependency>
      <MissingDependency>
        <Required type="2" schemaName="createdon" displayName="Created On" parentSchemaName="govcdm_event" parentDisplayName="Event" solution="govcdm_eventmanagement (1.0.0.1)" />
        <Dependent type="26" schemaName="Active Events" displayName="Active Events" parentSchemaName="govcdm_event" parentDisplayName="Event" id="{ffe727b8-b391-49e4-887c-e19d0f52c541}" />
      </MissingDependency>
      <MissingDependency>
        <Required type="2" schemaName="createdon" displayName="Created On" parentSchemaName="govcdm_eventattendee" parentDisplayName="Event Attendee" solution="govcdm_eventmanagement (1.0.0.1)" />
        <Dependent type="26" schemaName="Active Event Attendees" displayName="Active Event Attendees" parentSchemaName="govcdm_eventattendee" parentDisplayName="Event Attendee" id="{dfc7342e-ddc0-4730-a4f2-a5270ca1eca7}" />
      </MissingDependency>
      <MissingDependency>
        <Required type="2" schemaName="govcdm_bookableresource" displayName="Bookable Resource" parentSchemaName="govcdm_bookableresourcereservation" parentDisplayName="Bookable Resource Reservation" solution="govcdm_eventmanagement (1.0.0.1)" />
        <Dependent type="60" displayName="Bookable Resource Reservation Quick Create" parentDisplayName="Bookable Resource Reservation" id="{7986868a-b671-ee11-9ae7-6045bd0062b9}" />
      </MissingDependency>
      <MissingDependency>
        <Required type="2" schemaName="govcdm_bookableresource" displayName="Bookable Resource" parentSchemaName="govcdm_bookableresourcereservation" parentDisplayName="Bookable Resource Reservation" solution="govcdm_eventmanagement (1.0.0.1)" />
        <Dependent type="60" displayName="Information" parentDisplayName="Bookable Resource Reservation" id="{a55f6654-9e7a-440f-b887-7ca8cf2d88e9}" />
      </MissingDependency>
      <MissingDependency>
        <Required type="2" schemaName="govcdm_bookableresourcepaymentid" displayName="Bookable Resource Payment" parentSchemaName="govcdm_bookableresourcepayment" parentDisplayName="Bookable Resource Payment" solution="govcdm_eventmanagement (1.0.0.1)" />
        <Dependent type="26" schemaName="Active Bookable Resource Payments" displayName="Active Bookable Resource Payments" parentSchemaName="govcdm_bookableresourcepayment" parentDisplayName="Bookable Resource Payment" id="{69f02639-5e18-46dc-895a-8a1ad5541d7b}" />
      </MissingDependency>
      <MissingDependency>
        <Required type="2" schemaName="govcdm_bookableresourcereservation" displayName="Bookable Resource Reservation" parentSchemaName="govcdm_bookableresourcepayment" parentDisplayName="Bookable Resource Payment" solution="govcdm_eventmanagement (1.0.0.1)" />
        <Dependent type="60" displayName="Bookable Resource Payment Quick Create" parentDisplayName="Bookable Resource Payment" id="{d6b1656f-b671-ee11-9ae7-6045bd0062b9}" />
      </MissingDependency>
      <MissingDependency>
        <Required type="2" schemaName="govcdm_bookableresourcereservationid" displayName="Bookable Resource Reservation" parentSchemaName="govcdm_bookableresourcereservation" parentDisplayName="Bookable Resource Reservation" solution="govcdm_eventmanagement (1.0.0.1)" />
        <Dependent type="26" schemaName="Active Bookable Resource Reservations" displayName="Active Bookable Resource Reservations" parentSchemaName="govcdm_bookableresourcereservation" parentDisplayName="Bookable Resource Reservation" id="{504752fc-ed36-422c-9454-557a6a6cef70}" />
      </MissingDependency>
      <MissingDependency>
        <Required type="2" schemaName="govcdm_description" displayName="Description" parentSchemaName="govcdm_event" parentDisplayName="Event" solution="govcdm_eventmanagement (1.0.0.1)" />
        <Dependent type="60" displayName="Event Quick Create" parentDisplayName="Event" id="{6319ec88-b771-ee11-9ae7-6045bd0062b9}" />
      </MissingDependency>
      <MissingDependency>
        <Required type="2" schemaName="govcdm_description" displayName="Description" parentSchemaName="govcdm_event" parentDisplayName="Event" solution="govcdm_eventmanagement (1.0.0.1)" />
        <Dependent type="60" displayName="Information" parentDisplayName="Event" id="{d6c41f48-9ffa-4ff8-bc21-d3e2fd2dc701}" />
      </MissingDependency>
      <MissingDependency>
        <Required type="2" schemaName="govcdm_enddatetime" displayName="End Date Time" parentSchemaName="govcdm_event" parentDisplayName="Event" solution="govcdm_eventmanagement (1.0.0.1)" />
        <Dependent type="60" displayName="Event Quick Create" parentDisplayName="Event" id="{6319ec88-b771-ee11-9ae7-6045bd0062b9}" />
      </MissingDependency>
      <MissingDependency>
        <Required type="2" schemaName="govcdm_enddatetime" displayName="End Date Time" parentSchemaName="govcdm_event" parentDisplayName="Event" solution="govcdm_eventmanagement (1.0.0.1)" />
        <Dependent type="60" displayName="Information" parentDisplayName="Event" id="{d6c41f48-9ffa-4ff8-bc21-d3e2fd2dc701}" />
      </MissingDependency>
      <MissingDependency>
        <Required type="2" schemaName="govcdm_event" displayName="Event" parentSchemaName="govcdm_bookableresourcereservation" parentDisplayName="Bookable Resource Reservation" solution="govcdm_eventmanagement (1.0.0.1)" />
        <Dependent type="60" displayName="Bookable Resource Reservation Quick Create" parentDisplayName="Bookable Resource Reservation" id="{7986868a-b671-ee11-9ae7-6045bd0062b9}" />
      </MissingDependency>
      <MissingDependency>
        <Required type="2" schemaName="govcdm_event" displayName="Event" parentSchemaName="govcdm_bookableresourcereservation" parentDisplayName="Bookable Resource Reservation" solution="govcdm_eventmanagement (1.0.0.1)" />
        <Dependent type="60" displayName="Information" parentDisplayName="Bookable Resource Reservation" id="{a55f6654-9e7a-440f-b887-7ca8cf2d88e9}" />
      </MissingDependency>
      <MissingDependency>
        <Required type="2" schemaName="govcdm_event" displayName="Event" parentSchemaName="govcdm_eventattendee" parentDisplayName="Event Attendee" solution="govcdm_eventmanagement (1.0.0.1)" />
        <Dependent type="60" displayName="Event Attendee Quick Create" parentDisplayName="Event Attendee" id="{55198eae-b771-ee11-9ae7-6045bd0062b9}" />
      </MissingDependency>
      <MissingDependency>
        <Required type="2" schemaName="govcdm_eventattendeeid" displayName="Event Attendee" parentSchemaName="govcdm_eventattendee" parentDisplayName="Event Attendee" solution="govcdm_eventmanagement (1.0.0.1)" />
        <Dependent type="26" schemaName="Active Event Attendees" displayName="Active Event Attendees" parentSchemaName="govcdm_eventattendee" parentDisplayName="Event Attendee" id="{dfc7342e-ddc0-4730-a4f2-a5270ca1eca7}" />
      </MissingDependency>
      <MissingDependency>
        <Required type="2" schemaName="govcdm_eventid" displayName="Event" parentSchemaName="govcdm_event" parentDisplayName="Event" solution="govcdm_eventmanagement (1.0.0.1)" />
        <Dependent type="26" schemaName="Active Events" displayName="Active Events" parentSchemaName="govcdm_event" parentDisplayName="Event" id="{ffe727b8-b391-49e4-887c-e19d0f52c541}" />
      </MissingDependency>
      <MissingDependency>
        <Required type="2" schemaName="govcdm_eventtype" displayName="Event Type" parentSchemaName="govcdm_event" parentDisplayName="Event" solution="govcdm_eventmanagement (1.0.0.1)" />
        <Dependent type="60" displayName="Event Quick Create" parentDisplayName="Event" id="{6319ec88-b771-ee11-9ae7-6045bd0062b9}" />
      </MissingDependency>
      <MissingDependency>
        <Required type="2" schemaName="govcdm_eventtype" displayName="Event Type" parentSchemaName="govcdm_event" parentDisplayName="Event" solution="govcdm_eventmanagement (1.0.0.1)" />
        <Dependent type="60" displayName="Information" parentDisplayName="Event" id="{d6c41f48-9ffa-4ff8-bc21-d3e2fd2dc701}" />
      </MissingDependency>
      <MissingDependency>
        <Required type="2" schemaName="govcdm_name" displayName="Name" parentSchemaName="govcdm_bookableresource" parentDisplayName="Bookable Resource" solution="govcdm_eventmanagement (1.0.0.1)" />
        <Dependent type="60" displayName="Bookable Resource Quick Create" parentDisplayName="Bookable Resource" id="{e9d05192-b571-ee11-9ae7-6045bd0062b9}" />
      </MissingDependency>
      <MissingDependency>
        <Required type="2" schemaName="govcdm_name" displayName="Name" parentSchemaName="govcdm_bookableresource" parentDisplayName="Bookable Resource" solution="govcdm_eventmanagement (1.0.0.1)" />
        <Dependent type="60" displayName="Information" parentDisplayName="Bookable Resource" id="{ffa05bca-e4ae-46b9-b957-dbc626987ee5}" />
      </MissingDependency>
      <MissingDependency>
        <Required type="2" schemaName="govcdm_name" displayName="Name" parentSchemaName="govcdm_bookableresourcepayment" parentDisplayName="Bookable Resource Payment" solution="govcdm_eventmanagement (1.0.0.1)" />
        <Dependent type="26" schemaName="Active Bookable Resource Payments" displayName="Active Bookable Resource Payments" parentSchemaName="govcdm_bookableresourcepayment" parentDisplayName="Bookable Resource Payment" id="{69f02639-5e18-46dc-895a-8a1ad5541d7b}" />
      </MissingDependency>
      <MissingDependency>
        <Required type="2" schemaName="govcdm_name" displayName="Name" parentSchemaName="govcdm_bookableresourcereservation" parentDisplayName="Bookable Resource Reservation" solution="govcdm_eventmanagement (1.0.0.1)" />
        <Dependent type="26" schemaName="Active Bookable Resource Reservations" displayName="Active Bookable Resource Reservations" parentSchemaName="govcdm_bookableresourcereservation" parentDisplayName="Bookable Resource Reservation" id="{504752fc-ed36-422c-9454-557a6a6cef70}" />
      </MissingDependency>
      <MissingDependency>
        <Required type="2" schemaName="govcdm_name" displayName="Name" parentSchemaName="govcdm_bookableresourcereservation" parentDisplayName="Bookable Resource Reservation" solution="govcdm_eventmanagement (1.0.0.1)" />
        <Dependent type="60" displayName="Information" parentDisplayName="Bookable Resource Reservation" id="{a55f6654-9e7a-440f-b887-7ca8cf2d88e9}" />
      </MissingDependency>
      <MissingDependency>
        <Required type="2" schemaName="govcdm_name" displayName="Name" parentSchemaName="govcdm_event" parentDisplayName="Event" solution="govcdm_eventmanagement (1.0.0.1)" />
        <Dependent type="26" schemaName="Active Events" displayName="Active Events" parentSchemaName="govcdm_event" parentDisplayName="Event" id="{ffe727b8-b391-49e4-887c-e19d0f52c541}" />
      </MissingDependency>
      <MissingDependency>
        <Required type="2" schemaName="govcdm_name" displayName="Name" parentSchemaName="govcdm_event" parentDisplayName="Event" solution="govcdm_eventmanagement (1.0.0.1)" />
        <Dependent type="60" displayName="Event Quick Create" parentDisplayName="Event" id="{6319ec88-b771-ee11-9ae7-6045bd0062b9}" />
      </MissingDependency>
      <MissingDependency>
        <Required type="2" schemaName="govcdm_name" displayName="Name" parentSchemaName="govcdm_event" parentDisplayName="Event" solution="govcdm_eventmanagement (1.0.0.1)" />
        <Dependent type="60" displayName="Information" parentDisplayName="Event" id="{d6c41f48-9ffa-4ff8-bc21-d3e2fd2dc701}" />
      </MissingDependency>
      <MissingDependency>
        <Required type="2" schemaName="govcdm_name" displayName="Name" parentSchemaName="govcdm_eventattendee" parentDisplayName="Event Attendee" solution="govcdm_eventmanagement (1.0.0.1)" />
        <Dependent type="26" schemaName="Active Event Attendees" displayName="Active Event Attendees" parentSchemaName="govcdm_eventattendee" parentDisplayName="Event Attendee" id="{dfc7342e-ddc0-4730-a4f2-a5270ca1eca7}" />
      </MissingDependency>
      <MissingDependency>
        <Required type="2" schemaName="govcdm_name" displayName="Name" parentSchemaName="govcdm_eventattendee" parentDisplayName="Event Attendee" solution="govcdm_eventmanagement (1.0.0.1)" />
        <Dependent type="60" displayName="Information" parentDisplayName="Event Attendee" id="{bdc44309-c5ea-4f1d-9885-7a9195f5a1b5}" />
      </MissingDependency>
      <MissingDependency>
        <Required type="2" schemaName="govcdm_person" displayName="Person" parentSchemaName="govcdm_eventattendee" parentDisplayName="Event Attendee" solution="govcdm_eventmanagement (1.0.0.1)" />
        <Dependent type="60" displayName="Event Attendee Quick Create" parentDisplayName="Event Attendee" id="{55198eae-b771-ee11-9ae7-6045bd0062b9}" />
      </MissingDependency>
      <MissingDependency>
        <Required type="2" schemaName="govcdm_person" displayName="Person" parentSchemaName="govcdm_eventattendee" parentDisplayName="Event Attendee" solution="govcdm_eventmanagement (1.0.0.1)" />
        <Dependent type="60" displayName="Information" parentDisplayName="Event Attendee" id="{bdc44309-c5ea-4f1d-9885-7a9195f5a1b5}" />
      </MissingDependency>
      <MissingDependency>
        <Required type="2" schemaName="govcdm_startdatetime" displayName="Start Date Time" parentSchemaName="govcdm_event" parentDisplayName="Event" solution="govcdm_eventmanagement (1.0.0.1)" />
        <Dependent type="60" displayName="Event Quick Create" parentDisplayName="Event" id="{6319ec88-b771-ee11-9ae7-6045bd0062b9}" />
      </MissingDependency>
      <MissingDependency>
        <Required type="2" schemaName="govcdm_startdatetime" displayName="Start Date Time" parentSchemaName="govcdm_event" parentDisplayName="Event" solution="govcdm_eventmanagement (1.0.0.1)" />
        <Dependent type="60" displayName="Information" parentDisplayName="Event" id="{d6c41f48-9ffa-4ff8-bc21-d3e2fd2dc701}" />
      </MissingDependency>
      <MissingDependency>
        <Required type="2" schemaName="ownerid" displayName="Owner" parentSchemaName="govcdm_bookableresource" parentDisplayName="Bookable Resource" solution="Active" />
        <Dependent type="60" displayName="Information" parentDisplayName="Bookable Resource" id="{ffa05bca-e4ae-46b9-b957-dbc626987ee5}" />
      </MissingDependency>
      <MissingDependency>
        <Required type="2" schemaName="ownerid" displayName="Owner" parentSchemaName="govcdm_bookableresourcereservation" parentDisplayName="Bookable Resource Reservation" solution="Active" />
        <Dependent type="60" displayName="Information" parentDisplayName="Bookable Resource Reservation" id="{a55f6654-9e7a-440f-b887-7ca8cf2d88e9}" />
      </MissingDependency>
      <MissingDependency>
        <Required type="2" schemaName="ownerid" displayName="Owner" parentSchemaName="govcdm_event" parentDisplayName="Event" solution="Active" />
        <Dependent type="60" displayName="Information" parentDisplayName="Event" id="{d6c41f48-9ffa-4ff8-bc21-d3e2fd2dc701}" />
      </MissingDependency>
      <MissingDependency>
        <Required type="2" schemaName="ownerid" displayName="Owner" parentSchemaName="govcdm_eventattendee" parentDisplayName="Event Attendee" solution="Active" />
        <Dependent type="60" displayName="Information" parentDisplayName="Event Attendee" id="{bdc44309-c5ea-4f1d-9885-7a9195f5a1b5}" />
      </MissingDependency>
      <MissingDependency>
        <Required type="2" schemaName="statecode" displayName="Status" parentSchemaName="govcdm_bookableresourcepayment" parentDisplayName="Bookable Resource Payment" solution="govcdm_eventmanagement (1.0.0.1)" />
        <Dependent type="26" schemaName="Active Bookable Resource Payments" displayName="Active Bookable Resource Payments" parentSchemaName="govcdm_bookableresourcepayment" parentDisplayName="Bookable Resource Payment" id="{69f02639-5e18-46dc-895a-8a1ad5541d7b}" />
      </MissingDependency>
      <MissingDependency>
        <Required type="2" schemaName="statecode" displayName="Status" parentSchemaName="govcdm_bookableresourcereservation" parentDisplayName="Bookable Resource Reservation" solution="govcdm_eventmanagement (1.0.0.1)" />
        <Dependent type="26" schemaName="Active Bookable Resource Reservations" displayName="Active Bookable Resource Reservations" parentSchemaName="govcdm_bookableresourcereservation" parentDisplayName="Bookable Resource Reservation" id="{504752fc-ed36-422c-9454-557a6a6cef70}" />
      </MissingDependency>
      <MissingDependency>
        <Required type="2" schemaName="statecode" displayName="Status" parentSchemaName="govcdm_event" parentDisplayName="Event" solution="govcdm_eventmanagement (1.0.0.1)" />
        <Dependent type="26" schemaName="Active Events" displayName="Active Events" parentSchemaName="govcdm_event" parentDisplayName="Event" id="{ffe727b8-b391-49e4-887c-e19d0f52c541}" />
      </MissingDependency>
      <MissingDependency>
        <Required type="2" schemaName="statecode" displayName="Status" parentSchemaName="govcdm_eventattendee" parentDisplayName="Event Attendee" solution="govcdm_eventmanagement (1.0.0.1)" />
        <Dependent type="26" schemaName="Active Event Attendees" displayName="Active Event Attendees" parentSchemaName="govcdm_eventattendee" parentDisplayName="Event Attendee" id="{dfc7342e-ddc0-4730-a4f2-a5270ca1eca7}" />
      </MissingDependency>
      <MissingDependency>
        <Required type="26" schemaName="Active Bookable Resource Payments" displayName="Active Bookable Resource Payments" parentSchemaName="govcdm_bookableresourcepayment" parentDisplayName="Bookable Resource Payment" solution="govcdm_eventmanagement (1.0.0.1)" id="{69f02639-5e18-46dc-895a-8a1ad5541d7b}" />
        <Dependent type="26" schemaName="Active Bookable Resource Payments" displayName="Active Bookable Resource Payments" parentSchemaName="govcdm_bookableresourcepayment" parentDisplayName="Bookable Resource Payment" id="{69f02639-5e18-46dc-895a-8a1ad5541d7b}" />
      </MissingDependency>
      <MissingDependency>
        <Required type="26" schemaName="Active Bookable Resource Reservations" displayName="Active Bookable Resource Reservations" parentSchemaName="govcdm_bookableresourcereservation" parentDisplayName="Bookable Resource Reservation" solution="govcdm_eventmanagement (1.0.0.1)" id="{504752fc-ed36-422c-9454-557a6a6cef70}" />
        <Dependent type="26" schemaName="Active Bookable Resource Reservations" displayName="Active Bookable Resource Reservations" parentSchemaName="govcdm_bookableresourcereservation" parentDisplayName="Bookable Resource Reservation" id="{504752fc-ed36-422c-9454-557a6a6cef70}" />
      </MissingDependency>
      <MissingDependency>
        <Required type="26" schemaName="Active Event Attendees" displayName="Active Event Attendees" parentSchemaName="govcdm_eventattendee" parentDisplayName="Event Attendee" solution="govcdm_eventmanagement (1.0.0.1)" id="{dfc7342e-ddc0-4730-a4f2-a5270ca1eca7}" />
        <Dependent type="26" schemaName="Active Event Attendees" displayName="Active Event Attendees" parentSchemaName="govcdm_eventattendee" parentDisplayName="Event Attendee" id="{dfc7342e-ddc0-4730-a4f2-a5270ca1eca7}" />
      </MissingDependency>
      <MissingDependency>
        <Required type="26" schemaName="Active Events" displayName="Active Events" parentSchemaName="govcdm_event" parentDisplayName="Event" solution="govcdm_eventmanagement (1.0.0.1)" id="{ffe727b8-b391-49e4-887c-e19d0f52c541}" />
        <Dependent type="26" schemaName="Active Events" displayName="Active Events" parentSchemaName="govcdm_event" parentDisplayName="Event" id="{ffe727b8-b391-49e4-887c-e19d0f52c541}" />
      </MissingDependency>
      <MissingDependency>
        <Required type="60" displayName="Information" parentDisplayName="Bookable Resource Reservation" solution="govcdm_eventmanagement (1.0.0.1)" id="{a55f6654-9e7a-440f-b887-7ca8cf2d88e9}" />
        <Dependent type="60" displayName="Information" parentDisplayName="Bookable Resource Reservation" id="{a55f6654-9e7a-440f-b887-7ca8cf2d88e9}" />
      </MissingDependency>
      <MissingDependency>
        <Required type="60" displayName="Information" parentDisplayName="Event Attendee" solution="govcdm_eventmanagement (1.0.0.1)" id="{bdc44309-c5ea-4f1d-9885-7a9195f5a1b5}" />
        <Dependent type="60" displayName="Information" parentDisplayName="Event Attendee" id="{bdc44309-c5ea-4f1d-9885-7a9195f5a1b5}" />
      </MissingDependency>
      <MissingDependency>
        <Required type="60" displayName="Information" parentDisplayName="Event" solution="govcdm_eventmanagement (1.0.0.1)" id="{d6c41f48-9ffa-4ff8-bc21-d3e2fd2dc701}" />
        <Dependent type="60" displayName="Information" parentDisplayName="Event" id="{d6c41f48-9ffa-4ff8-bc21-d3e2fd2dc701}" />
      </MissingDependency>
      <MissingDependency>
        <Required type="60" displayName="Information" parentDisplayName="Bookable Resource" solution="govcdm_eventmanagement (1.0.0.1)" id="{ffa05bca-e4ae-46b9-b957-dbc626987ee5}" />
        <Dependent type="60" displayName="Information" parentDisplayName="Bookable Resource" id="{ffa05bca-e4ae-46b9-b957-dbc626987ee5}" />
      </MissingDependency>
      <MissingDependency>
        <Required type="61" schemaName="msdyn_/Images/AppModule_Default_Icon.png" displayName="msdyn_/Images/AppModule_Default_Icon.png" solution="AppModuleWebResources (2.5)" />
        <Dependent type="80" schemaName="msfed_EventManagement" displayName="Event Management" />
      </MissingDependency>
    </MissingDependencies>
  </SolutionManifest>
</ImportExportXml>