﻿<?xml version="1.0" encoding="utf-8"?>
<ImportExportXml version="9.2.23071.168" SolutionPackageVersion="9.2" languagecode="1033" generatedBy="CrmLive" xmlns:xsi="http://www.w3.org/2001/XMLSchema-instance">
  <SolutionManifest>
    <UniqueName>msfed_assetmanagement</UniqueName>
    <LocalizedNames>
      <LocalizedName description="Microsoft Federal - Asset Management" languagecode="1033" />
    </LocalizedNames>
    <Descriptions />
    <Version>1.0.0.0</Version>
    <Managed>0</Managed>
    <Publisher>
      <UniqueName>microsoftfederal</UniqueName>
      <LocalizedNames>
        <LocalizedName description="Microsoft Federal" languagecode="1033" />
      </LocalizedNames>
      <Descriptions>
        <Description description="microsoftfederal" languagecode="1033" />
      </Descriptions>
      <EMailAddress xsi:nil="true"></EMailAddress>
      <SupportingWebsiteUrl xsi:nil="true"></SupportingWebsiteUrl>
      <CustomizationPrefix>msfed</CustomizationPrefix>
      <CustomizationOptionValuePrefix>18844</CustomizationOptionValuePrefix>
      <Addresses>
        <Address>
          <AddressNumber>1</AddressNumber>
          <AddressTypeCode>1</AddressTypeCode>
          <City xsi:nil="true"></City>
          <County xsi:nil="true"></County>
          <Country xsi:nil="true"></Country>
          <Fax xsi:nil="true"></Fax>
          <FreightTermsCode xsi:nil="true"></FreightTermsCode>
          <ImportSequenceNumber xsi:nil="true"></ImportSequenceNumber>
          <Latitude xsi:nil="true"></Latitude>
          <Line1 xsi:nil="true"></Line1>
          <Line2 xsi:nil="true"></Line2>
          <Line3 xsi:nil="true"></Line3>
          <Longitude xsi:nil="true"></Longitude>
          <Name xsi:nil="true"></Name>
          <PostalCode xsi:nil="true"></PostalCode>
          <PostOfficeBox xsi:nil="true"></PostOfficeBox>
          <PrimaryContactName xsi:nil="true"></PrimaryContactName>
          <ShippingMethodCode>1</ShippingMethodCode>
          <StateOrProvince xsi:nil="true"></StateOrProvince>
          <Telephone1 xsi:nil="true"></Telephone1>
          <Telephone2 xsi:nil="true"></Telephone2>
          <Telephone3 xsi:nil="true"></Telephone3>
          <TimeZoneRuleVersionNumber xsi:nil="true"></TimeZoneRuleVersionNumber>
          <UPSZone xsi:nil="true"></UPSZone>
          <UTCOffset xsi:nil="true"></UTCOffset>
          <UTCConversionTimeZoneCode xsi:nil="true"></UTCConversionTimeZoneCode>
        </Address>
        <Address>
          <AddressNumber>2</AddressNumber>
          <AddressTypeCode>1</AddressTypeCode>
          <City xsi:nil="true"></City>
          <County xsi:nil="true"></County>
          <Country xsi:nil="true"></Country>
          <Fax xsi:nil="true"></Fax>
          <FreightTermsCode xsi:nil="true"></FreightTermsCode>
          <ImportSequenceNumber xsi:nil="true"></ImportSequenceNumber>
          <Latitude xsi:nil="true"></Latitude>
          <Line1 xsi:nil="true"></Line1>
          <Line2 xsi:nil="true"></Line2>
          <Line3 xsi:nil="true"></Line3>
          <Longitude xsi:nil="true"></Longitude>
          <Name xsi:nil="true"></Name>
          <PostalCode xsi:nil="true"></PostalCode>
          <PostOfficeBox xsi:nil="true"></PostOfficeBox>
          <PrimaryContactName xsi:nil="true"></PrimaryContactName>
          <ShippingMethodCode>1</ShippingMethodCode>
          <StateOrProvince xsi:nil="true"></StateOrProvince>
          <Telephone1 xsi:nil="true"></Telephone1>
          <Telephone2 xsi:nil="true"></Telephone2>
          <Telephone3 xsi:nil="true"></Telephone3>
          <TimeZoneRuleVersionNumber xsi:nil="true"></TimeZoneRuleVersionNumber>
          <UPSZone xsi:nil="true"></UPSZone>
          <UTCOffset xsi:nil="true"></UTCOffset>
          <UTCConversionTimeZoneCode xsi:nil="true"></UTCConversionTimeZoneCode>
        </Address>
      </Addresses>
    </Publisher>
    <RootComponents>
      <RootComponent type="1" schemaName="govcdm_asset" behavior="2" />
      <RootComponent type="1" schemaName="govcdm_assetcategory" behavior="2" />
      <RootComponent type="1" schemaName="govcdm_assetowner" behavior="2" />
      <RootComponent type="1" schemaName="govcdm_assetservicerecord" behavior="2" />
      <RootComponent type="1" schemaName="govcdm_product" behavior="2" />
      <RootComponent type="62" schemaName="msfed_AssetManagement" behavior="0" />
    </RootComponents>
    <MissingDependencies>
      <MissingDependency>
        <Required type="1" schemaName="govcdm_asset" displayName="Asset" solution="govcdm_assetmanagement (1.0.0.0)" />
        <Dependent type="1" schemaName="govcdm_asset" displayName="Asset" />
      </MissingDependency>
      <MissingDependency>
        <Required type="1" schemaName="govcdm_asset" displayName="Asset" solution="govcdm_assetmanagement (1.0.0.0)" />
        <Dependent type="62" schemaName="msfed_AssetManagement" />
      </MissingDependency>
      <MissingDependency>
        <Required type="1" schemaName="govcdm_assetcategory" displayName="Asset Category" solution="govcdm_assetmanagement (1.0.0.0)" />
        <Dependent type="1" schemaName="govcdm_assetcategory" displayName="Asset Category" />
      </MissingDependency>
      <MissingDependency>
        <Required type="1" schemaName="govcdm_assetowner" displayName="Asset Owner" solution="govcdm_assetmanagement (1.0.0.0)" />
        <Dependent type="1" schemaName="govcdm_assetowner" displayName="Asset Owner" />
      </MissingDependency>
      <MissingDependency>
        <Required type="1" schemaName="govcdm_assetservicerecord" displayName="Asset Service Record" solution="govcdm_assetmanagement (1.0.0.0)" />
        <Dependent type="1" schemaName="govcdm_assetservicerecord" displayName="Asset Service Record" />
      </MissingDependency>
      <MissingDependency>
        <Required type="1" schemaName="govcdm_product" displayName="Product" solution="govcdm_assetmanagement (1.0.0.0)" />
        <Dependent type="1" schemaName="govcdm_product" displayName="Product" />
      </MissingDependency>
      <MissingDependency>
        <Required type="2" schemaName="createdon" displayName="Created On" parentSchemaName="govcdm_asset" parentDisplayName="Asset" solution="govcdm_assetmanagement (1.0.0.0)" />
        <Dependent type="26" schemaName="Active Assets" displayName="Active Assets" parentSchemaName="govcdm_asset" parentDisplayName="Asset" id="{bab44290-fe08-4172-a208-c3d7b359ee4c}" />
      </MissingDependency>
      <MissingDependency>
        <Required type="2" schemaName="govcdm_assetid" displayName="Asset" parentSchemaName="govcdm_asset" parentDisplayName="Asset" solution="govcdm_assetmanagement (1.0.0.0)" />
        <Dependent type="26" schemaName="Active Assets" displayName="Active Assets" parentSchemaName="govcdm_asset" parentDisplayName="Asset" id="{bab44290-fe08-4172-a208-c3d7b359ee4c}" />
      </MissingDependency>
      <MissingDependency>
        <Required type="2" schemaName="govcdm_name" displayName="Name" parentSchemaName="govcdm_asset" parentDisplayName="Asset" solution="govcdm_assetmanagement (1.0.0.0)" />
        <Dependent type="26" schemaName="Active Assets" displayName="Active Assets" parentSchemaName="govcdm_asset" parentDisplayName="Asset" id="{bab44290-fe08-4172-a208-c3d7b359ee4c}" />
      </MissingDependency>
      <MissingDependency>
        <Required type="2" schemaName="statecode" displayName="Status" parentSchemaName="govcdm_asset" parentDisplayName="Asset" solution="govcdm_assetmanagement (1.0.0.0)" />
        <Dependent type="26" schemaName="Active Assets" displayName="Active Assets" parentSchemaName="govcdm_asset" parentDisplayName="Asset" id="{bab44290-fe08-4172-a208-c3d7b359ee4c}" />
      </MissingDependency>
      <MissingDependency>
        <Required type="26" schemaName="Active Assets" displayName="Active Assets" parentSchemaName="govcdm_asset" parentDisplayName="Asset" solution="govcdm_assetmanagement (1.0.0.0)" id="{bab44290-fe08-4172-a208-c3d7b359ee4c}" />
        <Dependent type="26" schemaName="Active Assets" displayName="Active Assets" parentSchemaName="govcdm_asset" parentDisplayName="Asset" id="{bab44290-fe08-4172-a208-c3d7b359ee4c}" />
      </MissingDependency>
      <MissingDependency>
        <Required type="60" displayName="Information" parentDisplayName="Asset" solution="govcdm_assetmanagement (1.0.0.0)" id="{dbbe5988-ed95-4a66-ab55-b6e253268852}" />
        <Dependent type="60" displayName="Information" parentDisplayName="Asset" id="{dbbe5988-ed95-4a66-ab55-b6e253268852}" />
      </MissingDependency>
    </MissingDependencies>
  </SolutionManifest>
</ImportExportXml>