{
  "properties": {
    "connectionReferences": {
      "shared_approvals": {
        "runtimeSource": "embedded",
        "connection": {
          "connectionReferenceLogicalName": "msgov_sharedapprovals_61812"
        },
        "api": {
          "name": "shared_approvals"
        }
      },
      "shared_commondataserviceforapps": {
        "runtimeSource": "embedded",
        "connection": {
          "connectionReferenceLogicalName": "msgov_sharedcommondataserviceforapps_d7f8d"
        },
        "api": {
          "name": "shared_commondataserviceforapps"
        }
      }
    },
    "definition": {
      "$schema": "https://schema.management.azure.com/providers/Microsoft.Logic/schemas/2016-06-01/workflowdefinition.json#",
      "contentVersion": "1.0.0.0",
      "parameters": {
        "$connections": {
          "defaultValue": {},
          "type": "Object"
        },
        "$authentication": {
          "defaultValue": {},
          "type": "SecureObject"
        }
      },
      "triggers": {
        "Action_Item_Submitted_for_Review": {
          "metadata": {
            "operationMetadataId": "ce6edbaa-3e3a-46fc-9a9f-af7931bb9a38"
          },
          "type": "OpenApiConnectionWebhook",
          "inputs": {
            "parameters": {
              "subscriptionRequest/message": 3,
              "subscriptionRequest/entityname": "govcdm_actionitem",
              "subscriptionRequest/scope": 4,
              "subscriptionRequest/filteringattributes": "govcdm_actionstatus",
              "subscriptionRequest/filterexpression": "govcdm_actionstatus eq 166840002",
              "subscriptionRequest/name": "69bcc30b-1d8c-ef11-ac21-001dd808e57d"
            },
            "host": {
              "connectionName": "shared_commondataserviceforapps",
              "operationId": "SubscribeWebhookTrigger",
              "apiId": "/providers/Microsoft.PowerApps/apis/shared_commondataserviceforapps"
            }
          }
        }
      },
      "actions": {
        "Send_For_Approval": {
          "runAfter": {
            "Get_Primary_Record": [
              "Succeeded"
            ]
          },
          "metadata": {
            "operationMetadataId": "12388d6f-9e59-48e6-81b5-8b831786f423"
          },
          "type": "OpenApiConnectionWebhook",
          "inputs": {
            "parameters": {
              "approvalType": "BasicAwaitAll",
              "WebhookApprovalCreationInput/title": "Approval Required: @{body('Get_Action_Item')?['subject']}",
              "WebhookApprovalCreationInput/assignedTo": "@body('Get_User')?['internalemailaddress']",
              "WebhookApprovalCreationInput/details": "@body('Get_Action_Item')?['govcdm_originatorcomments']",
              "WebhookApprovalCreationInput/itemLink": "@{body('Get_Primary_Record')?['url']}&appid=@{variables('varAppID')}",
              "WebhookApprovalCreationInput/itemLinkDescription": "Link To Item",
              "WebhookApprovalCreationInput/enableNotifications": true,
              "WebhookApprovalCreationInput/enableReassignment": true
            },
            "host": {
              "connectionName": "shared_approvals",
              "operationId": "StartAndWaitForAnApproval",
              "apiId": "/providers/Microsoft.PowerApps/apis/shared_approvals"
            }
          }
        },
        "Update_Action_Assignment": {
          "runAfter": {
            "Switch": [
              "Succeeded"
            ]
          },
          "metadata": {
            "operationMetadataId": "a4d817d3-9ed4-4733-ba5f-f054c4e5a379"
          },
          "type": "OpenApiConnection",
          "inputs": {
            "parameters": {
              "entityName": "govcdm_actionitems",
              "recordId": "@triggerBody()?['activityid']",
              "item/govcdm_actionstatus": "@variables('varActionStatus')"
            },
            "host": {
              "connectionName": "shared_commondataserviceforapps",
              "operationId": "UpdateRecord",
              "apiId": "/providers/Microsoft.PowerApps/apis/shared_commondataserviceforapps"
            }
          }
        },
        "varApprovalResult": {
          "runAfter": {
            "Send_For_Approval": [
              "Succeeded"
            ]
          },
          "metadata": {
            "operationMetadataId": "46af52cf-0120-4967-baea-f7f243803ad4"
          },
          "type": "InitializeVariable",
          "inputs": {
            "variables": [
              {
                "name": "varApprovalResult",
                "type": "string",
                "value": "@body('Send_For_Approval')?['outcome']"
              }
            ]
          }
        },
        "Switch": {
          "runAfter": {
            "Initialize_variable": [
              "Succeeded"
            ]
          },
          "cases": {
            "Approve": {
              "case": "Approve",
              "actions": {
                "varActionStatus_is_Approved": {
                  "runAfter": {},
                  "metadata": {
                    "operationMetadataId": "84b254fb-b8cd-4d8e-943a-8476a8440487"
                  },
                  "type": "SetVariable",
                  "inputs": {
                    "name": "varActionStatus",
                    "value": 166840005
                  }
                },
                "Set_variable": {
                  "runAfter": {
                    "varActionStatus_is_Approved": [
                      "Succeeded"
                    ]
                  },
                  "metadata": {
                    "operationMetadataId": "c8961f8f-5547-412c-bd30-10baefd4914c"
                  },
                  "type": "SetVariable",
                  "inputs": {
                    "name": "varResponsePastTense",
                    "value": "Approved"
                  }
                }
              }
            }
          },
          "default": {
            "actions": {}
          },
          "expression": "@variables('varApprovalResult')",
          "metadata": {
            "operationMetadataId": "81c70bec-b6b0-426a-906c-e09c2c67fea2"
          },
          "type": "Switch"
        },
        "varActionStatus": {
          "runAfter": {
            "varApprovalResult": [
              "Succeeded"
            ]
          },
          "metadata": {
            "operationMetadataId": "00e0c29e-14d9-473d-b8ca-91cf1b7d8723"
          },
          "type": "InitializeVariable",
          "inputs": {
            "variables": [
              {
                "name": "varActionStatus",
                "type": "integer",
                "value": 166840004
              }
            ]
          }
        },
        "Get_Action_Item": {
          "runAfter": {},
          "metadata": {
            "operationMetadataId": "06c97ee7-506f-4e43-8af7-734c815e99c5"
          },
          "type": "OpenApiConnection",
          "inputs": {
            "parameters": {
              "entityName": "govcdm_actionitems",
              "recordId": "@triggerBody()?['activityid']"
            },
            "host": {
              "connectionName": "shared_commondataserviceforapps",
              "operationId": "GetItem",
              "apiId": "/providers/Microsoft.PowerApps/apis/shared_commondataserviceforapps"
            }
          }
        },
        "Get_User": {
          "runAfter": {
            "varAppID": [
              "Succeeded"
            ]
          },
          "metadata": {
            "operationMetadataId": "614d6099-a1b2-4e0d-a0cb-cbe55193898f"
          },
          "type": "OpenApiConnection",
          "inputs": {
            "parameters": {
              "entityName": "systemusers",
              "recordId": "@body('Get_Action_Item')?['_ownerid_value']"
            },
            "host": {
              "connectionName": "shared_commondataserviceforapps",
              "operationId": "GetItem",
              "apiId": "/providers/Microsoft.PowerApps/apis/shared_commondataserviceforapps"
            }
          }
        },
        "For_each": {
          "foreach": "@outputs('Send_For_Approval')?['body']?['responses']",
          "actions": {
            "Add_Discussion_Item": {
              "runAfter": {},
              "metadata": {
                "operationMetadataId": "5faf3110-2991-47c3-8d0e-8bb8af5df8b0"
              },
              "type": "OpenApiConnection",
              "inputs": {
                "parameters": {
                  "entityName": "govcdm_discussionitems",
                  "item/govcdm_name": "@{variables('varResponsePastTense')} by @{item()?['responder']?['displayName']}",
                  "item/govcdm_ActionAssignment@odata.bind": "govcdm_items(@{triggerBody()?['activityid']})",
                  "item/govcdm_comment": "@items('For_each')?['comments']"
                },
                "host": {
                  "connectionName": "shared_commondataserviceforapps",
                  "operationId": "CreateRecord",
                  "apiId": "/providers/Microsoft.PowerApps/apis/shared_commondataserviceforapps"
                }
              }
            }
          },
          "runAfter": {
            "Update_Action_Assignment": [
              "Succeeded"
            ]
          },
          "metadata": {
            "operationMetadataId": "a4eae4fa-b2c3-437b-937a-af67e09d69dc"
          },
          "type": "Foreach"
        },
        "Initialize_variable": {
          "runAfter": {
            "varActionStatus": [
              "Succeeded"
            ]
          },
          "metadata": {
            "operationMetadataId": "22fae484-7e36-4465-9bcb-5e906484b002"
          },
          "type": "InitializeVariable",
          "inputs": {
            "variables": [
              {
                "name": "varResponsePastTense",
                "type": "string",
                "value": "Returned"
              }
            ]
          }
        },
        "Get_Primary_Record": {
          "runAfter": {
            "Get_User": [
              "Succeeded"
            ]
          },
          "metadata": {
            "operationMetadataId": "f5ee7db0-f66e-4a12-b12c-6b3ad82c4115"
          },
          "type": "Workflow",
          "inputs": {
            "host": {
              "workflowReferenceName": "839f49fb-f02f-ef11-840a-001dd80278ec"
            },
            "body": {
              "text": "@body('Get_Action_Item')?['govcdm_virtualregardingtype']",
              "text_1": "@body('Get_Action_Item')?['govcdm_virtualregardingid']"
            }
          }
        },
        "varAppID": {
          "runAfter": {
            "App_Details": [
              "Succeeded"
            ]
          },
          "metadata": {
            "operationMetadataId": "fdf589b3-482b-4f3a-bb2c-f10873811b08"
          },
          "type": "InitializeVariable",
          "inputs": {
            "variables": [
              {
                "name": "varAppID",
                "type": "string",
                "value": "@body('App_Details')?['appmoduleid']"
              }
            ]
          }
        },
        "Get_App_for_Process_Step": {
          "runAfter": {
            "Get_Action_Item": [
              "Succeeded"
            ]
          },
          "metadata": {
            "operationMetadataId": "f58710db-2482-4dcd-be98-7fe9ae9c6110"
          },
          "type": "Workflow",
          "inputs": {
            "host": {
              "workflowReferenceName": "14903dca-b78c-ef11-ac21-001dd808e57d"
            },
            "body": {
              "text": "@body('Get_Action_Item')?['_govcdm_processstep_value']"
            }
          }
        },
        "App_Details": {
          "runAfter": {
            "Get_App_for_Process_Step": [
              "Succeeded"
            ]
          },
          "metadata": {
            "operationMetadataId": "eaae569c-4ff1-4b8a-afd2-03c23be511bb"
          },
          "type": "ParseJson",
          "inputs": {
            "content": "@body('Get_App_for_Process_Step')?['result']",
            "schema": {
              "type": "object",
              "properties": {
                "name": {
                  "type": "string"
                },
                "appmoduleid@odata.type": {
                  "type": "string"
                },
                "appmoduleid": {
                  "type": "string"
                },
                "uniquename": {
                  "type": "string"
                }
              }
            }
          }
        }
      }
    },
    "templateName": ""
  },
  "schemaVersion": "1.0.0.0"
}