<powerbidataset uniquename="msfed_9a49100f54b249b69ae5266e4bd4e635">
  <datasetobjectid>d3321ef1-a767-4de1-b8bc-f3b79d234298</datasetobjectid>
  <datasetoriginalobjectid>feae1737-3e3d-45ea-9741-b8bb0df35091</datasetoriginalobjectid>
  <dataverseconnectionupdateenabled>0</dataverseconnectionupdateenabled>
  <importpowerbicomponentsequencenumber>638333223012722505</importpowerbicomponentsequencenumber>
  <iscustomizable>1</iscustomizable>
  <name>Master Calendar</name>
  <package mimetype="application/zip">package.pbipkg</package>
  <statecode>0</statecode>
  <statuscode>1</statuscode>
  <workspaceobjectid>63f33f01-a3b7-480e-846d-e94f3ef29799</workspaceobjectid>
</powerbidataset>