﻿<?xml version="1.0" encoding="utf-8"?>
<ImportExportXml version="9.2.24032.208" SolutionPackageVersion="9.2" languagecode="1033" generatedBy="CrmLive" xmlns:xsi="http://www.w3.org/2001/XMLSchema-instance">
  <SolutionManifest>
    <UniqueName>msfed_executivecoordination</UniqueName>
    <LocalizedNames>
      <LocalizedName description="Microsoft Federal - Executive Coordination" languagecode="1033" />
    </LocalizedNames>
    <Descriptions />
    <Version>1.0.0.0</Version>
    <Managed>1</Managed>
    <Publisher>
      <UniqueName>microsoftfederal</UniqueName>
      <LocalizedNames>
        <LocalizedName description="Microsoft Federal" languagecode="1033" />
      </LocalizedNames>
      <Descriptions>
        <Description description="microsoftfederal" languagecode="1033" />
      </Descriptions>
      <EMailAddress xsi:nil="true"></EMailAddress>
      <SupportingWebsiteUrl xsi:nil="true"></SupportingWebsiteUrl>
      <CustomizationPrefix>msfed</CustomizationPrefix>
      <CustomizationOptionValuePrefix>18844</CustomizationOptionValuePrefix>
      <Addresses>
        <Address>
          <AddressNumber>1</AddressNumber>
          <AddressTypeCode>1</AddressTypeCode>
          <City xsi:nil="true"></City>
          <County xsi:nil="true"></County>
          <Country xsi:nil="true"></Country>
          <Fax xsi:nil="true"></Fax>
          <FreightTermsCode xsi:nil="true"></FreightTermsCode>
          <ImportSequenceNumber xsi:nil="true"></ImportSequenceNumber>
          <Latitude xsi:nil="true"></Latitude>
          <Line1 xsi:nil="true"></Line1>
          <Line2 xsi:nil="true"></Line2>
          <Line3 xsi:nil="true"></Line3>
          <Longitude xsi:nil="true"></Longitude>
          <Name xsi:nil="true"></Name>
          <PostalCode xsi:nil="true"></PostalCode>
          <PostOfficeBox xsi:nil="true"></PostOfficeBox>
          <PrimaryContactName xsi:nil="true"></PrimaryContactName>
          <ShippingMethodCode>1</ShippingMethodCode>
          <StateOrProvince xsi:nil="true"></StateOrProvince>
          <Telephone1 xsi:nil="true"></Telephone1>
          <Telephone2 xsi:nil="true"></Telephone2>
          <Telephone3 xsi:nil="true"></Telephone3>
          <TimeZoneRuleVersionNumber xsi:nil="true"></TimeZoneRuleVersionNumber>
          <UPSZone xsi:nil="true"></UPSZone>
          <UTCOffset xsi:nil="true"></UTCOffset>
          <UTCConversionTimeZoneCode xsi:nil="true"></UTCConversionTimeZoneCode>
        </Address>
        <Address>
          <AddressNumber>2</AddressNumber>
          <AddressTypeCode>1</AddressTypeCode>
          <City xsi:nil="true"></City>
          <County xsi:nil="true"></County>
          <Country xsi:nil="true"></Country>
          <Fax xsi:nil="true"></Fax>
          <FreightTermsCode xsi:nil="true"></FreightTermsCode>
          <ImportSequenceNumber xsi:nil="true"></ImportSequenceNumber>
          <Latitude xsi:nil="true"></Latitude>
          <Line1 xsi:nil="true"></Line1>
          <Line2 xsi:nil="true"></Line2>
          <Line3 xsi:nil="true"></Line3>
          <Longitude xsi:nil="true"></Longitude>
          <Name xsi:nil="true"></Name>
          <PostalCode xsi:nil="true"></PostalCode>
          <PostOfficeBox xsi:nil="true"></PostOfficeBox>
          <PrimaryContactName xsi:nil="true"></PrimaryContactName>
          <ShippingMethodCode>1</ShippingMethodCode>
          <StateOrProvince xsi:nil="true"></StateOrProvince>
          <Telephone1 xsi:nil="true"></Telephone1>
          <Telephone2 xsi:nil="true"></Telephone2>
          <Telephone3 xsi:nil="true"></Telephone3>
          <TimeZoneRuleVersionNumber xsi:nil="true"></TimeZoneRuleVersionNumber>
          <UPSZone xsi:nil="true"></UPSZone>
          <UTCOffset xsi:nil="true"></UTCOffset>
          <UTCConversionTimeZoneCode xsi:nil="true"></UTCConversionTimeZoneCode>
        </Address>
      </Addresses>
    </Publisher>
    <RootComponents>
      <RootComponent type="1" schemaName="activitypointer" behavior="2" />
      <RootComponent type="1" schemaName="adx_inviteredemption" behavior="2" />
      <RootComponent type="1" schemaName="adx_portalcomment" behavior="2" />
      <RootComponent type="1" schemaName="appointment" behavior="2" />
      <RootComponent type="1" schemaName="chat" behavior="2" />
      <RootComponent type="1" schemaName="email" behavior="2" />
      <RootComponent type="1" schemaName="fax" behavior="2" />
      <RootComponent type="1" schemaName="govcdm_actionassignment" behavior="2" />
      <RootComponent type="1" schemaName="govcdm_executiveaction" behavior="1" />
      <RootComponent type="1" schemaName="govcdm_mou" behavior="2" />
      <RootComponent type="1" schemaName="letter" behavior="2" />
      <RootComponent type="1" schemaName="phonecall" behavior="2" />
      <RootComponent type="1" schemaName="processsession" behavior="2" />
      <RootComponent type="1" schemaName="recurringappointmentmaster" behavior="2" />
      <RootComponent type="1" schemaName="task" behavior="2" />
      <RootComponent type="300" schemaName="msfed_mou_f2437" behavior="0" />
      <RootComponent type="62" schemaName="msfed_ExecutiveCoordination" behavior="0" />
      <RootComponent type="80" schemaName="msfed_ExecutiveCoordination" behavior="0" />
    </RootComponents>
    <MissingDependencies>
      <MissingDependency>
        <Required type="1" schemaName="adx_inviteredemption" displayName="Invite Redemption" solution="PowerPages_RuntimeCore (1.0.2312.2)" />
        <Dependent type="1" schemaName="adx_inviteredemption" displayName="Invite Redemption" />
      </MissingDependency>
      <MissingDependency>
        <Required type="1" schemaName="adx_portalcomment" displayName="Portal Comment" solution="PowerPages_RuntimeCore (1.0.2312.2)" />
        <Dependent type="1" schemaName="adx_portalcomment" displayName="Portal Comment" />
      </MissingDependency>
      <MissingDependency>
        <Required type="1" schemaName="chat" displayName="Teams chat" solution="msdynce_ActivitiesPatch (9.0.24024.240216001)" />
        <Dependent type="1" schemaName="chat" displayName="Teams chat" />
      </MissingDependency>
      <MissingDependency>
        <Required type="1" schemaName="govcdm_actionassignment" displayName="Action Assignment" solution="govcdm_processandtasking (1.0.0.7)" />
        <Dependent type="1" schemaName="govcdm_actionassignment" displayName="Action Assignment" />
      </MissingDependency>
      <MissingDependency>
        <Required type="1" schemaName="govcdm_executiveaction" displayName="Executive Action" solution="govcdm_executivecoordination (1.0.0.0)" />
        <Dependent type="1" schemaName="govcdm_executiveaction" displayName="Executive Action" />
      </MissingDependency>
      <MissingDependency>
        <Required type="1" schemaName="govcdm_executiveactiontype" displayName="Executive Action Type" solution="govcdm_executivecoordination (1.0.0.0)" />
        <Dependent type="62" schemaName="msfed_ExecutiveCoordination" />
      </MissingDependency>
      <MissingDependency>
        <Required type="1" schemaName="govcdm_executiveactiontype" displayName="Executive Action Type" solution="govcdm_executivecoordination (1.0.0.0)" />
        <Dependent type="80" schemaName="msfed_ExecutiveCoordination" displayName="Executive Coordination" />
      </MissingDependency>
      <MissingDependency>
        <Required type="1" schemaName="govcdm_mou" displayName="MOU" solution="govcdm_executivecoordination (1.0.0.0)" />
        <Dependent type="1" schemaName="govcdm_mou" displayName="MOU" />
      </MissingDependency>
      <MissingDependency>
        <Required type="1" schemaName="govcdm_mou" displayName="MOU" solution="govcdm_executivecoordination (1.0.0.0)" />
        <Dependent type="62" schemaName="msfed_ExecutiveCoordination" />
      </MissingDependency>
      <MissingDependency>
        <Required type="1" schemaName="govcdm_mou" displayName="MOU" solution="govcdm_executivecoordination (1.0.0.0)" />
        <Dependent type="80" schemaName="msfed_ExecutiveCoordination" displayName="Executive Coordination" />
      </MissingDependency>
      <MissingDependency>
        <Required type="10" schemaName="govcdm_executiveaction_ExecutiveActionType_govcd" displayName="govcdm_executiveaction_ExecutiveActionType_govcd" parentSchemaName="govcdm_executiveactiontype" parentDisplayName="Executive Action Type" solution="govcdm_executivecoordination (1.0.0.0)" />
        <Dependent type="60" displayName="Main" parentDisplayName="Executive Action" id="{1eaa6554-0adf-ee11-904c-000d3a3ab141}" />
      </MissingDependency>
      <MissingDependency>
        <Required type="10" schemaName="govcdm_executiveaction_ExecutiveActionType_govcd" displayName="govcdm_executiveaction_ExecutiveActionType_govcd" parentSchemaName="govcdm_executiveactiontype" parentDisplayName="Executive Action Type" solution="govcdm_executivecoordination (1.0.0.0)" />
        <Dependent type="60" displayName="Quick Create" parentDisplayName="Executive Action" id="{2d59b82c-26df-ee11-904c-000d3a3ab141}" />
      </MissingDependency>
      <MissingDependency>
        <Required type="10" schemaName="govcdm_executiveaction_ParentAction_govcdm_execu" displayName="govcdm_executiveaction_ParentAction_govcdm_execu" parentSchemaName="govcdm_executiveaction" parentDisplayName="Executive Action" solution="govcdm_executivecoordination (1.0.0.0)" />
        <Dependent type="60" displayName="Main" parentDisplayName="Executive Action" id="{1eaa6554-0adf-ee11-904c-000d3a3ab141}" />
      </MissingDependency>
      <MissingDependency>
        <Required type="10" schemaName="govcdm_executiveaction_ParentAction_govcdm_execu" displayName="govcdm_executiveaction_ParentAction_govcdm_execu" parentSchemaName="govcdm_executiveaction" parentDisplayName="Executive Action" solution="govcdm_executivecoordination (1.0.0.0)" />
        <Dependent type="60" displayName="Quick Create" parentDisplayName="Executive Action" id="{2d59b82c-26df-ee11-904c-000d3a3ab141}" />
      </MissingDependency>
      <MissingDependency>
        <Required type="10" schemaName="govcdm_executiveaction_ReceivedFromOrganization_" displayName="govcdm_executiveaction_ReceivedFromOrganization_" parentSchemaName="account" parentDisplayName="Account" solution="govcdm_executivecoordination (1.0.0.0)" />
        <Dependent type="60" displayName="Main" parentDisplayName="Executive Action" id="{1eaa6554-0adf-ee11-904c-000d3a3ab141}" />
      </MissingDependency>
      <MissingDependency>
        <Required type="10" schemaName="govcdm_executiveaction_ReceivedFromOrganization_" displayName="govcdm_executiveaction_ReceivedFromOrganization_" parentSchemaName="account" parentDisplayName="Account" solution="govcdm_executivecoordination (1.0.0.0)" />
        <Dependent type="60" displayName="Quick Create" parentDisplayName="Executive Action" id="{2d59b82c-26df-ee11-904c-000d3a3ab141}" />
      </MissingDependency>
      <MissingDependency>
        <Required type="10" schemaName="govcdm_executiveaction_ReceivedFromOU_govcdm_org" displayName="govcdm_executiveaction_ReceivedFromOU_govcdm_org" parentSchemaName="govcdm_organizationunit" parentDisplayName="Organization Unit" solution="govcdm_executivecoordination (1.0.0.0)" />
        <Dependent type="60" displayName="Main" parentDisplayName="Executive Action" id="{1eaa6554-0adf-ee11-904c-000d3a3ab141}" />
      </MissingDependency>
      <MissingDependency>
        <Required type="10" schemaName="govcdm_executiveaction_ReceivedFromOU_govcdm_org" displayName="govcdm_executiveaction_ReceivedFromOU_govcdm_org" parentSchemaName="govcdm_organizationunit" parentDisplayName="Organization Unit" solution="govcdm_executivecoordination (1.0.0.0)" />
        <Dependent type="60" displayName="Quick Create" parentDisplayName="Executive Action" id="{2d59b82c-26df-ee11-904c-000d3a3ab141}" />
      </MissingDependency>
      <MissingDependency>
        <Required type="10" schemaName="govcdm_executiveaction_ReceivedFromPerson_contac" displayName="govcdm_executiveaction_ReceivedFromPerson_contac" parentSchemaName="contact" parentDisplayName="Person" solution="govcdm_executivecoordination (1.0.0.0)" />
        <Dependent type="60" displayName="Main" parentDisplayName="Executive Action" id="{1eaa6554-0adf-ee11-904c-000d3a3ab141}" />
      </MissingDependency>
      <MissingDependency>
        <Required type="10" schemaName="govcdm_executiveaction_ReceivedFromPerson_contac" displayName="govcdm_executiveaction_ReceivedFromPerson_contac" parentSchemaName="contact" parentDisplayName="Person" solution="govcdm_executivecoordination (1.0.0.0)" />
        <Dependent type="60" displayName="Quick Create" parentDisplayName="Executive Action" id="{2d59b82c-26df-ee11-904c-000d3a3ab141}" />
      </MissingDependency>
      <MissingDependency>
        <Required type="2" schemaName="govcdm_actionnumber" displayName="Action Number" parentSchemaName="govcdm_executiveaction" parentDisplayName="Executive Action" solution="govcdm_executivecoordination (1.0.0.0)" />
        <Dependent type="26" schemaName="Executive Actions" displayName="Executive Actions" parentSchemaName="govcdm_executiveaction" parentDisplayName="Executive Action" id="{af69dec9-0edf-ee11-904c-000d3a3ab141}" />
      </MissingDependency>
      <MissingDependency>
        <Required type="2" schemaName="govcdm_actionnumber" displayName="Action Number" parentSchemaName="govcdm_executiveaction" parentDisplayName="Executive Action" solution="govcdm_executivecoordination (1.0.0.0)" />
        <Dependent type="60" displayName="Main" parentDisplayName="Executive Action" id="{1eaa6554-0adf-ee11-904c-000d3a3ab141}" />
      </MissingDependency>
      <MissingDependency>
        <Required type="2" schemaName="govcdm_actionnumber" displayName="Action Number" parentSchemaName="govcdm_executiveaction" parentDisplayName="Executive Action" solution="govcdm_executivecoordination (1.0.0.0)" />
        <Dependent type="60" displayName="Quick Create" parentDisplayName="Executive Action" id="{2d59b82c-26df-ee11-904c-000d3a3ab141}" />
      </MissingDependency>
      <MissingDependency>
        <Required type="2" schemaName="govcdm_actionstatus" displayName="Action Status" parentSchemaName="govcdm_executiveaction" parentDisplayName="Executive Action" solution="govcdm_executivecoordination (1.0.0.0)" />
        <Dependent type="26" schemaName="Executive Actions" displayName="Executive Actions" parentSchemaName="govcdm_executiveaction" parentDisplayName="Executive Action" id="{af69dec9-0edf-ee11-904c-000d3a3ab141}" />
      </MissingDependency>
      <MissingDependency>
        <Required type="2" schemaName="govcdm_actionstatus" displayName="Action Status" parentSchemaName="govcdm_executiveaction" parentDisplayName="Executive Action" solution="govcdm_executivecoordination (1.0.0.0)" />
        <Dependent type="60" displayName="Main" parentDisplayName="Executive Action" id="{1eaa6554-0adf-ee11-904c-000d3a3ab141}" />
      </MissingDependency>
      <MissingDependency>
        <Required type="2" schemaName="govcdm_description" displayName="Description" parentSchemaName="govcdm_executiveaction" parentDisplayName="Executive Action" solution="govcdm_executivecoordination (1.0.0.0)" />
        <Dependent type="26" schemaName="Executive Actions" displayName="Executive Actions" parentSchemaName="govcdm_executiveaction" parentDisplayName="Executive Action" id="{af69dec9-0edf-ee11-904c-000d3a3ab141}" />
      </MissingDependency>
      <MissingDependency>
        <Required type="2" schemaName="govcdm_description" displayName="Description" parentSchemaName="govcdm_executiveaction" parentDisplayName="Executive Action" solution="govcdm_executivecoordination (1.0.0.0)" />
        <Dependent type="60" displayName="Main" parentDisplayName="Executive Action" id="{1eaa6554-0adf-ee11-904c-000d3a3ab141}" />
      </MissingDependency>
      <MissingDependency>
        <Required type="2" schemaName="govcdm_description" displayName="Description" parentSchemaName="govcdm_executiveaction" parentDisplayName="Executive Action" solution="govcdm_executivecoordination (1.0.0.0)" />
        <Dependent type="60" displayName="Quick Create" parentDisplayName="Executive Action" id="{2d59b82c-26df-ee11-904c-000d3a3ab141}" />
      </MissingDependency>
      <MissingDependency>
        <Required type="2" schemaName="govcdm_duedatetime" displayName="Due Date Time" parentSchemaName="govcdm_executiveaction" parentDisplayName="Executive Action" solution="govcdm_executivecoordination (1.0.0.0)" />
        <Dependent type="26" schemaName="Executive Actions" displayName="Executive Actions" parentSchemaName="govcdm_executiveaction" parentDisplayName="Executive Action" id="{af69dec9-0edf-ee11-904c-000d3a3ab141}" />
      </MissingDependency>
      <MissingDependency>
        <Required type="2" schemaName="govcdm_duedatetime" displayName="Due Date Time" parentSchemaName="govcdm_executiveaction" parentDisplayName="Executive Action" solution="govcdm_executivecoordination (1.0.0.0)" />
        <Dependent type="60" displayName="Main" parentDisplayName="Executive Action" id="{1eaa6554-0adf-ee11-904c-000d3a3ab141}" />
      </MissingDependency>
      <MissingDependency>
        <Required type="2" schemaName="govcdm_duedatetime" displayName="Due Date Time" parentSchemaName="govcdm_executiveaction" parentDisplayName="Executive Action" solution="govcdm_executivecoordination (1.0.0.0)" />
        <Dependent type="60" displayName="Quick Create" parentDisplayName="Executive Action" id="{2d59b82c-26df-ee11-904c-000d3a3ab141}" />
      </MissingDependency>
      <MissingDependency>
        <Required type="2" schemaName="govcdm_executiveactioncategory" displayName="Executive Action Category" parentSchemaName="govcdm_executiveaction" parentDisplayName="Executive Action" solution="govcdm_executivecoordination (1.0.0.0)" />
        <Dependent type="60" displayName="Main" parentDisplayName="Executive Action" id="{1eaa6554-0adf-ee11-904c-000d3a3ab141}" />
      </MissingDependency>
      <MissingDependency>
        <Required type="2" schemaName="govcdm_executiveactioncategory" displayName="Executive Action Category" parentSchemaName="govcdm_executiveaction" parentDisplayName="Executive Action" solution="govcdm_executivecoordination (1.0.0.0)" />
        <Dependent type="60" displayName="Quick Create" parentDisplayName="Executive Action" id="{2d59b82c-26df-ee11-904c-000d3a3ab141}" />
      </MissingDependency>
      <MissingDependency>
        <Required type="2" schemaName="govcdm_executiveactionid" displayName="Executive Action" parentSchemaName="govcdm_executiveaction" parentDisplayName="Executive Action" solution="govcdm_executivecoordination (1.0.0.0)" />
        <Dependent type="26" schemaName="Executive Actions" displayName="Executive Actions" parentSchemaName="govcdm_executiveaction" parentDisplayName="Executive Action" id="{af69dec9-0edf-ee11-904c-000d3a3ab141}" />
      </MissingDependency>
      <MissingDependency>
        <Required type="2" schemaName="govcdm_executiveactiontype" displayName="Executive Action Type" parentSchemaName="govcdm_executiveaction" parentDisplayName="Executive Action" solution="govcdm_executivecoordination (1.0.0.0)" />
        <Dependent type="26" schemaName="Executive Actions" displayName="Executive Actions" parentSchemaName="govcdm_executiveaction" parentDisplayName="Executive Action" id="{af69dec9-0edf-ee11-904c-000d3a3ab141}" />
      </MissingDependency>
      <MissingDependency>
        <Required type="2" schemaName="govcdm_executiveactiontype" displayName="Executive Action Type" parentSchemaName="govcdm_executiveaction" parentDisplayName="Executive Action" solution="govcdm_executivecoordination (1.0.0.0)" />
        <Dependent type="59" schemaName="By Executive Action Type" displayName="By Executive Action Type" parentSchemaName="govcdm_executiveaction" parentDisplayName="Executive Action" id="{f62d8298-11df-ee11-904c-000d3a3ab141}" />
      </MissingDependency>
      <MissingDependency>
        <Required type="2" schemaName="govcdm_executiveactiontype" displayName="Executive Action Type" parentSchemaName="govcdm_executiveaction" parentDisplayName="Executive Action" solution="govcdm_executivecoordination (1.0.0.0)" />
        <Dependent type="60" displayName="Main" parentDisplayName="Executive Action" id="{1eaa6554-0adf-ee11-904c-000d3a3ab141}" />
      </MissingDependency>
      <MissingDependency>
        <Required type="2" schemaName="govcdm_executiveactiontype" displayName="Executive Action Type" parentSchemaName="govcdm_executiveaction" parentDisplayName="Executive Action" solution="govcdm_executivecoordination (1.0.0.0)" />
        <Dependent type="60" displayName="Quick Create" parentDisplayName="Executive Action" id="{2d59b82c-26df-ee11-904c-000d3a3ab141}" />
      </MissingDependency>
      <MissingDependency>
        <Required type="2" schemaName="govcdm_methodofreceipt" displayName="Method of Receipt" parentSchemaName="govcdm_executiveaction" parentDisplayName="Executive Action" solution="govcdm_executivecoordination (1.0.0.0)" />
        <Dependent type="60" displayName="Main" parentDisplayName="Executive Action" id="{1eaa6554-0adf-ee11-904c-000d3a3ab141}" />
      </MissingDependency>
      <MissingDependency>
        <Required type="2" schemaName="govcdm_methodofreceipt" displayName="Method of Receipt" parentSchemaName="govcdm_executiveaction" parentDisplayName="Executive Action" solution="govcdm_executivecoordination (1.0.0.0)" />
        <Dependent type="60" displayName="Quick Create" parentDisplayName="Executive Action" id="{2d59b82c-26df-ee11-904c-000d3a3ab141}" />
      </MissingDependency>
      <MissingDependency>
        <Required type="2" schemaName="govcdm_name" displayName="Name" parentSchemaName="govcdm_executiveaction" parentDisplayName="Executive Action" solution="govcdm_executivecoordination (1.0.0.0)" />
        <Dependent type="26" schemaName="Executive Actions" displayName="Executive Actions" parentSchemaName="govcdm_executiveaction" parentDisplayName="Executive Action" id="{af69dec9-0edf-ee11-904c-000d3a3ab141}" />
      </MissingDependency>
      <MissingDependency>
        <Required type="2" schemaName="govcdm_name" displayName="Name" parentSchemaName="govcdm_executiveaction" parentDisplayName="Executive Action" solution="govcdm_executivecoordination (1.0.0.0)" />
        <Dependent type="60" displayName="Main" parentDisplayName="Executive Action" id="{1eaa6554-0adf-ee11-904c-000d3a3ab141}" />
      </MissingDependency>
      <MissingDependency>
        <Required type="2" schemaName="govcdm_name" displayName="Name" parentSchemaName="govcdm_executiveaction" parentDisplayName="Executive Action" solution="govcdm_executivecoordination (1.0.0.0)" />
        <Dependent type="60" displayName="Quick Create" parentDisplayName="Executive Action" id="{2d59b82c-26df-ee11-904c-000d3a3ab141}" />
      </MissingDependency>
      <MissingDependency>
        <Required type="2" schemaName="govcdm_outcomesummary" displayName="Outcome Summary" parentSchemaName="govcdm_executiveaction" parentDisplayName="Executive Action" solution="govcdm_executivecoordination (1.0.0.0)" />
        <Dependent type="60" displayName="Main" parentDisplayName="Executive Action" id="{1eaa6554-0adf-ee11-904c-000d3a3ab141}" />
      </MissingDependency>
      <MissingDependency>
        <Required type="2" schemaName="govcdm_parentaction" displayName="Parent Action" parentSchemaName="govcdm_executiveaction" parentDisplayName="Executive Action" solution="govcdm_executivecoordination (1.0.0.0)" />
        <Dependent type="60" displayName="Main" parentDisplayName="Executive Action" id="{1eaa6554-0adf-ee11-904c-000d3a3ab141}" />
      </MissingDependency>
      <MissingDependency>
        <Required type="2" schemaName="govcdm_parentaction" displayName="Parent Action" parentSchemaName="govcdm_executiveaction" parentDisplayName="Executive Action" solution="govcdm_executivecoordination (1.0.0.0)" />
        <Dependent type="60" displayName="Quick Create" parentDisplayName="Executive Action" id="{2d59b82c-26df-ee11-904c-000d3a3ab141}" />
      </MissingDependency>
      <MissingDependency>
        <Required type="2" schemaName="govcdm_priority" displayName="Priority" parentSchemaName="govcdm_executiveaction" parentDisplayName="Executive Action" solution="govcdm_executivecoordination (1.0.0.0)" />
        <Dependent type="26" schemaName="Executive Actions" displayName="Executive Actions" parentSchemaName="govcdm_executiveaction" parentDisplayName="Executive Action" id="{af69dec9-0edf-ee11-904c-000d3a3ab141}" />
      </MissingDependency>
      <MissingDependency>
        <Required type="2" schemaName="govcdm_priority" displayName="Priority" parentSchemaName="govcdm_executiveaction" parentDisplayName="Executive Action" solution="govcdm_executivecoordination (1.0.0.0)" />
        <Dependent type="60" displayName="Main" parentDisplayName="Executive Action" id="{1eaa6554-0adf-ee11-904c-000d3a3ab141}" />
      </MissingDependency>
      <MissingDependency>
        <Required type="2" schemaName="govcdm_priority" displayName="Priority" parentSchemaName="govcdm_executiveaction" parentDisplayName="Executive Action" solution="govcdm_executivecoordination (1.0.0.0)" />
        <Dependent type="60" displayName="Quick Create" parentDisplayName="Executive Action" id="{2d59b82c-26df-ee11-904c-000d3a3ab141}" />
      </MissingDependency>
      <MissingDependency>
        <Required type="2" schemaName="govcdm_receiveddatetime" displayName="Received Date Time" parentSchemaName="govcdm_executiveaction" parentDisplayName="Executive Action" solution="govcdm_executivecoordination (1.0.0.0)" />
        <Dependent type="26" schemaName="Executive Actions" displayName="Executive Actions" parentSchemaName="govcdm_executiveaction" parentDisplayName="Executive Action" id="{af69dec9-0edf-ee11-904c-000d3a3ab141}" />
      </MissingDependency>
      <MissingDependency>
        <Required type="2" schemaName="govcdm_receiveddatetime" displayName="Received Date Time" parentSchemaName="govcdm_executiveaction" parentDisplayName="Executive Action" solution="govcdm_executivecoordination (1.0.0.0)" />
        <Dependent type="60" displayName="Main" parentDisplayName="Executive Action" id="{1eaa6554-0adf-ee11-904c-000d3a3ab141}" />
      </MissingDependency>
      <MissingDependency>
        <Required type="2" schemaName="govcdm_receiveddatetime" displayName="Received Date Time" parentSchemaName="govcdm_executiveaction" parentDisplayName="Executive Action" solution="govcdm_executivecoordination (1.0.0.0)" />
        <Dependent type="60" displayName="Quick Create" parentDisplayName="Executive Action" id="{2d59b82c-26df-ee11-904c-000d3a3ab141}" />
      </MissingDependency>
      <MissingDependency>
        <Required type="2" schemaName="govcdm_receivedfromorganization" displayName="Received From Organization" parentSchemaName="govcdm_executiveaction" parentDisplayName="Executive Action" solution="govcdm_executivecoordination (1.0.0.0)" />
        <Dependent type="60" displayName="Main" parentDisplayName="Executive Action" id="{1eaa6554-0adf-ee11-904c-000d3a3ab141}" />
      </MissingDependency>
      <MissingDependency>
        <Required type="2" schemaName="govcdm_receivedfromorganization" displayName="Received From Organization" parentSchemaName="govcdm_executiveaction" parentDisplayName="Executive Action" solution="govcdm_executivecoordination (1.0.0.0)" />
        <Dependent type="60" displayName="Quick Create" parentDisplayName="Executive Action" id="{2d59b82c-26df-ee11-904c-000d3a3ab141}" />
      </MissingDependency>
      <MissingDependency>
        <Required type="2" schemaName="govcdm_receivedfromou" displayName="Received From OU" parentSchemaName="govcdm_executiveaction" parentDisplayName="Executive Action" solution="govcdm_executivecoordination (1.0.0.0)" />
        <Dependent type="60" displayName="Main" parentDisplayName="Executive Action" id="{1eaa6554-0adf-ee11-904c-000d3a3ab141}" />
      </MissingDependency>
      <MissingDependency>
        <Required type="2" schemaName="govcdm_receivedfromou" displayName="Received From OU" parentSchemaName="govcdm_executiveaction" parentDisplayName="Executive Action" solution="govcdm_executivecoordination (1.0.0.0)" />
        <Dependent type="60" displayName="Quick Create" parentDisplayName="Executive Action" id="{2d59b82c-26df-ee11-904c-000d3a3ab141}" />
      </MissingDependency>
      <MissingDependency>
        <Required type="2" schemaName="govcdm_receivedfromperson" displayName="Received From Person" parentSchemaName="govcdm_executiveaction" parentDisplayName="Executive Action" solution="govcdm_executivecoordination (1.0.0.0)" />
        <Dependent type="60" displayName="Main" parentDisplayName="Executive Action" id="{1eaa6554-0adf-ee11-904c-000d3a3ab141}" />
      </MissingDependency>
      <MissingDependency>
        <Required type="2" schemaName="govcdm_receivedfromperson" displayName="Received From Person" parentSchemaName="govcdm_executiveaction" parentDisplayName="Executive Action" solution="govcdm_executivecoordination (1.0.0.0)" />
        <Dependent type="60" displayName="Quick Create" parentDisplayName="Executive Action" id="{2d59b82c-26df-ee11-904c-000d3a3ab141}" />
      </MissingDependency>
      <MissingDependency>
        <Required type="2" schemaName="govcdm_securityclassification" displayName="Security Classification" parentSchemaName="govcdm_executiveaction" parentDisplayName="Executive Action" solution="govcdm_executivecoordination (1.0.0.0)" />
        <Dependent type="26" schemaName="Executive Actions" displayName="Executive Actions" parentSchemaName="govcdm_executiveaction" parentDisplayName="Executive Action" id="{af69dec9-0edf-ee11-904c-000d3a3ab141}" />
      </MissingDependency>
      <MissingDependency>
        <Required type="2" schemaName="govcdm_securityclassification" displayName="Security Classification" parentSchemaName="govcdm_executiveaction" parentDisplayName="Executive Action" solution="govcdm_executivecoordination (1.0.0.0)" />
        <Dependent type="60" displayName="Main" parentDisplayName="Executive Action" id="{1eaa6554-0adf-ee11-904c-000d3a3ab141}" />
      </MissingDependency>
      <MissingDependency>
        <Required type="2" schemaName="govcdm_securityclassification" displayName="Security Classification" parentSchemaName="govcdm_executiveaction" parentDisplayName="Executive Action" solution="govcdm_executivecoordination (1.0.0.0)" />
        <Dependent type="60" displayName="Quick Create" parentDisplayName="Executive Action" id="{2d59b82c-26df-ee11-904c-000d3a3ab141}" />
      </MissingDependency>
      <MissingDependency>
        <Required type="2" schemaName="ownerid" displayName="Owner" parentSchemaName="govcdm_executiveaction" parentDisplayName="Executive Action" solution="Active" />
        <Dependent type="60" displayName="Main" parentDisplayName="Executive Action" id="{1eaa6554-0adf-ee11-904c-000d3a3ab141}" />
      </MissingDependency>
      <MissingDependency>
        <Required type="2" schemaName="regardingobjectid" displayName="Regarding" parentSchemaName="chat" parentDisplayName="Teams chat" solution="msdynce_ActivitiesPatch (9.0.24024.240216001)" />
        <Dependent type="2" schemaName="regardingobjectid" displayName="Regarding" parentSchemaName="chat" parentDisplayName="Teams chat" />
      </MissingDependency>
      <MissingDependency>
        <Required type="26" schemaName="All Action Assignments" displayName="All Action Assignments" parentSchemaName="govcdm_actionassignment" parentDisplayName="Action Assignment" solution="govcdm_processandtasking (1.0.0.7)" id="{77e7e754-367c-4db1-9a98-442057efe829}" />
        <Dependent type="60" displayName="Main" parentDisplayName="Executive Action" id="{1eaa6554-0adf-ee11-904c-000d3a3ab141}" />
      </MissingDependency>
      <MissingDependency>
        <Required type="26" schemaName="Executive Action Advanced Find View" displayName="Executive Action Advanced Find View" parentSchemaName="govcdm_executiveaction" parentDisplayName="Executive Action" solution="govcdm_executivecoordination (1.0.0.0)" id="{05ddf1dd-1bd0-4f68-bcd3-37e49cef1ff4}" />
        <Dependent type="80" schemaName="msfed_ExecutiveCoordination" displayName="Executive Coordination" />
      </MissingDependency>
      <MissingDependency>
        <Required type="26" schemaName="Executive Action Associated View" displayName="Executive Action Associated View" parentSchemaName="govcdm_executiveaction" parentDisplayName="Executive Action" solution="govcdm_executivecoordination (1.0.0.0)" id="{1e5259dd-9699-4b69-a723-c619631ce3bc}" />
        <Dependent type="80" schemaName="msfed_ExecutiveCoordination" displayName="Executive Coordination" />
      </MissingDependency>
      <MissingDependency>
        <Required type="26" schemaName="Executive Action Lookup View" displayName="Executive Action Lookup View" parentSchemaName="govcdm_executiveaction" parentDisplayName="Executive Action" solution="govcdm_executivecoordination (1.0.0.0)" id="{6e7d5da7-f0ee-4989-a55c-adb5c068c06f}" />
        <Dependent type="80" schemaName="msfed_ExecutiveCoordination" displayName="Executive Coordination" />
      </MissingDependency>
      <MissingDependency>
        <Required type="26" schemaName="My Open Action Assignments" displayName="My Open Action Assignments" parentSchemaName="govcdm_actionassignment" parentDisplayName="Action Assignment" solution="govcdm_processandtasking (1.0.0.7)" id="{c820b5e7-dc3b-4953-a188-8fa99aa53caf}" />
        <Dependent type="60" displayName="Main" parentDisplayName="Executive Action" id="{1eaa6554-0adf-ee11-904c-000d3a3ab141}" />
      </MissingDependency>
      <MissingDependency>
        <Required type="26" schemaName="Quick Find Active Executive Actions" displayName="Quick Find Active Executive Actions" parentSchemaName="govcdm_executiveaction" parentDisplayName="Executive Action" solution="govcdm_executivecoordination (1.0.0.0)" id="{2d9f5ee4-e5b7-4596-a1c1-663872dde9dc}" />
        <Dependent type="80" schemaName="msfed_ExecutiveCoordination" displayName="Executive Coordination" />
      </MissingDependency>
      <MissingDependency>
        <Required type="60" displayName="Information" parentDisplayName="Executive Action" solution="govcdm_executivecoordination (1.0.0.0)" id="{65e3b154-46c3-4e32-8d1f-02a644ff714e}" />
        <Dependent type="80" schemaName="msfed_ExecutiveCoordination" displayName="Executive Coordination" />
      </MissingDependency>
      <MissingDependency>
        <Required type="61" schemaName="adx_icon_invitation_medium" displayName="adx_icon_invitation_medium" solution="PowerPages_RuntimeCore (1.0.2312.2)" />
        <Dependent type="1" schemaName="adx_inviteredemption" displayName="Invite Redemption" />
      </MissingDependency>
      <MissingDependency>
        <Required type="61" schemaName="adx_icon_invitation_small" displayName="adx_icon_invitation_small" solution="PowerPages_RuntimeCore (1.0.2312.2)" />
        <Dependent type="1" schemaName="adx_inviteredemption" displayName="Invite Redemption" />
      </MissingDependency>
      <MissingDependency>
        <Required type="61" schemaName="msdyn_/Images/AppModule_Default_Icon.png" displayName="msdyn_/Images/AppModule_Default_Icon.png" solution="AppModuleWebResources (2.5)" />
        <Dependent type="80" schemaName="msfed_ExecutiveCoordination" displayName="Executive Coordination" />
      </MissingDependency>
      <MissingDependency>
        <Required type="SettingDefinition" displayName="AppChannel" solution="msdyn_AppFrameworkInfraExtensions (1.0.0.7)" id.uniquename="AppChannel" />
        <Dependent type="AppSetting" displayName="parentappmoduleid.uniquename=msfed_ExecutiveCoordination,settingdefinitionid.uniquename=AppChannel" id.parentappmoduleid.uniquename="msfed_ExecutiveCoordination" id.settingdefinitionid.uniquename="AppChannel" />
      </MissingDependency>
    </MissingDependencies>
  </SolutionManifest>
</ImportExportXml>