<powerpagecomponent powerpagecomponentid="2fc6e958-b0d5-4bc3-9d88-1da944f869bb">
  <content>{
  "source": "&lt;!-- Bottom Part --&gt;\r\n&lt;div class=\"usa-identifier site-identifier\"&gt;\r\n\r\n  &lt;!-- Agency Identifier and Contact Info --&gt;\r\n  &lt;section class=\"usa-identifier__section usa-identifier__section--masthead\" aria-label=\"Agency identifier\"&gt;\r\n    &lt;div class=\"grid-container\"&gt;\r\n      &lt;div class=\"grid-row\"&gt;\r\n        &lt;!-- Left Side: Agency Identifier --&gt;\r\n        &lt;div class=\"grid-col-12 desktop:grid-col-6\"&gt;\r\n          &lt;div class=\"usa-identifier__agency-info display-flex flex-align-center\"&gt;\r\n            &lt;a href=\"{% if homeurl%}/{{ homeurl }}{% else %}/{% endif %}\" class=\"usa-identifier__logo\"&gt;\r\n              &lt;img class=\"usa-identifier__logo-img\" src=\"/Logo-sm-64.png\" alt=\"{{ website.name | default: 'Agency' }} Logo\" role=\"img\" width=\"48\" height=\"48\"&gt;\r\n            &lt;/a&gt;\r\n            &lt;div class=\"usa-identifier__identity\"&gt;\r\n              &lt;span class=\"usa-identifier__identity-domain\"&gt;{{ website.primary_domain_name | default: 'agency.gov' }}&lt;/span&gt;\r\n              &lt;span class=\"usa-identifier__identity-disclaimer\"&gt;A sample website for government agencies&lt;/span&gt;\r\n            &lt;/div&gt;\r\n          &lt;/div&gt;\r\n        &lt;/div&gt;\r\n        \r\n        &lt;!-- Right Side: Contact Information --&gt;\r\n        &lt;div class=\"grid-col-12 desktop:grid-col-6\"&gt;\r\n          &lt;div class=\"footer-contact-section\"&gt;\r\n            &lt;h3&gt;Contact Us&lt;/h3&gt;\r\n            &lt;div class=\"footer-contact-grid\"&gt;\r\n              &lt;div class=\"footer-contact-col\"&gt;\r\n                &lt;div&gt;&lt;strong&gt;Phone:&lt;/strong&gt; (555) 123-4567&lt;/div&gt;\r\n                &lt;div&gt;&lt;strong&gt;Email:&lt;/strong&gt; &lt;a href=\"mailto:info@agency.gov\"&gt;info@agency.gov&lt;/a&gt;&lt;/div&gt;\r\n              &lt;/div&gt;\r\n              &lt;div class=\"footer-contact-col\"&gt;\r\n                &lt;div&gt;&lt;strong&gt;Address:&lt;/strong&gt; 123 Government St, Washington, DC 20001&lt;/div&gt;\r\n              &lt;/div&gt;\r\n            &lt;/div&gt;\r\n          &lt;/div&gt;\r\n        &lt;/div&gt;\r\n      &lt;/div&gt;\r\n    &lt;/div&gt;\r\n  &lt;/section&gt;\r\n  \r\n  &lt;nav class=\"usa-identifier__section usa-identifier__section--required-links\" aria-label=\"Important links\"&gt;\r\n    &lt;div class=\"usa-identifier__container\"&gt;\r\n      &lt;ul class=\"usa-identifier__required-links-list\"&gt;\r\n        {% assign footer_links = weblinks[\"Footer Links\"] | default: weblinks[\"Default\"] %}\r\n        {% if footer_links %}\r\n          {% for link in footer_links.weblinks %}\r\n            &lt;li class=\"usa-identifier__required-links-item\"&gt;\r\n              &lt;a href=\"{{ link.url | escape }}\" class=\"usa-identifier__required-link\"&gt;{{ link.name | escape }}&lt;/a&gt;\r\n            &lt;/li&gt;\r\n          {% endfor %}\r\n        {% endif %}\r\n        &lt;!-- Always show these required links --&gt;\r\n        &lt;li class=\"usa-identifier__required-links-item\"&gt;\r\n          &lt;a href=\"/privacy\" class=\"usa-identifier__required-link\"&gt;Privacy Policy&lt;/a&gt;\r\n        &lt;/li&gt;\r\n        &lt;li class=\"usa-identifier__required-links-item\"&gt;\r\n          &lt;a href=\"/accessibility\" class=\"usa-identifier__required-link\"&gt;Accessibility&lt;/a&gt;\r\n        &lt;/li&gt;\r\n        &lt;li class=\"usa-identifier__required-links-item\"&gt;\r\n          &lt;a href=\"/terms\" class=\"usa-identifier__required-link\"&gt;Terms of Use&lt;/a&gt;\r\n        &lt;/li&gt;\r\n      &lt;/ul&gt;\r\n    &lt;/div&gt;\r\n  &lt;/nav&gt;\r\n\r\n&lt;/div&gt;\r\n\r\n&lt;div id=\"accessibilityLinkContainer\" style=\"display: none;\"&gt;&lt;/div&gt;\r\n\r\n&lt;script type=\"text/javascript\"&gt;\r\n  window.onload = function() {\r\n    const accessibilityLinkContainer = document.getElementById(\"accessibilityLinkContainer\");\r\n    switch(window.navigator.language) {\r\n      case \"fr\":\r\n        if (accessibilityLinkContainer != null) {\r\n          const accessibilityText=\"Accessibilité : partiellement conforme\";\r\n          const frenchAccessibilityAnchor = document.createElement(\"a\");\r\n          frenchAccessibilityAnchor.id = \"frenchAccesssibleLink\";\r\n          frenchAccessibilityAnchor.target = \"_blank\";\r\n          frenchAccessibilityAnchor.href = \"https://go.microsoft.com/fwlink/?linkid=2163806\";\r\n          frenchAccessibilityAnchor.title = accessibilityText;\r\n          frenchAccessibilityAnchor.innerText = accessibilityText;\r\n          accessibilityLinkContainer.appendChild(frenchAccessibilityAnchor);\r\n        }\r\n        break;\r\n      case \"it\":\r\n        if (accessibilityLinkContainer != null) {\r\n          const accessibilityText=\"Accessibilità: parzialmente conforme\";\r\n          const italianAccessibilityAnchor = document.createElement(\"a\");\r\n          italianAccessibilityAnchor.id = \"italianAccesssibleLink\";\r\n          italianAccessibilityAnchor.target = \"_blank\";\r\n          italianAccessibilityAnchor.href = \"https://go.microsoft.com/fwlink/?linkid=2208177\";\r\n          italianAccessibilityAnchor.title = accessibilityText;\r\n          italianAccessibilityAnchor.innerText = accessibilityText;\r\n          accessibilityLinkContainer.appendChild(italianAccessibilityAnchor);\r\n        }\r\n        break;\r\n      default: \r\n        accessibilityLinkContainer.remove();\r\n    }\r\n  };\r\n &lt;/script&gt;"
}</content>
  <iscustomizable>1</iscustomizable>
  <name>Footer</name>
  <powerpagecomponenttype>8</powerpagecomponenttype>
  <powerpagesiteid>
    <powerpagesiteid>add6fceb-252c-456e-bead-89dbed3b19c5</powerpagesiteid>
  </powerpagesiteid>
  <statecode>0</statecode>
  <statuscode>1</statuscode>
</powerpagecomponent>