<powerpagecomponent powerpagecomponentid="86ce5af5-017d-4225-8f78-c5015d9505ce">
  <content>{"enablerating":false,"enabletracking":false,"excludefromsearch":false,"hiddenfromsitemap":true,"isroot":true,"pagetemplateid":"7a043952-4ab7-4c58-9649-4cb931361f4f","parentpageid":"4c0dafbd-c00f-48ac-9b6a-890cb257d854","partialurl":"search","publishingstateid":"bb41cbbb-c85a-4db5-a56e-a669cb132666","sharedpageconfiguration":false}</content>
  <iscustomizable>1</iscustomizable>
  <name>Search</name>
  <powerpagecomponenttype>2</powerpagecomponenttype>
  <powerpagesiteid>
    <powerpagesiteid>add6fceb-252c-456e-bead-89dbed3b19c5</powerpagesiteid>
  </powerpagesiteid>
  <searchcontent>Search</searchcontent>
  <statecode>0</statecode>
  <statuscode>1</statuscode>
</powerpagecomponent>