<bot schemaname="msfed_projectTrackingBot">
  <authenticationmode>1</authenticationmode>
  <authenticationtrigger>0</authenticationtrigger>
  <iscustomizable>0</iscustomizable>
  <language>1033</language>
  <name>Project Tracking Bot</name>
  <runtimeprovider>0</runtimeprovider>
  <synchronizationstatus>{
  "contentVersion": 2,
  "currentSynchronizationState": {
    "botRegistration": {
      "applicationId": "5947fc8f-2f35-4a59-92f5-346c658772cd",
      "isAppAvailableInTenant": true
    },
    "provisioningStatus": "Provisioned",
    "state": "Synchronized"
  },
  "lastSynchronizedOnUtc": "2023-10-27T17:25:20.6918387Z"
}</synchronizationstatus>
  <template>default-2.0.1</template>
</bot>