<appaction uniquename="msgov__ActionItem!a4e3845c20fa4a4d959e6d5602884615!msgov_ActionTracker!activitypointer!1">
  <appmoduleid>
    <uniquename>msgov_ActionTracker</uniquename>
  </appmoduleid>
  <buttonlabeltext default="Action Item">
    <label description="Action Item" languagecode="1033" />
  </buttonlabeltext>
  <context>1</context>
  <contextentity>
    <logicalname>activitypointer</logicalname>
  </contextentity>
  <contextvalue>activitypointer</contextvalue>
  <fonticon>$clientsvg:Add</fonticon>
  <hidden>0</hidden>
  <iscustomizable>1</iscustomizable>
  <isdisabled>0</isdisabled>
  <isgrouptitlehidden>0</isgrouptitlehidden>
  <location>1</location>
  <name>ActionItem!a4e3845c20fa4a4d959e6d5602884615</name>
  <onclickeventjavascriptfunctionname>XrmCore.Commands.OpenObj.NewCustomActivity</onclickeventjavascriptfunctionname>
  <onclickeventjavascriptparameters>[{"type":21,"value":"govcdm_actionitem"},{"type":12}]</onclickeventjavascriptparameters>
  <onclickeventjavascriptwebresourceid>
    <webresourceid>adea1aea-b2aa-e611-80d6-00155d88c343</webresourceid>
  </onclickeventjavascriptwebresourceid>
  <onclickeventtype>2</onclickeventtype>
  <origin>0</origin>
  <sequence>500045005.0000000000</sequence>
  <statecode>0</statecode>
  <statuscode>1</statuscode>
  <type>0</type>
  <visibilitytype>0</visibilitytype>
</appaction>