{
  "properties": {
    "connectionReferences": {
      "shared_excelonlinebusiness-1": {
        "runtimeSource": "invoker",
        "connection": {
          "connectionReferenceLogicalName": "new_sharedexcelonlinebusiness_23cac"
        },
        "api": {
          "name": "shared_excelonlinebusiness"
        }
      }
    },
    "definition": {
      "$schema": "https://schema.management.azure.com/providers/Microsoft.Logic/schemas/2016-06-01/workflowdefinition.json#",
      "contentVersion": "1.0.0.0",
      "parameters": {
        "$connections": {
          "defaultValue": {},
          "type": "Object"
        },
        "$authentication": {
          "defaultValue": {},
          "type": "SecureObject"
        }
      },
      "triggers": {
        "manual": {
          "metadata": {
            "operationMetadataId": "ac76ece0-fbdb-4bed-8c98-55f9261809c7"
          },
          "type": "Request",
          "kind": "PowerAppV2",
          "inputs": {
            "schema": {
              "type": "object",
              "properties": {
                "text": {
                  "description": "Enter SharePoint Path to File (/Folder/File)",
                  "title": "File",
                  "type": "string",
                  "x-ms-content-hint": "TEXT",
                  "x-ms-dynamically-added": true
                }
              },
              "required": [
                "text"
              ]
            }
          }
        }
      },
      "actions": {
        "List_Excel_Rows": {
          "runAfter": {},
          "metadata": {
            "operationMetadataId": "da73f3d3-ce8f-4cca-b8a0-da7a163e4aa6",
            "tableId": "Table1"
          },
          "type": "OpenApiConnection",
          "inputs": {
            "host": {
              "connectionName": "shared_excelonlinebusiness-1",
              "operationId": "GetItems",
              "apiId": "/providers/Microsoft.PowerApps/apis/shared_excelonlinebusiness"
            },
            "parameters": {
              "source": "sites/fedairsgcc.sharepoint.com,2f7c13c2-597d-448e-8440-787923e4eb86,ea305dd4-7dee-4bb5-a3f8-42426cd995b4",
              "drive": "b!whN8L31ZjkSEQHh5I-TrhtRdMOrufbVLo_hCQmzZlbTwASPLWLQAR7AxnJCCv1VO",
              "file": "@triggerBody()['text']",
              "table": "Table1"
            },
            "authentication": "@parameters('$authentication')"
          }
        },
        "Respond_to_a_PowerApp_or_flow": {
          "runAfter": {
            "List_Excel_Rows": [
              "Succeeded"
            ]
          },
          "metadata": {
            "operationMetadataId": "9b3bac60-fbe0-4d9a-ae23-bcc9ce3d00cf"
          },
          "type": "Response",
          "kind": "PowerApp",
          "inputs": {
            "statusCode": 200,
            "body": {
              "result": "@{outputs('List_Excel_Rows')}"
            },
            "schema": {
              "type": "object",
              "properties": {
                "result": {
                  "title": "Result",
                  "x-ms-dynamically-added": true,
                  "type": "string"
                }
              }
            }
          }
        }
      }
    },
    "templateName": ""
  },
  "schemaVersion": "1.0.0.0"
}