<appaction uniquename="msfed__OpenDialog!1e800b9d77c242f6af900616981c2dfa!msfed_ProcessandTasking!contact!0">
  <appmoduleid>
    <uniquename>msfed_ProcessandTasking</uniquename>
  </appmoduleid>
  <buttonlabeltext default="Open Dialog">
    <label description="Open Dialog" languagecode="1033" />
  </buttonlabeltext>
  <context>1</context>
  <contextentity>
    <logicalname>contact</logicalname>
  </contextentity>
  <contextvalue>contact</contextvalue>
  <fonticon>FormDesign</fonticon>
  <hidden>0</hidden>
  <iscustomizable>1</iscustomizable>
  <isdisabled>0</isdisabled>
  <isgrouptitlehidden>0</isgrouptitlehidden>
  <location>0</location>
  <name>OpenDialog!1e800b9d77c242f6af900616981c2dfa</name>
  <onclickeventjavascriptfunctionname>openCustomPageAsDialog</onclickeventjavascriptfunctionname>
  <onclickeventjavascriptparameters>[{"type":21,"value":"Process and Tasking"},{"type":21,"value":"msfed_actionassignmentspage_5f102"},{"type":21,"value":"contact"},{"type":4},{"type":19,"value":70}]</onclickeventjavascriptparameters>
  <onclickeventjavascriptwebresourceid>
    <webresourceid>4911da10-1fe6-ee11-904d-0022481c9844</webresourceid>
  </onclickeventjavascriptwebresourceid>
  <onclickeventtype>2</onclickeventtype>
  <origin>0</origin>
  <parentappactionid>
    <uniquename>msfed__NewGroup!4abae419b9d645b0a9078835812e2450!msfed_ProcessandTasking!contact!0</uniquename>
  </parentappactionid>
  <sequence>20000.0000000000</sequence>
  <statecode>0</statecode>
  <statuscode>1</statuscode>
  <type>0</type>
  <visibilitytype>0</visibilitytype>
</appaction>