﻿<?xml version="1.0" encoding="utf-8"?>
<ImportExportXml xmlns:xsi="http://www.w3.org/2001/XMLSchema-instance">
  <Entities>
    <Entity>
      <Name LocalizedName="Action Assignment" OriginalName="Action Assignment">govcdm_ActionAssignment</Name>
      <EntityInfo>
        <entity Name="govcdm_ActionAssignment">
          <LocalizedNames>
            <LocalizedName description="Action Assignment" languagecode="1033" />
          </LocalizedNames>
          <LocalizedCollectionNames>
            <LocalizedCollectionName description="Action Assignments" languagecode="1033" />
          </LocalizedCollectionNames>
          <Descriptions>
            <Description description="" languagecode="1033" />
          </Descriptions>
          <attributes />
          <EntitySetName>govcdm_actionassignments</EntitySetName>
          <IsDuplicateCheckSupported>1</IsDuplicateCheckSupported>
          <IsBusinessProcessEnabled>0</IsBusinessProcessEnabled>
          <IsRequiredOffline>0</IsRequiredOffline>
          <IsInteractionCentricEnabled>0</IsInteractionCentricEnabled>
          <IsCollaboration>1</IsCollaboration>
          <AutoRouteToOwnerQueue>0</AutoRouteToOwnerQueue>
          <IsConnectionsEnabled>1</IsConnectionsEnabled>
          <EntityColor></EntityColor>
          <IsDocumentManagementEnabled>0</IsDocumentManagementEnabled>
          <AutoCreateAccessTeams>0</AutoCreateAccessTeams>
          <IsOneNoteIntegrationEnabled>0</IsOneNoteIntegrationEnabled>
          <IsKnowledgeManagementEnabled>0</IsKnowledgeManagementEnabled>
          <IsSLAEnabled>0</IsSLAEnabled>
          <IsDocumentRecommendationsEnabled>0</IsDocumentRecommendationsEnabled>
          <IsBPFEntity>0</IsBPFEntity>
          <OwnershipTypeMask>UserOwned</OwnershipTypeMask>
          <IsAuditEnabled>0</IsAuditEnabled>
          <IsRetrieveAuditEnabled>0</IsRetrieveAuditEnabled>
          <IsRetrieveMultipleAuditEnabled>0</IsRetrieveMultipleAuditEnabled>
          <IsActivity>1</IsActivity>
          <ActivityTypeMask></ActivityTypeMask>
          <IsActivityParty>0</IsActivityParty>
          <IsReplicated>1</IsReplicated>
          <IsReplicationUserFiltered>1</IsReplicationUserFiltered>
          <IsMailMergeEnabled>0</IsMailMergeEnabled>
          <IsVisibleInMobile>0</IsVisibleInMobile>
          <IsVisibleInMobileClient>0</IsVisibleInMobileClient>
          <IsReadOnlyInMobileClient>0</IsReadOnlyInMobileClient>
          <IsOfflineInMobileClient>0</IsOfflineInMobileClient>
          <DaysSinceRecordLastModified>0</DaysSinceRecordLastModified>
          <MobileOfflineFilters></MobileOfflineFilters>
          <IsMapiGridEnabled>1</IsMapiGridEnabled>
          <IsReadingPaneEnabled>1</IsReadingPaneEnabled>
          <IsQuickCreateEnabled>1</IsQuickCreateEnabled>
          <SyncToExternalSearchIndex>0</SyncToExternalSearchIndex>
          <IntroducedVersion>5.0.0.0</IntroducedVersion>
          <IconVectorName></IconVectorName>
          <EnforceStateTransitions>0</EnforceStateTransitions>
          <EntityHelpUrlEnabled>0</EntityHelpUrlEnabled>
          <EntityHelpUrl></EntityHelpUrl>
          <ChangeTrackingEnabled>0</ChangeTrackingEnabled>
          <IsEnabledForExternalChannels>0</IsEnabledForExternalChannels>
          <IsMSTeamsIntegrationEnabled>0</IsMSTeamsIntegrationEnabled>
          <IsSolutionAware>0</IsSolutionAware>
          <HasRelatedNotes>True</HasRelatedNotes>
          <HasRelatedFeedback>True</HasRelatedFeedback>
        </entity>
      </EntityInfo>
      <RibbonDiffXml>
        <CustomActions />
        <Templates>
          <RibbonTemplates Id="Mscrm.Templates"></RibbonTemplates>
        </Templates>
        <CommandDefinitions />
        <RuleDefinitions>
          <TabDisplayRules />
          <DisplayRules />
          <EnableRules />
        </RuleDefinitions>
        <LocLabels />
      </RibbonDiffXml>
    </Entity>
    <Entity>
      <Name LocalizedName="HR Change Request" OriginalName="HR Change Request">govcdm_HRChangeRequest</Name>
      <SavedQueries>
        <savedqueries>
          <savedquery>
            <isquickfindquery>0</isquickfindquery>
            <isprivate>0</isprivate>
            <isdefault>1</isdefault>
            <savedqueryid>{6343121a-ad15-4c33-9fc8-19fcd8d5948e}</savedqueryid>
            <layoutxml>
              <grid name="resultset" jump="govcdm_name" select="1" icon="1" preview="1">
                <row name="result" id="govcdm_hrchangerequestid">
                  <cell name="govcdm_name" width="300" />
                  <cell name="createdon" width="125" />
                </row>
              </grid>
            </layoutxml>
            <querytype>0</querytype>
            <fetchxml>
              <fetch version="1.0" mapping="logical">
                <entity name="govcdm_hrchangerequest">
                  <attribute name="govcdm_hrchangerequestid" />
                  <attribute name="govcdm_name" />
                  <attribute name="createdon" />
                  <order attribute="govcdm_name" descending="false" />
                  <filter type="and">
                    <condition attribute="statecode" operator="eq" value="0" />
                  </filter>
                </entity>
              </fetch>
            </fetchxml>
            <IntroducedVersion>1.0</IntroducedVersion>
            <LocalizedNames>
              <LocalizedName description="Active HR Change Requests" languagecode="1033" />
            </LocalizedNames>
          </savedquery>
        </savedqueries>
      </SavedQueries>
      <Visualizations>
        <visualization>
          <savedqueryvisualizationid>{F3281B68-263D-EE11-BDF4-000D3A119632}</savedqueryvisualizationid>
          <datadescription>
            <datadefinition>
              <fetchcollection>
                <fetch mapping="logical" aggregate="true">
                  <entity name="govcdm_hrchangerequest">
                    <attribute name="govcdm_hrchangerequesttype" groupby="true" alias="_CRMAutoGen_groupby_column_Num_0" />
                    <attribute name="govcdm_hrchangerequesttype" aggregate="count" alias="_CRMAutoGen_aggregate_column_Num_0" />
                  </entity>
                </fetch>
              </fetchcollection>
              <categorycollection>
                <category alias="_CRMAutoGen_groupby_column_Num_0">
                  <measurecollection>
                    <measure alias="_CRMAutoGen_aggregate_column_Num_0" />
                  </measurecollection>
                </category>
              </categorycollection>
            </datadefinition>
          </datadescription>
          <presentationdescription>
            <Chart Palette="None" PaletteCustomColors="58,150,221; 104,153,32; 215,116,64; 195,107,209; 87,129,27; 119,141,241; 202,80,16; 79,107,237; 238,95,183; 0,165,175; 230,28,153; 178,124,0; 177,70,194; 0,115,81; 99,124,239; 0,139,148; 52,135,199; 148,112,189; 227,0,140; 208,98,40;">
              <Series>
                <Series ChartType="Bar" IsValueShownAsLabel="True" Font="{0}, 14px" LabelForeColor="36, 36, 36" CustomProperties="PointWidth=0.75, MaxPixelPointWidth=40">
                  <SmartLabelStyle Enabled="True" />
                </Series>
              </Series>
              <ChartAreas>
                <ChartArea BorderColor="White" BorderDashStyle="Solid">
                  <AxisY LabelAutoFitMinFontSize="8" TitleForeColor="36, 36, 36" TitleFont="{0}, 14px" LineColor="209, 209, 209" IntervalAutoMode="VariableCount">
                    <MajorGrid LineColor="240, 240, 240" />
                    <MajorTickMark LineColor="209, 209, 209" />
                    <LabelStyle Font="{0}, 14px" ForeColor="36, 36, 36" />
                  </AxisY>
                  <AxisX LabelAutoFitMinFontSize="8" TitleForeColor="36, 36, 36" TitleFont="{0}, 14px" LineColor="209, 209, 209" IntervalAutoMode="VariableCount">
                    <MajorTickMark LineColor="209, 209, 209" />
                    <MajorGrid LineColor="Transparent" />
                    <LabelStyle Font="{0}, 14px" ForeColor="36, 36, 36" />
                  </AxisX>
                </ChartArea>
              </ChartAreas>
              <Titles>
                <Title Alignment="TopLeft" DockingOffset="-3" Font="{0}, 14px" ForeColor="214, 214, 214" />
              </Titles>
            </Chart>
          </presentationdescription>
          <isdefault>0</isdefault>
          <LocalizedNames>
            <LocalizedName description="HR Change Requests by Type" languagecode="1033" />
          </LocalizedNames>
          <IsCustomizable>1</IsCustomizable>
          <IntroducedVersion>1.0</IntroducedVersion>
          <CanBeDeleted>1</CanBeDeleted>
        </visualization>
      </Visualizations>
      <RibbonDiffXml>
        <CustomActions />
        <Templates>
          <RibbonTemplates Id="Mscrm.Templates"></RibbonTemplates>
        </Templates>
        <CommandDefinitions />
        <RuleDefinitions>
          <TabDisplayRules />
          <DisplayRules />
          <EnableRules />
        </RuleDefinitions>
        <LocLabels />
      </RibbonDiffXml>
    </Entity>
    <Entity>
      <Name LocalizedName="HR Change Request Type" OriginalName="HR Change Request Type">govcdm_HRChangeRequestType</Name>
      <RibbonDiffXml>
        <CustomActions />
        <Templates>
          <RibbonTemplates Id="Mscrm.Templates"></RibbonTemplates>
        </Templates>
        <CommandDefinitions />
        <RuleDefinitions>
          <TabDisplayRules />
          <DisplayRules />
          <EnableRules />
        </RuleDefinitions>
        <LocLabels />
      </RibbonDiffXml>
    </Entity>
    <Entity>
      <Name LocalizedName="HR Comp Overtime Request" OriginalName="HR Comp Overtime Request">govcdm_HRCompOvertimeRequest</Name>
      <RibbonDiffXml>
        <CustomActions />
        <Templates>
          <RibbonTemplates Id="Mscrm.Templates"></RibbonTemplates>
        </Templates>
        <CommandDefinitions />
        <RuleDefinitions>
          <TabDisplayRules />
          <DisplayRules />
          <EnableRules />
        </RuleDefinitions>
        <LocLabels />
      </RibbonDiffXml>
    </Entity>
    <Entity>
      <Name LocalizedName="HR Event" OriginalName="HR Event">govcdm_HREvent</Name>
      <RibbonDiffXml>
        <CustomActions />
        <Templates>
          <RibbonTemplates Id="Mscrm.Templates"></RibbonTemplates>
        </Templates>
        <CommandDefinitions />
        <RuleDefinitions>
          <TabDisplayRules />
          <DisplayRules />
          <EnableRules />
        </RuleDefinitions>
        <LocLabels />
      </RibbonDiffXml>
    </Entity>
    <Entity>
      <Name LocalizedName="HR GPC Request" OriginalName="HR GPC Request">govcdm_HRGPCRequest</Name>
      <RibbonDiffXml>
        <CustomActions />
        <Templates>
          <RibbonTemplates Id="Mscrm.Templates"></RibbonTemplates>
        </Templates>
        <CommandDefinitions />
        <RuleDefinitions>
          <TabDisplayRules />
          <DisplayRules />
          <EnableRules />
        </RuleDefinitions>
        <LocLabels />
      </RibbonDiffXml>
    </Entity>
    <Entity>
      <Name LocalizedName="HR Position" OriginalName="HR Position">govcdm_HRPosition</Name>
      <FormXml>
        <forms type="main">
          <systemform>
            <formid>{64af97db-f8f1-ee11-904b-000d3a8cbc95}</formid>
            <IntroducedVersion>1.0</IntroducedVersion>
            <FormPresentation>1</FormPresentation>
            <FormActivationState>1</FormActivationState>
            <form headerdensity="HighWithControls">
              <tabs>
                <tab verticallayout="true" id="{5ec2b3c4-50fd-4af9-af52-4a976e962fda}" IsUserDefined="1" labelid="{a96f9fc6-eb85-4496-9e5c-28c63f216afd}">
                  <labels>
                    <label description="General" languagecode="1033" />
                  </labels>
                  <columns>
                    <column width="100%">
                      <sections>
                        <section showlabel="false" showbar="false" IsUserDefined="0" id="{edc9e3b9-ef39-42ac-ab04-951640e9f4ec}" labelid="{3b00ecfb-b812-40e0-bfd6-a71f453c1171}">
                          <labels>
                            <label description="General" languagecode="1033" />
                          </labels>
                          <rows>
                            <row>
                              <cell id="{f2266490-4089-4c37-b3c9-86ed5f91bba4}" colspan="1" rowspan="1" labelid="{4721f006-0609-41bc-ad6d-ea720e5b538a}">
                                <labels>
                                  <label description="Name" languagecode="1033" />
                                </labels>
                                <control id="govcdm_name" classid="{4273EDBD-AC1D-40d3-9FB2-095C621B552D}" datafieldname="govcdm_name" />
                              </cell>
                            </row>
                            <row>
                              <cell id="{959b0697-55da-4a61-b9c9-eb885a98ec14}" locklevel="0" colspan="1" rowspan="1" labelid="{aac60867-f500-476c-9236-c01d7fc0caa9}">
                                <labels>
                                  <label description="HR Position Description" languagecode="1033" />
                                </labels>
                                <control id="govcdm_hrpositiondescription" classid="{270BD3DB-D9AF-4782-9025-509E298DEC0A}" datafieldname="govcdm_hrpositiondescription" disabled="false" />
                              </cell>
                            </row>
                            <row>
                              <cell id="{d943964a-7dd1-48b7-a379-83c5de388f81}" locklevel="0" colspan="1" rowspan="1" labelid="{8f781468-9e16-4246-bba0-1e8faaf93a84}">
                                <labels>
                                  <label description="Organization Unit" languagecode="1033" />
                                </labels>
                                <control id="govcdm_organizationunit" classid="{270BD3DB-D9AF-4782-9025-509E298DEC0A}" datafieldname="govcdm_organizationunit" disabled="false" />
                              </cell>
                            </row>
                            <row>
                              <cell id="{6ea05d14-f509-48a3-92fc-49d4250c5129}" labelid="{c51da138-499e-4b63-8be5-7e40c06ca025}">
                                <labels>
                                  <label description="Owner" languagecode="1033" />
                                </labels>
                                <control id="ownerid" classid="{270BD3DB-D9AF-4782-9025-509E298DEC0A}" datafieldname="ownerid" />
                              </cell>
                            </row>
                          </rows>
                        </section>
                      </sections>
                    </column>
                  </columns>
                </tab>
              </tabs>
              <header id="{41adfa77-be74-4ee2-9943-3f4f787c03ba}" celllabelposition="Top" columns="111" labelwidth="115" celllabelalignment="Left">
                <rows>
                  <row>
                    <cell id="{3d77131a-0f7d-42ac-a250-c0b04958602e}" showlabel="false" labelid="{39729f8f-96cb-4212-a4d8-e4f71ae92f86}">
                      <labels>
                        <label description="" languagecode="1033" />
                      </labels>
                    </cell>
                    <cell id="{65ec5257-18ea-45b2-9080-a535a9a83059}" showlabel="false" labelid="{8adb9f93-bf6e-44aa-9238-d95b8135af0f}">
                      <labels>
                        <label description="" languagecode="1033" />
                      </labels>
                    </cell>
                    <cell id="{b983fc60-0147-4a1a-a156-49e8fef99368}" showlabel="false" labelid="{920021ed-d171-4861-980f-ed9b3098f34a}">
                      <labels>
                        <label description="" languagecode="1033" />
                      </labels>
                    </cell>
                  </row>
                </rows>
              </header>
              <footer id="{d6d0c7d6-5a6a-4515-b698-b0a35b01d74d}" celllabelposition="Top" columns="111" labelwidth="115" celllabelalignment="Left">
                <rows>
                  <row>
                    <cell id="{95f3ec84-34e7-47f1-bc7d-bc84e9c94e5a}" showlabel="false" labelid="{77eb7c88-d890-4b5e-b172-6e8f2621c2af}">
                      <labels>
                        <label description="" languagecode="1033" />
                      </labels>
                    </cell>
                    <cell id="{6bfcbf5d-fe2a-42d8-ad23-d0a6b5d8a192}" showlabel="false" labelid="{e48d6bae-ff1f-4532-b015-93dd8953fba9}">
                      <labels>
                        <label description="" languagecode="1033" />
                      </labels>
                    </cell>
                    <cell id="{c863924f-3dc0-4f32-b118-04ccbc17a9ee}" showlabel="false" labelid="{cb1e74ef-569c-4aa0-9879-83076870e1d1}">
                      <labels>
                        <label description="" languagecode="1033" />
                      </labels>
                    </cell>
                  </row>
                </rows>
              </footer>
              <DisplayConditions Order="1" FallbackForm="true">
                <Role Id="{627090ff-40a3-4053-8790-584edc5be201}" />
                <Role Id="{119f245c-3cc8-4b62-b31c-d1a046ced15d}" />
              </DisplayConditions>
            </form>
            <IsCustomizable>1</IsCustomizable>
            <CanBeDeleted>1</CanBeDeleted>
            <LocalizedNames>
              <LocalizedName description="Main" languagecode="1033" />
            </LocalizedNames>
            <Descriptions>
              <Description description="A form for this entity." languagecode="1033" />
            </Descriptions>
          </systemform>
        </forms>
      </FormXml>
      <RibbonDiffXml>
        <CustomActions />
        <Templates>
          <RibbonTemplates Id="Mscrm.Templates"></RibbonTemplates>
        </Templates>
        <CommandDefinitions />
        <RuleDefinitions>
          <TabDisplayRules />
          <DisplayRules />
          <EnableRules />
        </RuleDefinitions>
        <LocLabels />
      </RibbonDiffXml>
    </Entity>
    <Entity>
      <Name LocalizedName="HR Position Assignment" OriginalName="HR Position Assignment">govcdm_HRPositionAssignment</Name>
      <FormXml>
        <forms type="main">
          <systemform>
            <formid>{69391501-f9f1-ee11-904b-000d3a8cbc95}</formid>
            <IntroducedVersion>1.0</IntroducedVersion>
            <FormPresentation>1</FormPresentation>
            <FormActivationState>1</FormActivationState>
            <form headerdensity="HighWithControls">
              <tabs>
                <tab verticallayout="true" id="{4dc66f21-1613-48ea-abfb-1383c05b4ba8}" IsUserDefined="1" labelid="{168e5a49-8844-4ce8-92d8-c2cb80a460aa}">
                  <labels>
                    <label description="General" languagecode="1033" />
                  </labels>
                  <columns>
                    <column width="100%">
                      <sections>
                        <section showlabel="false" showbar="false" IsUserDefined="0" id="{52c12a46-1474-4b65-8413-e51339a3fd63}" labelid="{811837f0-3642-46c8-ac9a-c10215d1c7d4}">
                          <labels>
                            <label description="General" languagecode="1033" />
                          </labels>
                          <rows>
                            <row>
                              <cell id="{2a89c422-521e-4bda-92e1-4f95ed92c237}" labelid="{3f3c66bf-f76a-410d-a54f-9c8729f10160}">
                                <labels>
                                  <label description="Name" languagecode="1033" />
                                </labels>
                                <control id="govcdm_name" classid="{4273EDBD-AC1D-40d3-9FB2-095C621B552D}" datafieldname="govcdm_name" />
                              </cell>
                            </row>
                            <row>
                              <cell id="{efd7b887-6aa2-4844-b0dc-53d79ead613c}" locklevel="0" colspan="1" rowspan="1" labelid="{e9d2007c-2d3d-4c21-a4cb-19f2200c576d}">
                                <labels>
                                  <label description="HR Position" languagecode="1033" />
                                </labels>
                                <control id="govcdm_hrposition" classid="{270BD3DB-D9AF-4782-9025-509E298DEC0A}" datafieldname="govcdm_hrposition" disabled="false" />
                              </cell>
                            </row>
                            <row>
                              <cell id="{b80dc41f-424f-4e10-b231-43e0d22a99cc}" locklevel="0" colspan="1" rowspan="1" labelid="{ece8e209-b2a3-406a-94d2-933b4b573dd8}">
                                <labels>
                                  <label description="Start Date" languagecode="1033" />
                                </labels>
                                <control id="govcdm_startdate" classid="{5B773807-9FB2-42DB-97C3-7A91EFF8ADFF}" datafieldname="govcdm_startdate" disabled="false" />
                              </cell>
                            </row>
                            <row>
                              <cell id="{b4af3caf-67fa-4ed7-9e93-4df098cbb6f1}" locklevel="0" colspan="1" rowspan="1" labelid="{f285cbfc-4be7-4ef2-8352-ec2fab07f0c4}">
                                <labels>
                                  <label description="End Date" languagecode="1033" />
                                </labels>
                                <control id="govcdm_enddate" classid="{5B773807-9FB2-42DB-97C3-7A91EFF8ADFF}" datafieldname="govcdm_enddate" disabled="false" />
                              </cell>
                            </row>
                            <row>
                              <cell id="{6e921969-88cd-43a0-98d7-a6d352c897aa}" locklevel="0" colspan="1" rowspan="1" labelid="{92cbca58-a1f6-4344-aba1-3bbc36910ad3}">
                                <labels>
                                  <label description="Person" languagecode="1033" />
                                </labels>
                                <control id="govcdm_person" classid="{270BD3DB-D9AF-4782-9025-509E298DEC0A}" datafieldname="govcdm_person" disabled="false" />
                              </cell>
                            </row>
                            <row>
                              <cell id="{89e924a5-46bd-499c-832d-48189eae43b5}" labelid="{caf1a3df-1fef-49cd-810c-d9f29e341d85}">
                                <labels>
                                  <label description="Owner" languagecode="1033" />
                                </labels>
                                <control id="ownerid" classid="{270BD3DB-D9AF-4782-9025-509E298DEC0A}" datafieldname="ownerid" />
                              </cell>
                            </row>
                          </rows>
                        </section>
                      </sections>
                    </column>
                  </columns>
                </tab>
              </tabs>
              <header id="{17c42ee2-4683-4706-ad8c-0e308a3fc1b9}" celllabelposition="Top" columns="111" labelwidth="115" celllabelalignment="Left">
                <rows>
                  <row>
                    <cell id="{18e5cd9f-c2b7-483b-a023-8066d0bdaf02}" showlabel="false" labelid="{50417297-d41c-4077-a92d-22d1923d397d}">
                      <labels>
                        <label description="" languagecode="1033" />
                      </labels>
                    </cell>
                    <cell id="{1ae28052-11e7-4995-b6a2-8b1f7b6b5271}" showlabel="false" labelid="{9d6f707a-5dae-412d-9d33-91c6cf3dc6c4}">
                      <labels>
                        <label description="" languagecode="1033" />
                      </labels>
                    </cell>
                    <cell id="{29d98994-8406-4ec2-bafa-d4cf208c3cfa}" showlabel="false" labelid="{1a7d603a-05bd-4d3a-acd4-3da9b82c97c2}">
                      <labels>
                        <label description="" languagecode="1033" />
                      </labels>
                    </cell>
                  </row>
                </rows>
              </header>
              <footer id="{67086e1e-f21d-47dc-9f79-649ad3a9ec55}" celllabelposition="Top" columns="111" labelwidth="115" celllabelalignment="Left">
                <rows>
                  <row>
                    <cell id="{5bbf8588-7a73-4b2b-977f-88ba19a75e2a}" showlabel="false" labelid="{b7de852b-ef42-4f0f-b6d5-91a8f08a1fe5}">
                      <labels>
                        <label description="" languagecode="1033" />
                      </labels>
                    </cell>
                    <cell id="{b10f488b-2e72-4204-b54c-57c3d1651964}" showlabel="false" labelid="{f45984cf-ef9e-470e-b275-3377c9f374f9}">
                      <labels>
                        <label description="" languagecode="1033" />
                      </labels>
                    </cell>
                    <cell id="{11c0a0e4-42a0-4be7-beea-96c0989255cd}" showlabel="false" labelid="{e4035f3a-d8e3-4841-bca3-aab1b732b1fb}">
                      <labels>
                        <label description="" languagecode="1033" />
                      </labels>
                    </cell>
                  </row>
                </rows>
              </footer>
              <DisplayConditions Order="1" FallbackForm="true">
                <Role Id="{627090ff-40a3-4053-8790-584edc5be201}" />
                <Role Id="{119f245c-3cc8-4b62-b31c-d1a046ced15d}" />
              </DisplayConditions>
            </form>
            <IsCustomizable>1</IsCustomizable>
            <CanBeDeleted>1</CanBeDeleted>
            <LocalizedNames>
              <LocalizedName description="Main" languagecode="1033" />
            </LocalizedNames>
            <Descriptions>
              <Description description="A form for this entity." languagecode="1033" />
            </Descriptions>
          </systemform>
        </forms>
      </FormXml>
      <RibbonDiffXml>
        <CustomActions />
        <Templates>
          <RibbonTemplates Id="Mscrm.Templates"></RibbonTemplates>
        </Templates>
        <CommandDefinitions />
        <RuleDefinitions>
          <TabDisplayRules />
          <DisplayRules />
          <EnableRules />
        </RuleDefinitions>
        <LocLabels />
      </RibbonDiffXml>
    </Entity>
    <Entity>
      <Name LocalizedName="HR Position Description" OriginalName="HR Position Description">govcdm_HRPositionDescription</Name>
      <FormXml>
        <forms type="main">
          <systemform>
            <formid>{6e74371b-f9f1-ee11-904b-000d3a8cbc95}</formid>
            <IntroducedVersion>1.0</IntroducedVersion>
            <FormPresentation>1</FormPresentation>
            <FormActivationState>1</FormActivationState>
            <form headerdensity="HighWithControls">
              <tabs>
                <tab verticallayout="true" id="{4501a025-94ee-4ab3-ace7-f5a1847f2b9e}" IsUserDefined="1" labelid="{45709460-a4a0-45d0-bf98-8552103e7a66}">
                  <labels>
                    <label description="General" languagecode="1033" />
                  </labels>
                  <columns>
                    <column width="100%">
                      <sections>
                        <section showlabel="false" showbar="false" IsUserDefined="0" id="{612acc77-3558-4508-99dd-c513e4c2dbb3}" labelid="{1efcecfb-478f-4c98-a622-39b2bc9d45f5}">
                          <labels>
                            <label description="General" languagecode="1033" />
                          </labels>
                          <rows>
                            <row>
                              <cell id="{97d69ccc-7d35-4afb-a126-fd4d5ef1bbd2}" labelid="{943670e6-7c74-4c45-b5ad-b3ea3aaa6ff0}">
                                <labels>
                                  <label description="Name" languagecode="1033" />
                                </labels>
                                <control id="govcdm_name" classid="{4273EDBD-AC1D-40d3-9FB2-095C621B552D}" datafieldname="govcdm_name" />
                              </cell>
                            </row>
                            <row>
                              <cell id="{b8836dd2-5753-44b8-8b98-54e95dc7f930}" labelid="{78636f3e-c214-4b2a-8856-037796697a91}">
                                <labels>
                                  <label description="Owner" languagecode="1033" />
                                </labels>
                                <control id="ownerid" classid="{270BD3DB-D9AF-4782-9025-509E298DEC0A}" datafieldname="ownerid" />
                              </cell>
                            </row>
                          </rows>
                        </section>
                      </sections>
                    </column>
                  </columns>
                </tab>
              </tabs>
              <header id="{9a7d3616-b292-4aeb-8179-60f559e9b5fb}" celllabelposition="Top" columns="111" labelwidth="115" celllabelalignment="Left">
                <rows>
                  <row>
                    <cell id="{dd391bcb-8475-42d1-98ad-1faf11d868d9}" showlabel="false" labelid="{2c1e04b2-08b0-4322-8364-46e85ddf9afc}">
                      <labels>
                        <label description="" languagecode="1033" />
                      </labels>
                    </cell>
                    <cell id="{6831dd49-f3f8-42bc-a07b-6bdecf969940}" showlabel="false" labelid="{36e22186-8ace-40d4-bd1a-b566fb30f98f}">
                      <labels>
                        <label description="" languagecode="1033" />
                      </labels>
                    </cell>
                    <cell id="{f0fd74d6-c7ea-4aee-a83b-edea605651e6}" showlabel="false" labelid="{ff4766c2-5fcb-4a66-b4d5-38a69fe9860f}">
                      <labels>
                        <label description="" languagecode="1033" />
                      </labels>
                    </cell>
                  </row>
                </rows>
              </header>
              <footer id="{88a804a3-8a4d-4bb8-b98e-9e08fceb3f0a}" celllabelposition="Top" columns="111" labelwidth="115" celllabelalignment="Left">
                <rows>
                  <row>
                    <cell id="{186d9b1c-c6fb-496c-bec7-2f07d5307b0c}" showlabel="false" labelid="{498ecba8-8555-4a09-bac0-38d58862c18e}">
                      <labels>
                        <label description="" languagecode="1033" />
                      </labels>
                    </cell>
                    <cell id="{8fa38eff-edd5-4ae2-9549-92e234310dab}" showlabel="false" labelid="{b6c0d913-08bf-4a83-99a0-8a2b4adee57a}">
                      <labels>
                        <label description="" languagecode="1033" />
                      </labels>
                    </cell>
                    <cell id="{e30929a5-321b-4524-a4a0-f2ccbdb97181}" showlabel="false" labelid="{952cde3b-a258-43d8-8c92-336d7c074d82}">
                      <labels>
                        <label description="" languagecode="1033" />
                      </labels>
                    </cell>
                  </row>
                </rows>
              </footer>
              <DisplayConditions Order="1" FallbackForm="true">
                <Role Id="{627090ff-40a3-4053-8790-584edc5be201}" />
                <Role Id="{119f245c-3cc8-4b62-b31c-d1a046ced15d}" />
              </DisplayConditions>
            </form>
            <IsCustomizable>1</IsCustomizable>
            <CanBeDeleted>1</CanBeDeleted>
            <LocalizedNames>
              <LocalizedName description="Main" languagecode="1033" />
            </LocalizedNames>
            <Descriptions>
              <Description description="A form for this entity." languagecode="1033" />
            </Descriptions>
          </systemform>
        </forms>
      </FormXml>
      <RibbonDiffXml>
        <CustomActions />
        <Templates>
          <RibbonTemplates Id="Mscrm.Templates"></RibbonTemplates>
        </Templates>
        <CommandDefinitions />
        <RuleDefinitions>
          <TabDisplayRules />
          <DisplayRules />
          <EnableRules />
        </RuleDefinitions>
        <LocLabels />
      </RibbonDiffXml>
    </Entity>
    <Entity>
      <Name LocalizedName="HR Reasonable Accommodation" OriginalName="HR Reasonable Accommodation">govcdm_HRReasonableAccommodation</Name>
      <RibbonDiffXml>
        <CustomActions />
        <Templates>
          <RibbonTemplates Id="Mscrm.Templates"></RibbonTemplates>
        </Templates>
        <CommandDefinitions />
        <RuleDefinitions>
          <TabDisplayRules />
          <DisplayRules />
          <EnableRules />
        </RuleDefinitions>
        <LocLabels />
      </RibbonDiffXml>
    </Entity>
    <Entity>
      <Name LocalizedName="HR Telework Request" OriginalName="HR Telework Request">govcdm_HRTeleworkRequest</Name>
      <EntityInfo>
        <entity Name="govcdm_HRTeleworkRequest">
          <attributes>
            <attribute PhysicalName="msfed_ActionAssignment">
              <Type>lookup</Type>
              <Name>msfed_actionassignment</Name>
              <LogicalName>msfed_actionassignment</LogicalName>
              <RequiredLevel>none</RequiredLevel>
              <DisplayMask>ValidForAdvancedFind|ValidForForm|ValidForGrid</DisplayMask>
              <ImeMode>auto</ImeMode>
              <ValidForUpdateApi>1</ValidForUpdateApi>
              <ValidForReadApi>1</ValidForReadApi>
              <ValidForCreateApi>1</ValidForCreateApi>
              <IsCustomField>1</IsCustomField>
              <IsAuditEnabled>0</IsAuditEnabled>
              <IsSecured>0</IsSecured>
              <IntroducedVersion>1.0</IntroducedVersion>
              <IsCustomizable>1</IsCustomizable>
              <IsRenameable>1</IsRenameable>
              <CanModifySearchSettings>1</CanModifySearchSettings>
              <CanModifyRequirementLevelSettings>1</CanModifyRequirementLevelSettings>
              <CanModifyAdditionalSettings>1</CanModifyAdditionalSettings>
              <SourceType>0</SourceType>
              <IsGlobalFilterEnabled>0</IsGlobalFilterEnabled>
              <IsSortableEnabled>0</IsSortableEnabled>
              <CanModifyGlobalFilterSettings>1</CanModifyGlobalFilterSettings>
              <CanModifyIsSortableSettings>1</CanModifyIsSortableSettings>
              <IsDataSourceSecret>0</IsDataSourceSecret>
              <AutoNumberFormat></AutoNumberFormat>
              <IsSearchable>0</IsSearchable>
              <IsFilterable>0</IsFilterable>
              <IsRetrievable>0</IsRetrievable>
              <IsLocalizable>0</IsLocalizable>
              <LookupStyle>single</LookupStyle>
              <LookupTypes />
              <displaynames>
                <displayname description="Action Assignment" languagecode="1033" />
              </displaynames>
              <Descriptions>
                <Description description="" languagecode="1033" />
              </Descriptions>
            </attribute>
          </attributes>
        </entity>
      </EntityInfo>
      <FormXml>
        <forms type="main">
          <systemform>
            <formid>{f67cb430-9176-4491-9649-04c9afcacc5d}</formid>
            <IntroducedVersion>1.0</IntroducedVersion>
            <FormPresentation>1</FormPresentation>
            <FormActivationState>1</FormActivationState>
            <form headerdensity="HighWithControls" solutionaction="Modified">
              <tabs>
                <tab verticallayout="true" id="{fd58a6fa-2d4b-4831-9857-00a02ae40d5c}" IsUserDefined="1" ordinalvalue="0">
                  <columns>
                    <column width="100%" id="0">
                      <sections>
                        <section showlabel="true" showbar="false" IsUserDefined="0" id="{9f8f5e60-e36b-4bcd-8e0f-d30414eb0c11}" columns="11" name="secTerms" ordinalvalue="0" solutionaction="Modified">
                          <labels>
                            <label description="Terms of Agreement" languagecode="1033" solutionaction="Modified" />
                          </labels>
                          <rows>
                            <row>
                              <cell id="{4aad4e25-7691-4b8f-acff-419dcba32c3c}" ordinalvalue="10001" solutionaction="Removed" />
                            </row>
                            <row>
                              <cell id="{d30dea70-6243-4f5b-bf54-5d8ec1286faf}" locklevel="0" colspan="1" rowspan="1" ordinalvalue="20001" solutionaction="Added">
                                <labels>
                                  <label description="Telework Arrangement Type" languagecode="1033" />
                                </labels>
                                <control id="govcdm_teleworkarrangementtype" classid="{3EF39988-22BB-4F0B-BBBE-64B5A3748AEE}" datafieldname="govcdm_teleworkarrangementtype" disabled="false" />
                              </cell>
                            </row>
                            <row>
                              <cell id="{b8dfb145-30b6-49c3-8cff-67773b748453}" locklevel="0" colspan="1" rowspan="1" ordinalvalue="10002" solutionaction="Added">
                                <labels>
                                  <label description="Employee" languagecode="1033" />
                                </labels>
                                <control id="govcdm_employee" classid="{270BD3DB-D9AF-4782-9025-509E298DEC0A}" datafieldname="govcdm_employee" disabled="false" />
                              </cell>
                              <cell id="{800b6509-346f-424f-960b-e10ae1e4deda}" locklevel="0" colspan="1" rowspan="1" ordinalvalue="20003" solutionaction="Added">
                                <labels>
                                  <label description="Number Days Per Period" languagecode="1033" />
                                </labels>
                                <control id="govcdm_numberdaysperperiod" classid="{C6D124CA-7EDA-4A60-AEA9-7FB8D318B68F}" datafieldname="govcdm_numberdaysperperiod" disabled="false" />
                              </cell>
                            </row>
                            <row>
                              <cell id="{e2e4ee47-c4c4-4694-a90b-585ef4ce3fbb}" locklevel="0" colspan="1" rowspan="4" ordinalvalue="10004" solutionaction="Added">
                                <labels>
                                  <label description="Regular Worksite Address" languagecode="1033" />
                                </labels>
                                <control id="govcdm_regularworksiteaddress" classid="{E0DECE4B-6FC8-4A8F-A065-082708572369}" datafieldname="govcdm_regularworksiteaddress" disabled="false" />
                              </cell>
                              <cell id="{ac8a63d4-3443-4896-990e-fb865f8159b0}" locklevel="0" colspan="1" rowspan="1" ordinalvalue="20005" solutionaction="Added">
                                <labels>
                                  <label description="Alternate Work Days" languagecode="1033" />
                                </labels>
                                <control id="govcdm_alternateworkdays" classid="{4AA28AB7-9C13-4F57-A73D-AD894D048B5F}" datafieldname="govcdm_alternateworkdays" disabled="false" />
                              </cell>
                            </row>
                            <row>
                              <cell id="{471d1e5b-0673-4f09-86f4-81095936835d}" locklevel="0" colspan="1" rowspan="1" ordinalvalue="20006" solutionaction="Added">
                                <labels>
                                  <label description="Telework Start Date" languagecode="1033" />
                                </labels>
                                <control id="govcdm_teleworkstartdate" classid="{5B773807-9FB2-42DB-97C3-7A91EFF8ADFF}" datafieldname="govcdm_teleworkstartdate" disabled="false" />
                              </cell>
                            </row>
                            <row>
                              <cell id="{a47193b4-554a-4187-9794-599bcf83e992}" locklevel="0" colspan="1" rowspan="1" ordinalvalue="20007" solutionaction="Added">
                                <labels>
                                  <label description="Telework End Date" languagecode="1033" />
                                </labels>
                                <control id="govcdm_teleworkenddate" classid="{5B773807-9FB2-42DB-97C3-7A91EFF8ADFF}" datafieldname="govcdm_teleworkenddate" disabled="false" />
                              </cell>
                            </row>
                            <row>
                              <cell locklevel="0" id="{70c2e033-969b-417e-898f-6f0bfe0f4c20}" ordinalvalue="20008" solutionaction="Added">
                                <labels>
                                  <label description="" languagecode="1033" />
                                </labels>
                              </cell>
                            </row>
                            <row>
                              <cell id="{47ab8aae-bdfd-4268-9995-f4643bc76569}" locklevel="0" colspan="1" rowspan="4" ordinalvalue="10009" solutionaction="Added">
                                <labels>
                                  <label description="Alternate Worksite Address" languagecode="1033" />
                                </labels>
                                <control id="govcdm_alternateworksiteaddress" classid="{E0DECE4B-6FC8-4A8F-A065-082708572369}" datafieldname="govcdm_alternateworksiteaddress" disabled="false" />
                              </cell>
                              <cell locklevel="0" id="{b963c2c2-f1f2-4209-b346-75e221835d3e}" ordinalvalue="20010" solutionaction="Added">
                                <labels>
                                  <label description="" languagecode="1033" />
                                </labels>
                              </cell>
                            </row>
                            <row>
                              <cell locklevel="0" id="{a11fc550-456c-42b5-bfad-9c2fafad1acf}" ordinalvalue="20011" solutionaction="Added">
                                <labels>
                                  <label description="" languagecode="1033" />
                                </labels>
                              </cell>
                            </row>
                            <row>
                              <cell id="{b5f16f29-8f2b-4ce9-9103-976852faf51f}" ordinalvalue="20012" solutionaction="Added">
                                <labels>
                                  <label description="" languagecode="1033" />
                                </labels>
                              </cell>
                            </row>
                            <row>
                              <cell id="{f2ee4b85-6bd2-4ce9-a355-219361e8e20b}" ordinalvalue="20013" solutionaction="Added">
                                <labels>
                                  <label description="" languagecode="1033" />
                                </labels>
                              </cell>
                            </row>
                            <row>
                              <cell id="{878f795d-379f-43b9-a6c5-eaa2ec93aa6b}" locklevel="0" colspan="1" rowspan="1" ordinalvalue="10014" solutionaction="Added">
                                <labels>
                                  <label description="Alternate Worksite Phone" languagecode="1033" />
                                </labels>
                                <control id="govcdm_alternateworksitephone" classid="{8C10015A-B339-4982-9474-A95FE05631A5}" datafieldname="govcdm_alternateworksitephone" disabled="false" />
                              </cell>
                              <cell id="{8f6b2f51-ebb0-42a6-b5a1-716694aff8fe}" ordinalvalue="20015" solutionaction="Added">
                                <labels>
                                  <label description="" languagecode="1033" />
                                </labels>
                              </cell>
                            </row>
                            <row>
                              <cell id="{89df1549-9746-4901-b28f-cc089a6cdae8}" locklevel="0" colspan="1" rowspan="1" ordinalvalue="10016" solutionaction="Added">
                                <labels>
                                  <label description="Alternate Worksite Email" languagecode="1033" />
                                </labels>
                                <control id="govcdm_alternateworksiteemail" classid="{ADA2203E-B4CD-49BE-9DDF-234642B43B52}" datafieldname="govcdm_alternateworksiteemail" disabled="false" />
                              </cell>
                              <cell id="{1bc027c1-b1d7-498c-a239-c0a25e856c09}" ordinalvalue="20017" solutionaction="Added">
                                <labels>
                                  <label description="" languagecode="1033" />
                                </labels>
                              </cell>
                            </row>
                          </rows>
                        </section>
                        <section name="null_section_3" id="34b15e2e-9771-4732-9e98-682e5d5b4d85" IsUserDefined="0" locklevel="0" showlabel="true" showbar="false" layout="varwidth" celllabelalignment="Left" celllabelposition="Left" columns="11" labelwidth="115" ordinalvalue="1" solutionaction="Added">
                          <labels>
                            <label description="Cancellation" languagecode="1033" />
                          </labels>
                          <rows>
                            <row>
                              <cell id="{7e6d0196-076e-45e8-9303-f1a1b860137d}" locklevel="0" colspan="1" rowspan="1" ordinalvalue="10000">
                                <labels>
                                  <label description="Cancellation Date" languagecode="1033" />
                                </labels>
                                <control id="govcdm_cancellationdate" classid="{5B773807-9FB2-42DB-97C3-7A91EFF8ADFF}" datafieldname="govcdm_cancellationdate" disabled="false" />
                              </cell>
                              <cell id="{2ed01397-51be-4e2e-af5d-c59730682b65}" locklevel="0" colspan="1" rowspan="1" ordinalvalue="20001">
                                <labels>
                                  <label description="Cancellation Reason" languagecode="1033" />
                                </labels>
                                <control id="govcdm_cancellationreason" classid="{E0DECE4B-6FC8-4A8F-A065-082708572369}" datafieldname="govcdm_cancellationreason" disabled="false" />
                              </cell>
                            </row>
                          </rows>
                        </section>
                      </sections>
                    </column>
                  </columns>
                </tab>
              </tabs>
              <header id="{40313916-ffaf-4f06-8892-76df62a89e1f}" celllabelposition="Top" columns="111" labelwidth="115" celllabelalignment="Left" solutionaction="Added">
                <rows>
                  <row>
                    <cell id="{4aad4e25-7691-4b8f-acff-419dcba32c3c}" colspan="1" rowspan="1" ordinalvalue="10000">
                      <labels>
                        <label description="Owner" languagecode="1033" />
                      </labels>
                      <control id="header_ownerid" classid="{270BD3DB-D9AF-4782-9025-509E298DEC0A}" datafieldname="ownerid" />
                    </cell>
                    <cell id="{4c88a7ae-4422-499d-a339-269a21b8d5f2}" showlabel="false" ordinalvalue="20001">
                      <labels>
                        <label description="" languagecode="1033" />
                      </labels>
                    </cell>
                    <cell id="{53de4f59-d13d-433f-85ad-d5cfb29e0170}" showlabel="false" ordinalvalue="30002">
                      <labels>
                        <label description="" languagecode="1033" />
                      </labels>
                    </cell>
                  </row>
                  <row>
                    <cell id="{31e083bf-c947-4d0b-a9d1-3fd98a815e6c}" locklevel="0" colspan="1" rowspan="1" ordinalvalue="10003">
                      <labels>
                        <label description="Action Assignment" languagecode="1033" />
                      </labels>
                      <control id="header_msfed_actionassignment" classid="{270BD3DB-D9AF-4782-9025-509E298DEC0A}" datafieldname="msfed_actionassignment" disabled="false" />
                    </cell>
                    <cell id="{6b72ab22-1aa3-49a8-abde-e6c51ebb2ff9}" ordinalvalue="20004">
                      <labels>
                        <label description="" languagecode="1033" />
                      </labels>
                    </cell>
                    <cell id="{bd8af248-5259-4d85-86ce-383bcc87caa1}" ordinalvalue="30005">
                      <labels>
                        <label description="" languagecode="1033" />
                      </labels>
                    </cell>
                  </row>
                </rows>
              </header>
              <footer id="{59bbb39a-c0a9-4cf3-bb8e-c8aa7e1bfc1c}" celllabelposition="Top" columns="111" labelwidth="115" celllabelalignment="Left" solutionaction="Added">
                <rows />
              </footer>
              <DisplayConditions Order="0" FallbackForm="true" solutionaction="Added">
                <Everyone />
              </DisplayConditions>
            </form>
            <LocalizedNames>
              <LocalizedName description="Information" languagecode="1033" />
            </LocalizedNames>
            <Descriptions>
              <Description description="A form for this entity." languagecode="1033" />
            </Descriptions>
          </systemform>
        </forms>
      </FormXml>
      <RibbonDiffXml>
        <CustomActions />
        <Templates>
          <RibbonTemplates Id="Mscrm.Templates"></RibbonTemplates>
        </Templates>
        <CommandDefinitions />
        <RuleDefinitions>
          <TabDisplayRules />
          <DisplayRules />
          <EnableRules />
        </RuleDefinitions>
        <LocLabels />
      </RibbonDiffXml>
    </Entity>
    <Entity>
      <Name LocalizedName="HR Time Off Details" OriginalName="HR Time Off Details">govcdm_HRTimeOffDetails</Name>
      <RibbonDiffXml>
        <CustomActions />
        <Templates>
          <RibbonTemplates Id="Mscrm.Templates"></RibbonTemplates>
        </Templates>
        <CommandDefinitions />
        <RuleDefinitions>
          <TabDisplayRules />
          <DisplayRules />
          <EnableRules />
        </RuleDefinitions>
        <LocLabels />
      </RibbonDiffXml>
    </Entity>
    <Entity>
      <Name LocalizedName="HR Time Off Request" OriginalName="HR Time Off Request">govcdm_HRTimeOffRequest</Name>
      <RibbonDiffXml>
        <CustomActions />
        <Templates>
          <RibbonTemplates Id="Mscrm.Templates"></RibbonTemplates>
        </Templates>
        <CommandDefinitions />
        <RuleDefinitions>
          <TabDisplayRules />
          <DisplayRules />
          <EnableRules />
        </RuleDefinitions>
        <LocLabels />
      </RibbonDiffXml>
    </Entity>
  </Entities>
  <Roles />
  <Workflows />
  <FieldSecurityProfiles />
  <Templates />
  <EntityMaps />
  <EntityRelationships>
    <EntityRelationship Name="msfed_govcdm_hrteleworkrequest_ActionAssignment">
      <EntityRelationshipType>OneToMany</EntityRelationshipType>
      <IsCustomizable>1</IsCustomizable>
      <IntroducedVersion>1.0</IntroducedVersion>
      <IsHierarchical>0</IsHierarchical>
      <ReferencingEntityName>govcdm_HRTeleworkRequest</ReferencingEntityName>
      <ReferencedEntityName>govcdm_ActionAssignment</ReferencedEntityName>
      <CascadeAssign>NoCascade</CascadeAssign>
      <CascadeDelete>RemoveLink</CascadeDelete>
      <CascadeArchive>RemoveLink</CascadeArchive>
      <CascadeReparent>NoCascade</CascadeReparent>
      <CascadeShare>NoCascade</CascadeShare>
      <CascadeUnshare>NoCascade</CascadeUnshare>
      <CascadeRollupView>NoCascade</CascadeRollupView>
      <IsValidForAdvancedFind>1</IsValidForAdvancedFind>
      <ReferencingAttributeName>msfed_ActionAssignment</ReferencingAttributeName>
      <RelationshipDescription>
        <Descriptions>
          <Description description="" languagecode="1033" />
        </Descriptions>
      </RelationshipDescription>
      <EntityRelationshipRoles>
        <EntityRelationshipRole>
          <NavPaneDisplayOption>UseCollectionName</NavPaneDisplayOption>
          <NavPaneArea>Details</NavPaneArea>
          <NavPaneOrder>10000</NavPaneOrder>
          <NavigationPropertyName>msfed_ActionAssignment</NavigationPropertyName>
          <RelationshipRoleType>1</RelationshipRoleType>
        </EntityRelationshipRole>
        <EntityRelationshipRole>
          <NavigationPropertyName>msfed_govcdm_hrteleworkrequest_ActionAssignment</NavigationPropertyName>
          <RelationshipRoleType>0</RelationshipRoleType>
        </EntityRelationshipRole>
      </EntityRelationshipRoles>
    </EntityRelationship>
  </EntityRelationships>
  <OrganizationSettings />
  <optionsets />
  <Dashboards>
    <Dashboard>
      <LocalizedNames>
        <LocalizedName description="HR Personnel Change Requests - Admin" languagecode="1033" />
      </LocalizedNames>
      <FormId>{7973fe64-253d-ee11-bdf4-000d3a119632}</FormId>
      <IsCustomizable>1</IsCustomizable>
      <IsDefault>0</IsDefault>
      <FormXml>
        <forms type="dashboard">
          <form>
            <tabs>
              <tab showlabel="false" verticallayout="true" id="{cdec3dbd-3952-47bc-8f72-f170fc03df26}">
                <labels>
                  <label description="Tab" languagecode="1033" />
                </labels>
                <columns>
                  <column width="100%">
                    <sections>
                      <section showlabel="false" showbar="false" columns="1111" id="{26556143-24b4-4fc3-b875-6853ce6f7096}">
                        <labels>
                          <label description="Section" languagecode="1033" />
                        </labels>
                        <rows>
                          <row>
                            <cell colspan="2" rowspan="12" showlabel="false" id="{17171bc8-2106-4bf3-9aef-e0e34d8d5aec}" auto="false">
                              <labels>
                                <label description="HR Change Requests" languagecode="1033" />
                              </labels>
                              <control id="Componenta6c1e1d" uniqueid="{4c4824ab-c1ac-5043-6475-8929845678e8}" classid="{E7A81278-8635-4d9e-8D4D-59480B391C5B}" indicationOfSubgrid="true">
                                <parameters>
                                  <TargetEntityType>govcdm_hrchangerequest</TargetEntityType>
                                  <ChartGridMode>Grid</ChartGridMode>
                                  <EnableQuickFind>true</EnableQuickFind>
                                  <EnableViewPicker>true</EnableViewPicker>
                                  <EnableJumpBar>true</EnableJumpBar>
                                  <RecordsPerPage>8</RecordsPerPage>
                                  <HeaderColorCode />
                                  <ViewId>{6343121A-AD15-4C33-9FC8-19FCD8D5948E}</ViewId>
                                  <IsUserView>false</IsUserView>
                                  <ViewIds />
                                  <AutoExpand>Fixed</AutoExpand>
                                  <VisualizationId />
                                  <IsUserChart>false</IsUserChart>
                                  <EnableChartPicker>false</EnableChartPicker>
                                  <RelationshipName />
                                </parameters>
                              </control>
                            </cell>
                            <cell colspan="2" rowspan="12" showlabel="false" id="{09d011eb-6a7e-4b3c-aa3d-a4b1955b9130}" auto="false">
                              <labels>
                                <label description="HR Change Requests" languagecode="1033" />
                              </labels>
                              <control id="Component65a51ba" uniqueid="{d84b7adc-7177-225d-3a97-b47708ce7bd2}" classid="{E7A81278-8635-4d9e-8D4D-59480B391C5B}" indicationOfSubgrid="true">
                                <parameters>
                                  <TargetEntityType>govcdm_hrchangerequest</TargetEntityType>
                                  <ChartGridMode>Chart</ChartGridMode>
                                  <EnableQuickFind>false</EnableQuickFind>
                                  <EnableViewPicker>false</EnableViewPicker>
                                  <EnableJumpBar>false</EnableJumpBar>
                                  <RecordsPerPage>10</RecordsPerPage>
                                  <HeaderColorCode />
                                  <ViewId>{6343121A-AD15-4C33-9FC8-19FCD8D5948E}</ViewId>
                                  <IsUserView>false</IsUserView>
                                  <ViewIds />
                                  <AutoExpand>Fixed</AutoExpand>
                                  <VisualizationId>{F3281B68-263D-EE11-BDF4-000D3A119632}</VisualizationId>
                                  <IsUserChart>false</IsUserChart>
                                  <EnableChartPicker>false</EnableChartPicker>
                                  <RelationshipName />
                                </parameters>
                              </control>
                            </cell>
                          </row>
                          <row />
                          <row />
                          <row />
                          <row />
                          <row />
                          <row />
                          <row />
                          <row />
                          <row />
                          <row />
                          <row />
                          <row>
                            <cell colspan="2" rowspan="12" showlabel="false" ispreviewcell="true" id="{3d771f9e-eb81-44d1-8405-923e7c0f405e}">
                              <labels>
                                <label description="" languagecode="1033" />
                              </labels>
                            </cell>
                            <cell colspan="2" rowspan="12" showlabel="false" ispreviewcell="true" id="{e3bad1f8-c03b-44f2-8cd8-c46c9bacd0b2}">
                              <labels>
                                <label description="" languagecode="1033" />
                              </labels>
                            </cell>
                          </row>
                          <row />
                          <row />
                          <row />
                          <row />
                          <row />
                          <row />
                          <row />
                          <row />
                          <row />
                          <row />
                          <row />
                        </rows>
                      </section>
                    </sections>
                  </column>
                </columns>
              </tab>
            </tabs>
          </form>
        </forms>
      </FormXml>
      <IntroducedVersion>1.0</IntroducedVersion>
      <IsTabletEnabled>0</IsTabletEnabled>
    </Dashboard>
  </Dashboards>
  <CustomControls />
  <AppModuleSiteMaps>
    <AppModuleSiteMap>
      <SiteMapUniqueName>msfed_HRAdministration</SiteMapUniqueName>
      <EnableCollapsibleGroups>False</EnableCollapsibleGroups>
      <ShowHome>True</ShowHome>
      <ShowPinned>True</ShowPinned>
      <ShowRecents>True</ShowRecents>
      <SiteMap IntroducedVersion="7.0.0.0">
        <Area Id="area_3ad79e38" ResourceId="SitemapDesigner.NewTitle" DescriptionResourceId="SitemapDesigner.NewTitle" ShowGroups="true" IntroducedVersion="7.0.0.0">
          <Titles>
            <Title LCID="1033" Title="Area1" />
          </Titles>
          <Group Id="group_6ec7e4dc" ResourceId="SitemapDesigner.NewGroup" DescriptionResourceId="SitemapDesigner.NewGroup" IntroducedVersion="7.0.0.0" IsProfile="false" ToolTipResourseId="SitemapDesigner.Unknown">
            <Titles>
              <Title LCID="1033" Title="HR Change Requests" />
            </Titles>
            <SubArea Id="subarea_932b61e4" DescriptionResourceId="Dashboards_Description" Icon="/_imgs/imagestrips/transparent_spacer.gif" Url="/workplace/home_dashboards.aspx" DefaultDashboard="7973fe64-253d-ee11-bdf4-000d3a119632" Client="All,Outlook,OutlookLaptopClient,OutlookWorkstationClient,Web" AvailableOffline="true" PassParams="false" Sku="All,OnPremise,Live,SPLA" ToolTipResourseId="DashboardTooltip">
              <Titles>
                <Title LCID="1033" Title="Dashboard" />
              </Titles>
            </SubArea>
            <SubArea Id="subarea_4654775b" Icon="/_imgs/imagestrips/transparent_spacer.gif" Entity="govcdm_hrchangerequest" Client="All,Outlook,OutlookLaptopClient,OutlookWorkstationClient,Web" AvailableOffline="true" PassParams="false" Sku="All,OnPremise,Live,SPLA" />
            <SubArea Id="subarea_14133a0d" Icon="/_imgs/imagestrips/transparent_spacer.gif" Entity="govcdm_hrteleworkrequest" Client="All,Outlook,OutlookLaptopClient,OutlookWorkstationClient,Web" AvailableOffline="true" PassParams="false" Sku="All,OnPremise,Live,SPLA" />
          </Group>
          <Group Id="group_3400da13" ResourceId="SitemapDesigner.NewGroup" DescriptionResourceId="SitemapDesigner.NewGroup" IntroducedVersion="7.0.0.0" IsProfile="false" ToolTipResourseId="SitemapDesigner.Unknown">
            <Titles>
              <Title LCID="1033" Title="Admin" />
            </Titles>
            <SubArea Id="subarea_52528660" Icon="/_imgs/imagestrips/transparent_spacer.gif" Entity="contact" Client="All,Outlook,OutlookLaptopClient,OutlookWorkstationClient,Web" AvailableOffline="true" PassParams="false" Sku="All,OnPremise,Live,SPLA">
              <Titles>
                <Title LCID="1033" Title="Personnel" />
              </Titles>
            </SubArea>
            <SubArea Id="subarea_798d87b9" Icon="/_imgs/imagestrips/transparent_spacer.gif" Entity="govcdm_hrchangerequesttype" Client="All,Outlook,OutlookLaptopClient,OutlookWorkstationClient,Web" AvailableOffline="true" PassParams="false" Sku="All,OnPremise,Live,SPLA" />
            <SubArea Id="subarea_20033223" Icon="/_imgs/imagestrips/transparent_spacer.gif" Entity="govcdm_processstep" Client="All,Outlook,OutlookLaptopClient,OutlookWorkstationClient,Web" AvailableOffline="true" PassParams="false" Sku="All,OnPremise,Live,SPLA">
              <Titles>
                <Title LCID="1033" Title="Process Templates" />
              </Titles>
            </SubArea>
          </Group>
          <Group Id="group_9f267247" ResourceId="SitemapDesigner.NewGroup" DescriptionResourceId="SitemapDesigner.NewGroup" IntroducedVersion="7.0.0.0" IsProfile="false" ToolTipResourseId="SitemapDesigner.Unknown">
            <Titles>
              <Title LCID="1033" Title="HR Positions" />
            </Titles>
            <SubArea Id="subarea_b572f2b2" Icon="/_imgs/imagestrips/transparent_spacer.gif" Entity="govcdm_hrpositiondescription" Client="All,Outlook,OutlookLaptopClient,OutlookWorkstationClient,Web" AvailableOffline="true" PassParams="false" Sku="All,OnPremise,Live,SPLA" />
            <SubArea Id="subarea_935a2512" Icon="/_imgs/imagestrips/transparent_spacer.gif" Entity="govcdm_hrposition" Client="All,Outlook,OutlookLaptopClient,OutlookWorkstationClient,Web" AvailableOffline="true" PassParams="false" Sku="All,OnPremise,Live,SPLA" />
            <SubArea Id="subarea_57576b5d" Icon="/_imgs/imagestrips/transparent_spacer.gif" Entity="govcdm_hrpositionassignment" Client="All,Outlook,OutlookLaptopClient,OutlookWorkstationClient,Web" AvailableOffline="true" PassParams="false" Sku="All,OnPremise,Live,SPLA" />
          </Group>
        </Area>
      </SiteMap>
      <LocalizedNames>
        <LocalizedName description="HR Administration" languagecode="1033" />
      </LocalizedNames>
    </AppModuleSiteMap>
  </AppModuleSiteMaps>
  <AppModules>
    <AppModule>
      <UniqueName>msfed_HRAdministration</UniqueName>
      <IntroducedVersion>1.0</IntroducedVersion>
      <WebResourceId>953b9fac-1e5e-e611-80d6-00155ded156f</WebResourceId>
      <OptimizedFor></OptimizedFor>
      <statecode>0</statecode>
      <statuscode>1</statuscode>
      <FormFactor>1</FormFactor>
      <ClientType>4</ClientType>
      <NavigationType>0</NavigationType>
      <AppModuleComponents>
        <AppModuleComponent type="1" schemaName="contact" />
        <AppModuleComponent type="1" schemaName="govcdm_hrchangerequest" />
        <AppModuleComponent type="1" schemaName="govcdm_hrchangerequesttype" />
        <AppModuleComponent type="1" schemaName="govcdm_hrposition" />
        <AppModuleComponent type="1" schemaName="govcdm_hrpositionassignment" />
        <AppModuleComponent type="1" schemaName="govcdm_hrpositiondescription" />
        <AppModuleComponent type="1" schemaName="govcdm_hrteleworkrequest" />
        <AppModuleComponent type="1" schemaName="govcdm_processstep" />
        <AppModuleComponent type="26" id="{c7c56eeb-5d40-ee11-bdf3-000d3a5a7dcf}" />
        <AppModuleComponent type="26" id="{7dab73c7-6ae1-4739-8f85-48ef1a814709}" />
        <AppModuleComponent type="26" id="{0b10e62b-c88c-4f08-96f8-5b5223524f8f}" />
        <AppModuleComponent type="26" id="{02fe129d-ce83-43d6-afba-950ed066948c}" />
        <AppModuleComponent type="26" id="{bb894760-9ed2-4342-83f3-e59a11acf6d0}" />
        <AppModuleComponent type="60" id="{7973fe64-253d-ee11-bdf4-000d3a119632}" />
        <AppModuleComponent type="60" id="{64af97db-f8f1-ee11-904b-000d3a8cbc95}" />
        <AppModuleComponent type="60" id="{69391501-f9f1-ee11-904b-000d3a8cbc95}" />
        <AppModuleComponent type="60" id="{6e74371b-f9f1-ee11-904b-000d3a8cbc95}" />
        <AppModuleComponent type="62" schemaName="msfed_HRAdministration" />
      </AppModuleComponents>
      <AppModuleRoleMaps>
        <Role id="{627090ff-40a3-4053-8790-584edc5be201}" />
        <Role id="{119f245c-3cc8-4b62-b31c-d1a046ced15d}" />
      </AppModuleRoleMaps>
      <LocalizedNames>
        <LocalizedName description="HR Administration" languagecode="1033" />
      </LocalizedNames>
    </AppModule>
  </AppModules>
  <EntityDataProviders />
  <CanvasApps>
    <CanvasApp>
      <Name>msfed_teleworkrequest_0ffaf</Name>
      <AppVersion>2024-04-25T18:04:15Z</AppVersion>
      <Status>Ready</Status>
      <CreatedByClientVersion>3.23091.14.0</CreatedByClientVersion>
      <MinClientVersion>3.23091.14.0</MinClientVersion>
      <Tags>{"primaryDeviceWidth":"1366","primaryDeviceHeight":"768","supportsPortrait":"true","supportsLandscape":"true","primaryFormFactor":"Tablet","showStatusBar":"false","publisherVersion":"3.23091.14","minimumRequiredApiVersion":"2.2.0","hasComponent":"false","hasUnlockedComponent":"false","isUnifiedRootApp":"false","sienaVersion":"20230922T200136Z-3.23091.14.0"}</Tags>
      <IsCdsUpgraded>0</IsCdsUpgraded>
      <GalleryItemId xsi:nil="true"></GalleryItemId>
      <BackgroundColor>RGBA(0,176,240,1)</BackgroundColor>
      <DisplayName>Telework Request</DisplayName>
      <Description></Description>
      <CommitMessage></CommitMessage>
      <Publisher></Publisher>
      <AuthorizationReferences>[]</AuthorizationReferences>
      <ConnectionReferences>{}</ConnectionReferences>
      <DatabaseReferences>{"default.cds":{"databaseDetails":{"referenceType":"Environmental","environmentName":"default.cds","overrideValues":{"status":"NotSpecified"}},"dataSources":{"HR Telework Requests":{"entitySetName":"govcdm_hrteleworkrequests","logicalName":"govcdm_hrteleworkrequest"},"Action Assignments":{"entitySetName":"govcdm_actionassignments","logicalName":"govcdm_actionassignment"},"Persons":{"entitySetName":"contacts","logicalName":"contact"}}}}</DatabaseReferences>
      <CanConsumeAppPass>1</CanConsumeAppPass>
      <CanvasAppType>0</CanvasAppType>
      <BypassConsent>0</BypassConsent>
      <EmbeddedApp xsi:nil="true"></EmbeddedApp>
      <IntroducedVersion>1.0</IntroducedVersion>
      <CdsDependencies>{"cdsdependencies":[{"componenttype":1,"logicalname":"govcdm_hrteleworkrequest"},{"componenttype":1,"logicalname":"govcdm_actionassignment"},{"componenttype":1,"logicalname":"contact"}]}</CdsDependencies>
      <IsCustomizable>1</IsCustomizable>
      <BackgroundImageUri>/CanvasApps/msfed_teleworkrequest_0ffaf_BackgroundImageUri</BackgroundImageUri>
      <DocumentUri>/CanvasApps/msfed_teleworkrequest_0ffaf_DocumentUri.msapp</DocumentUri>
    </CanvasApp>
  </CanvasApps>
  <Languages>
    <Language>1033</Language>
  </Languages>
</ImportExportXml>