﻿<?xml version="1.0" encoding="utf-8"?>
<ImportExportXml xmlns:xsi="http://www.w3.org/2001/XMLSchema-instance">
  <Entities>
    <Entity>
      <Name LocalizedName="Person" OriginalName="">Contact</Name>
      <FormXml>
        <forms type="main">
          <systemform>
            <formid>{8300c511-fbf0-ee11-904b-0022481df7e6}</formid>
            <IntroducedVersion>1.0</IntroducedVersion>
            <FormPresentation>1</FormPresentation>
            <FormActivationState>1</FormActivationState>
            <form showImage="true" headerdensity="HighWithControls">
              <ancestor id="{1fed44d1-ae68-4a41-bd2b-f13acac4acfa}" />
              <hiddencontrols>
                <data id="fullname" datafieldname="fullname" classid="{5546E6CD-394C-4bee-94A8-4425E17EF6C6}" />
                <data id="address1_addressid" datafieldname="address1_addressid" classid="{5546E6CD-394C-4bee-94A8-4425E17EF6C6}" />
                <data id="address2_addressid" datafieldname="address2_addressid" classid="{5546E6CD-394C-4bee-94A8-4425E17EF6C6}" />
              </hiddencontrols>
              <tabs>
                <tab name="SUMMARY_TAB" id="{15bb2d4b-71da-74ea-3c5b-e497d78a55a2}" IsUserDefined="0" showlabel="true" expanded="true" labelid="{e51f8337-8033-4672-9ec9-16d1c26356d3}">
                  <labels>
                    <label description="Summary" languagecode="1033" />
                  </labels>
                  <columns>
                    <column width="100%">
                      <sections>
                        <section name="CONTACT_INFORMATION" showlabel="true" showbar="false" id="{9d943649-0387-1882-caa1-36de40d5a86c}" IsUserDefined="0" layout="varwidth" columns="11" labelwidth="115" celllabelposition="Left" labelid="{b0df5f28-b475-4fdc-8b9b-50214f0b2fe3}">
                          <labels>
                            <label description="CONTACT INFORMATION" languagecode="1033" />
                          </labels>
                          <rows>
                            <row>
                              <cell id="{542e581d-cca1-5e40-e6d9-d67a9d1468b4}" showlabel="true" locklevel="0" labelid="{808720a0-f4d0-4a6e-ae3b-207f80890412}">
                                <labels>
                                  <label description="Full Name" languagecode="1033" />
                                </labels>
                                <control id="fullname" classid="{4273EDBD-AC1D-40d3-9FB2-095C621B552D}" datafieldname="fullname" disabled="false" />
                              </cell>
                              <cell id="{133d09d6-c374-954a-315b-435e1eeb722c}" showlabel="true" locklevel="0" labelid="{578787ca-2e2c-4e96-b422-96d209a36746}" colspan="1" rowspan="1">
                                <labels>
                                  <label description="Address" languagecode="1033" />
                                </labels>
                                <control id="address1_composite" classid="{E0DECE4B-6FC8-4a8f-A065-082708572369}" datafieldname="address1_composite" disabled="false" />
                              </cell>
                            </row>
                            <row>
                              <cell id="{07326cde-7529-ddc0-e421-c0bcddd07b8a}" showlabel="true" labelid="{bddaf4f4-8b33-443b-919b-80aa776b1caa}">
                                <labels>
                                  <label description="Job Title" languagecode="1033" />
                                </labels>
                                <control id="jobtitle" classid="{4273EDBD-AC1D-40d3-9FB2-095C621B552D}" datafieldname="jobtitle" disabled="false" />
                              </cell>
                              <cell locklevel="0" id="{e9b86c85-b166-4bdf-b842-163857717e3b}" labelid="{172ac018-252f-4436-8d1a-e4f8a0b4dd6f}">
                                <labels>
                                  <label description="" languagecode="1033" />
                                </labels>
                              </cell>
                            </row>
                            <row>
                              <cell id="{a54c19c9-4722-ce25-60c5-2bb9452680d2}" showlabel="true" locklevel="0" labelid="{99c7b253-1733-476b-8ab3-5be01faaafc3}">
                                <labels>
                                  <label description="Organization Name" languagecode="1033" />
                                </labels>
                                <control id="parentcustomerid" classid="{270BD3DB-D9AF-4782-9025-509E298DEC0A}" datafieldname="parentcustomerid" disabled="false" />
                              </cell>
                              <cell locklevel="0" id="{3491a03a-7635-4035-99e1-ad8221e53787}" labelid="{de2835d2-611f-4dc9-8c34-bae9e4951142}">
                                <labels>
                                  <label description="" languagecode="1033" />
                                </labels>
                              </cell>
                            </row>
                            <row>
                              <cell id="{7d538a97-98eb-b438-72de-57a808b9a308}" showlabel="true" labelid="{e63e5ed0-f575-4340-aa28-7ba83132117e}">
                                <labels>
                                  <label description="Email" languagecode="1033" />
                                </labels>
                                <control id="emailaddress1" classid="{ADA2203E-B4CD-49be-9DDF-234642B43B52}" datafieldname="emailaddress1" disabled="false" />
                              </cell>
                              <cell locklevel="0" id="{4d516206-f3aa-4da9-ba9a-d05ea9f22e61}" labelid="{87335498-218f-4a1e-b4a8-c88db9da8d0d}">
                                <labels>
                                  <label description="" languagecode="1033" />
                                </labels>
                              </cell>
                            </row>
                            <row>
                              <cell id="{215da2d0-2b64-3481-8d2d-16107d4d7e5b}" showlabel="true" labelid="{eb4dbdfb-0175-4716-9514-cc4dc1eba1c8}">
                                <labels>
                                  <label description="Business Phone" languagecode="1033" />
                                </labels>
                                <control id="telephone1" classid="{4273EDBD-AC1D-40d3-9FB2-095C621B552D}" datafieldname="telephone1" disabled="false" />
                              </cell>
                              <cell locklevel="0" id="{088cd4ef-9857-4d6f-9869-9c73877b310f}" labelid="{4c3349ad-7951-45dd-87de-6de1f5098e2a}">
                                <labels>
                                  <label description="" languagecode="1033" />
                                </labels>
                              </cell>
                            </row>
                            <row>
                              <cell id="{290b48ba-c0cc-7746-6dda-93e240e4cc78}" showlabel="true" labelid="{8974a9b0-98b1-402a-9ce3-9cae320e2687}">
                                <labels>
                                  <label description="Mobile Phone" languagecode="1033" />
                                </labels>
                                <control id="mobilephone" classid="{4273EDBD-AC1D-40d3-9FB2-095C621B552D}" datafieldname="mobilephone" disabled="false" />
                              </cell>
                              <cell locklevel="0" id="{37d3b1aa-6817-4cc4-8f3f-7c0f2648a732}" labelid="{97bec0a7-7c76-422a-b1f7-8061b180024a}">
                                <labels>
                                  <label description="" languagecode="1033" />
                                </labels>
                              </cell>
                            </row>
                            <row>
                              <cell id="{1b54cdb3-1582-c29e-cc9e-9d4bc2a5700b}" showlabel="true" labelid="{59e4f535-70b8-4c20-af65-a230c7f5a607}">
                                <labels>
                                  <label description="Fax" languagecode="1033" />
                                </labels>
                                <control id="fax" classid="{4273EDBD-AC1D-40d3-9FB2-095C621B552D}" datafieldname="fax" disabled="false" />
                              </cell>
                              <cell locklevel="0" id="{f7e1c1d7-d20e-43a7-84fc-5e45bc779728}" labelid="{eee112ba-ba80-4f8a-adc7-a1207abe0af2}">
                                <labels>
                                  <label description="" languagecode="1033" />
                                </labels>
                              </cell>
                            </row>
                            <row>
                              <cell id="{408dda0b-48a7-c05c-e29a-56a93eb97172}" showlabel="true" labelid="{ea41ae8a-23dd-454f-952d-afc4c673c504}">
                                <labels>
                                  <label description="Preferred Method of Contact" languagecode="1033" />
                                </labels>
                                <control id="preferredcontactmethodcode" classid="{3EF39988-22BB-4f0b-BBBE-64B5A3748AEE}" datafieldname="preferredcontactmethodcode" disabled="false" />
                              </cell>
                              <cell locklevel="0" id="{27912454-cfb8-488d-99ba-ff94290ab1c9}" labelid="{5a469856-3517-423e-b7e4-c76c0e003e80}">
                                <labels>
                                  <label description="" languagecode="1033" />
                                </labels>
                              </cell>
                            </row>
                          </rows>
                        </section>
                        <section name="SOCIAL_PANE_TAB" showlabel="false" showbar="false" id="{bea579b8-8901-77b0-1128-351760e68bd4}" IsUserDefined="0" layout="varwidth" columns="1" labelwidth="115" celllabelposition="Top" labelid="{ecfdc431-da2c-47d1-81eb-e8fee88f43cc}">
                          <labels>
                            <label description="SOCIAL PANE" languagecode="1033" />
                          </labels>
                          <rows>
                            <row />
                            <row>
                              <cell id="{db701364-1d99-369c-c409-11d17878e513}" showlabel="false" rowspan="23" auto="false" colspan="1" labelid="{d1311901-2eeb-4d17-9fe2-b5673baefcbc}">
                                <labels>
                                  <label description="" languagecode="1033" />
                                </labels>
                                <control id="notescontrol" classid="{06375649-C143-495E-A496-C962E5B4488E}" disabled="false" />
                              </cell>
                            </row>
                            <row />
                            <row />
                            <row />
                            <row />
                            <row />
                            <row />
                            <row />
                            <row />
                            <row />
                            <row />
                            <row />
                            <row />
                            <row />
                            <row />
                            <row />
                            <row />
                            <row />
                            <row />
                            <row />
                            <row />
                            <row />
                            <row />
                          </rows>
                        </section>
                        <section name="MapSection" showlabel="false" showbar="false" id="{e0109668-cb5b-4b6c-8ca6-9d0c4b24f385}" IsUserDefined="0" layout="varwidth" columns="1" labelwidth="115" celllabelposition="Left" labelid="{185e57ce-7355-4599-b6bf-34792c302a57}">
                          <labels>
                            <label description="" languagecode="1033" />
                          </labels>
                          <rows>
                            <row>
                              <cell id="{4a07b010-3ae2-440c-adbd-7fe13249b0d7}" showlabel="false" rowspan="9" colspan="1" auto="false" labelid="{4c7e8cb6-01cb-4f8c-8631-e1697a0163e7}">
                                <labels>
                                  <label description="Map View" languagecode="1033" />
                                </labels>
                                <control id="mapcontrol" classid="{62B0DF79-0464-470F-8AF7-4483CFEA0C7D}">
                                  <parameters>
                                    <AddressField>address1_composite</AddressField>
                                  </parameters>
                                </control>
                              </cell>
                            </row>
                            <row />
                            <row />
                            <row />
                            <row />
                            <row />
                            <row />
                            <row />
                            <row />
                          </rows>
                        </section>
                      </sections>
                    </column>
                  </columns>
                </tab>
                <tab name="DETAILS_TAB" id="{fe1c5c3b-d556-4552-a444-4781214a6d63}" IsUserDefined="0" expanded="true" showlabel="true" labelid="{b526027c-2d9c-41fa-bd2f-c56b21ae4b25}">
                  <labels>
                    <label description="Details" languagecode="1033" />
                  </labels>
                  <columns>
                    <column width="50%">
                      <sections>
                        <section name="PERSONAL INFORMATION" showlabel="true" showbar="false" id="{0F64B9A3-01F2-4411-B0B5-6C6C39D7B011}" IsUserDefined="0" columns="1" labelwidth="115" celllabelposition="Left" labelid="{f5633d51-1615-468a-a025-ffa1c05ec331}">
                          <labels>
                            <label description="PERSONAL" languagecode="1033" />
                          </labels>
                          <rows>
                            <row>
                              <cell id="{cb391eb8-02ec-0ee6-9d92-6996d4311809}" showlabel="true" labelid="{3cd70d1f-3927-486d-846f-f9c81972bafd}">
                                <labels>
                                  <label description="Gender" languagecode="1033" />
                                </labels>
                                <control id="gendercode" classid="{3EF39988-22BB-4f0b-BBBE-64B5A3748AEE}" datafieldname="gendercode" disabled="false" />
                              </cell>
                            </row>
                            <row>
                              <cell id="{2d8cee50-7123-01e7-c2cc-0068c0ecc4c0}" showlabel="true" labelid="{f8654c65-b595-420d-a8fe-bafe56ec0a1d}">
                                <labels>
                                  <label description="Marital Status" languagecode="1033" />
                                </labels>
                                <control id="familystatuscode" classid="{3EF39988-22BB-4f0b-BBBE-64B5A3748AEE}" datafieldname="familystatuscode" disabled="false" />
                              </cell>
                            </row>
                            <row>
                              <cell id="{450c5a59-c7de-1289-0934-9a04bc4e1c72}" showlabel="true" labelid="{56f2e317-fb06-4b25-baa2-69ff401e478e}">
                                <labels>
                                  <label description="Spouse/Partner Name" languagecode="1033" />
                                </labels>
                                <control id="spousesname" classid="{4273EDBD-AC1D-40d3-9FB2-095C621B552D}" datafieldname="spousesname" disabled="false" />
                              </cell>
                            </row>
                            <row>
                              <cell id="{bac50a31-27a0-c7e2-3ab3-5d6aa8895c6e}" showlabel="true" labelid="{20c5a493-6aa7-410c-87ba-e4f63f634efe}">
                                <labels>
                                  <label description="Birthday" languagecode="1033" />
                                </labels>
                                <control id="birthdate" classid="{5B773807-9FB2-42db-97C3-7A91EFF8ADFF}" datafieldname="birthdate" disabled="false" />
                              </cell>
                            </row>
                            <row>
                              <cell id="{ba714204-2499-db47-78e0-d8795307301d}" showlabel="true" labelid="{8f8fc775-e83e-4b50-8324-cc9d5daf8237}">
                                <labels>
                                  <label description="Anniversary" languagecode="1033" />
                                </labels>
                                <control id="anniversary" classid="{5B773807-9FB2-42db-97C3-7A91EFF8ADFF}" datafieldname="anniversary" disabled="false" />
                              </cell>
                            </row>
                          </rows>
                        </section>
                        <section name="PERSONAL_NOTES_SECTION" showlabel="true" showbar="false" locklevel="0" id="{9435d60e-c5ac-2462-a159-414573dc2e45}" IsUserDefined="0" layout="varwidth" columns="1" labelwidth="115" celllabelalignment="Left" celllabelposition="Top" labelid="{47922692-19d2-42bf-ad6e-149c28ef7ddd}">
                          <labels>
                            <label description="PERSONAL NOTES" languagecode="1033" />
                          </labels>
                          <rows>
                            <row>
                              <cell id="{d0c6aad7-7064-924e-b0e0-718dc557ccee}" showlabel="false" locklevel="0" rowspan="5" labelid="{fe8f3a13-3bac-4bdd-9511-31a87c63134a}">
                                <labels>
                                  <label description="Description" languagecode="1033" />
                                </labels>
                                <control id="description" classid="{E0DECE4B-6FC8-4a8f-A065-082708572369}" datafieldname="description" disabled="false" />
                              </cell>
                            </row>
                            <row />
                            <row />
                            <row />
                            <row />
                          </rows>
                        </section>
                      </sections>
                    </column>
                    <column width="50%">
                      <sections>
                        <section name="CONTACT_PREFERENCES" showlabel="true" showbar="false" id="{42aa148d-17fa-4c73-8213-bd22400b74ea}" IsUserDefined="0" columns="1" labelwidth="115" celllabelposition="Left" labelid="{eba43768-4066-4a32-84b7-3770a264a4c6}">
                          <labels>
                            <label description="CONTACT PREFERENCES" languagecode="1033" />
                          </labels>
                          <rows>
                            <row>
                              <cell id="{d4ec2d52-6658-cee9-4a2a-7a8029ad1862}" showlabel="true" locklevel="0" labelid="{eb2b06fc-89b2-432b-a7a3-60c0014f6d35}">
                                <labels>
                                  <label description="Contact Method" languagecode="1033" />
                                </labels>
                                <control id="preferredcontactmethodcode" classid="{3EF39988-22BB-4f0b-BBBE-64B5A3748AEE}" datafieldname="preferredcontactmethodcode" disabled="false" />
                              </cell>
                            </row>
                            <row>
                              <cell id="{f0b4951b-b5ec-4103-b69d-7ac2ad176ee4}" labelid="{7f9ef154-f2f2-47ba-a5f1-0147a51c329a}">
                                <labels>
                                  <label description="Email" languagecode="1033" />
                                </labels>
                                <control id="donotemail" classid="{67FAC785-CD58-4f9f-ABB3-4B7DDC6ED5ED}" datafieldname="donotemail" />
                              </cell>
                            </row>
                            <row>
                              <cell id="{2344e926-ebe5-43a9-a634-98a98b1b9267}" labelid="{ad33249e-b90c-4d31-94c8-5ad2f20ef107}">
                                <labels>
                                  <label description="Follow Email" languagecode="1033" />
                                </labels>
                                <control id="followemail" classid="{67FAC785-CD58-4f9f-ABB3-4B7DDC6ED5ED}" datafieldname="followemail" />
                              </cell>
                            </row>
                            <row>
                              <cell id="{041968bd-14fe-486a-baa0-719e7691e6ee}" labelid="{075dcee3-4723-4ec2-8309-ea5279131983}">
                                <labels>
                                  <label description="Bulk Email" languagecode="1033" />
                                </labels>
                                <control id="donotbulkemail" classid="{67FAC785-CD58-4f9f-ABB3-4B7DDC6ED5ED}" datafieldname="donotbulkemail" />
                              </cell>
                            </row>
                            <row>
                              <cell id="{569cf3bd-3b14-46d8-a03a-22e6317d1d41}" labelid="{f727594a-71de-410a-b3fb-2253c9d3d9a5}">
                                <labels>
                                  <label description="Phone" languagecode="1033" />
                                </labels>
                                <control id="donotphone" classid="{67FAC785-CD58-4f9f-ABB3-4B7DDC6ED5ED}" datafieldname="donotphone" />
                              </cell>
                            </row>
                            <row>
                              <cell id="{28d804f2-b314-42f6-92f8-982f4929bd6f}" labelid="{77a91433-3c62-42c6-bb99-9c3262fb8c93}">
                                <labels>
                                  <label description="Fax" languagecode="1033" />
                                </labels>
                                <control id="donotfax" classid="{67FAC785-CD58-4f9f-ABB3-4B7DDC6ED5ED}" datafieldname="donotfax" />
                              </cell>
                            </row>
                            <row>
                              <cell id="{dfe9aafd-1acc-488d-b31e-feef6f63a34d}" labelid="{7a2c1bcb-c4e1-4860-85c9-de716c6e74f9}">
                                <labels>
                                  <label description="Mail" languagecode="1033" />
                                </labels>
                                <control id="donotpostalmail" classid="{67FAC785-CD58-4f9f-ABB3-4B7DDC6ED5ED}" datafieldname="donotpostalmail" />
                              </cell>
                            </row>
                          </rows>
                        </section>
                      </sections>
                    </column>
                  </columns>
                </tab>
              </tabs>
              <header id="{3ff9aa06-4e43-41ce-afa9-22a038af5c19}" celllabelposition="Top" columns="1" labelwidth="115">
                <rows>
                  <row>
                    <cell id="{24be01cc-16a6-8eea-8916-42d20a1097ae}" showlabel="true" locklevel="1" labelid="{8285c181-8d6a-4333-9986-0e65112dab15}">
                      <labels>
                        <label description="Owner" languagecode="1033" />
                      </labels>
                      <control id="header_ownerid" classid="{270BD3DB-D9AF-4782-9025-509E298DEC0A}" datafieldname="ownerid" />
                    </cell>
                  </row>
                </rows>
              </header>
              <clientresources>
                <internalresources>
                  <clientincludes>
                    <internaljscriptfile src="$webresource:AppCommon/Contact/Contact_main_system_library.js" />
                  </clientincludes>
                </internalresources>
              </clientresources>
              <events>
                <event name="onload" application="true" active="true">
                  <InternalHandlers>
                    <Handler functionName="AppCommon.Contact.Instance.form_onload" libraryName="AppCommon/Contact/Contact_main_system_library.js" handlerUniqueId="4ea24ebd-795d-434e-af94-6812c3867b54" enabled="true" />
                  </InternalHandlers>
                </event>
              </events>
              <Navigation>
                <NavBar>
                  <NavBarByRelationshipItem RelationshipName="Contact_CustomerAddress" Id="navAddresses" Sequence="10" Area="Info" Show="false">
                    <Privileges>
                      <Privilege Entity="" Privilege="ReadActivity" />
                    </Privileges>
                    <Titles>
                      <Title LCID="1033" Text="Addresses" />
                      <Title LCID="1025" Text="العناوين" />
                      <Title LCID="1026" Text="Адреси" />
                      <Title LCID="1027" Text="Adreces" />
                      <Title LCID="1029" Text="Adresy" />
                      <Title LCID="1030" Text="Adresser" />
                      <Title LCID="1031" Text="Adressen" />
                      <Title LCID="1032" Text="Διευθύνσεις" />
                      <Title LCID="3082" Text="Direcciones" />
                      <Title LCID="1061" Text="Aadressid" />
                      <Title LCID="1069" Text="Helbideak" />
                      <Title LCID="1035" Text="Osoitteet" />
                      <Title LCID="1036" Text="Adresses" />
                      <Title LCID="1110" Text="Enderezos" />
                      <Title LCID="1037" Text="כתובות" />
                      <Title LCID="1081" Text="पते" />
                      <Title LCID="1050" Text="Adrese" />
                      <Title LCID="1038" Text="Címek" />
                      <Title LCID="1057" Text="Alamat" />
                      <Title LCID="1040" Text="Indirizzi" />
                      <Title LCID="1041" Text="住所" />
                      <Title LCID="1087" Text="Мекенжайлар" />
                      <Title LCID="1042" Text="주소" />
                      <Title LCID="1063" Text="Adresai" />
                      <Title LCID="1062" Text="Adreses" />
                      <Title LCID="1086" Text="Alamat" />
                      <Title LCID="1044" Text="Adresser" />
                      <Title LCID="1043" Text="Adressen" />
                      <Title LCID="1045" Text="Adresy" />
                      <Title LCID="1046" Text="Endereços" />
                      <Title LCID="2070" Text="Endereços" />
                      <Title LCID="1048" Text="Adrese" />
                      <Title LCID="1049" Text="Адреса" />
                      <Title LCID="1051" Text="Adresy" />
                      <Title LCID="1060" Text="Naslovi" />
                      <Title LCID="3098" Text="Адресе" />
                      <Title LCID="10266" Text="Адресе" />
                      <Title LCID="2074" Text="Adrese" />
                      <Title LCID="9242" Text="Adrese" />
                      <Title LCID="1053" Text="Adresser" />
                      <Title LCID="1054" Text="ที่อยู่" />
                      <Title LCID="1055" Text="Adresler" />
                      <Title LCID="1058" Text="Адреси" />
                      <Title LCID="1066" Text="Địa chỉ" />
                      <Title LCID="2052" Text="地址" />
                      <Title LCID="3076" Text="地址" />
                      <Title LCID="1028" Text="地址" />
                    </Titles>
                  </NavBarByRelationshipItem>
                  <NavBarByRelationshipItem RelationshipName="contact_customer_contacts" Id="navSubConts" Sequence="10" Area="Info" Show="false">
                    <Privileges>
                      <Privilege Entity="" Privilege="ReadActivity" />
                    </Privileges>
                    <Titles>
                      <Title LCID="1033" Text="Contacts" />
                      <Title LCID="1025" Text="جهات الاتصال" />
                      <Title LCID="1026" Text="Контакти" />
                      <Title LCID="1027" Text="Contactes" />
                      <Title LCID="1029" Text="Kontakty" />
                      <Title LCID="1030" Text="Kontakter" />
                      <Title LCID="1031" Text="Kontakte" />
                      <Title LCID="1032" Text="Επαφές" />
                      <Title LCID="3082" Text="Contactos" />
                      <Title LCID="1061" Text="Kontaktid" />
                      <Title LCID="1069" Text="Kontaktuak" />
                      <Title LCID="1035" Text="Yhteyshenkilöt" />
                      <Title LCID="1036" Text="Contacts" />
                      <Title LCID="1110" Text="Contactos" />
                      <Title LCID="1037" Text="אנשי קשר" />
                      <Title LCID="1081" Text="संपर्क" />
                      <Title LCID="1050" Text="Kontakti" />
                      <Title LCID="1038" Text="Kapcsolattartók" />
                      <Title LCID="1057" Text="Kontak" />
                      <Title LCID="1040" Text="Contatti" />
                      <Title LCID="1041" Text="取引先担当者" />
                      <Title LCID="1087" Text="Контактілер" />
                      <Title LCID="1042" Text="연락처" />
                      <Title LCID="1063" Text="Kontaktai" />
                      <Title LCID="1062" Text="Kontaktpersonas" />
                      <Title LCID="1086" Text="Kenalan" />
                      <Title LCID="1044" Text="Kontakter" />
                      <Title LCID="1043" Text="Contactpersonen" />
                      <Title LCID="1045" Text="Kontakty" />
                      <Title LCID="1046" Text="Contatos" />
                      <Title LCID="2070" Text="Contactos" />
                      <Title LCID="1048" Text="Persoane de contact" />
                      <Title LCID="1049" Text="Контакты" />
                      <Title LCID="1051" Text="Kontakty" />
                      <Title LCID="1060" Text="Stiki" />
                      <Title LCID="3098" Text="Контакти" />
                      <Title LCID="10266" Text="Контакти" />
                      <Title LCID="2074" Text="Kontakti" />
                      <Title LCID="9242" Text="Kontakti" />
                      <Title LCID="1053" Text="Kontakter" />
                      <Title LCID="1054" Text="ผู้ติดต่อ" />
                      <Title LCID="1055" Text="İlgili Kişiler" />
                      <Title LCID="1058" Text="Контактні особи" />
                      <Title LCID="1066" Text="Người liên hệ" />
                      <Title LCID="2052" Text="联系人" />
                      <Title LCID="3076" Text="連絡人" />
                      <Title LCID="1028" Text="連絡人" />
                    </Titles>
                  </NavBarByRelationshipItem>
                  <NavBarByRelationshipItem RelationshipName="contact_customer_relationship_customer" Id="navRelationships" Sequence="10" Area="Info" Show="false">
                    <Privileges>
                      <Privilege Entity="" Privilege="ReadActivity" />
                    </Privileges>
                    <Titles>
                      <Title LCID="1033" Text="CustomerRelationship" />
                      <Title LCID="1025" Text="CustomerRelationship" />
                      <Title LCID="1026" Text="CustomerRelationship" />
                      <Title LCID="1027" Text="CustomerRelationship" />
                      <Title LCID="1029" Text="CustomerRelationship" />
                      <Title LCID="1030" Text="CustomerRelationship" />
                      <Title LCID="1031" Text="CustomerRelationship" />
                      <Title LCID="1032" Text="CustomerRelationship" />
                      <Title LCID="3082" Text="CustomerRelationship" />
                      <Title LCID="1061" Text="CustomerRelationship" />
                      <Title LCID="1069" Text="CustomerRelationship" />
                      <Title LCID="1035" Text="CustomerRelationship" />
                      <Title LCID="1036" Text="CustomerRelationship" />
                      <Title LCID="1110" Text="CustomerRelationship" />
                      <Title LCID="1037" Text="CustomerRelationship" />
                      <Title LCID="1081" Text="CustomerRelationship" />
                      <Title LCID="1050" Text="CustomerRelationship" />
                      <Title LCID="1038" Text="CustomerRelationship" />
                      <Title LCID="1057" Text="CustomerRelationship" />
                      <Title LCID="1040" Text="CustomerRelationship" />
                      <Title LCID="1041" Text="CustomerRelationship" />
                      <Title LCID="1087" Text="CustomerRelationship" />
                      <Title LCID="1042" Text="CustomerRelationship" />
                      <Title LCID="1063" Text="CustomerRelationship" />
                      <Title LCID="1062" Text="CustomerRelationship" />
                      <Title LCID="1086" Text="CustomerRelationship" />
                      <Title LCID="1044" Text="CustomerRelationship" />
                      <Title LCID="1043" Text="CustomerRelationship" />
                      <Title LCID="1045" Text="CustomerRelationship" />
                      <Title LCID="1046" Text="CustomerRelationship" />
                      <Title LCID="2070" Text="CustomerRelationship" />
                      <Title LCID="1048" Text="CustomerRelationship" />
                      <Title LCID="1049" Text="CustomerRelationship" />
                      <Title LCID="1051" Text="CustomerRelationship" />
                      <Title LCID="1060" Text="CustomerRelationship" />
                      <Title LCID="3098" Text="CustomerRelationship" />
                      <Title LCID="10266" Text="CustomerRelationship" />
                      <Title LCID="2074" Text="CustomerRelationship" />
                      <Title LCID="9242" Text="CustomerRelationship" />
                      <Title LCID="1053" Text="CustomerRelationship" />
                      <Title LCID="1054" Text="CustomerRelationship" />
                      <Title LCID="1055" Text="CustomerRelationship" />
                      <Title LCID="1058" Text="CustomerRelationship" />
                      <Title LCID="1066" Text="CustomerRelationship" />
                      <Title LCID="2052" Text="CustomerRelationship" />
                      <Title LCID="3076" Text="CustomerRelationship" />
                      <Title LCID="1028" Text="CustomerRelationship" />
                    </Titles>
                  </NavBarByRelationshipItem>
                  <NavBarByRelationshipItem RelationshipName="quote_customer_contacts" Id="navQuotes" Sequence="10" Area="Info" Show="false">
                    <Privileges>
                      <Privilege Entity="" Privilege="ReadActivity" />
                    </Privileges>
                    <Titles>
                      <Title LCID="1033" Text="Quote" />
                      <Title LCID="1025" Text="عرض الأسعار" />
                      <Title LCID="1026" Text="Оферта" />
                      <Title LCID="1027" Text="Oferta" />
                      <Title LCID="1029" Text="Nabídka" />
                      <Title LCID="1030" Text="Tilbud" />
                      <Title LCID="1031" Text="Angebot" />
                      <Title LCID="1032" Text="Προσφορά" />
                      <Title LCID="3082" Text="Oferta" />
                      <Title LCID="1061" Text="Hinnapakkumine" />
                      <Title LCID="1069" Text="Eskaintza" />
                      <Title LCID="1035" Text="Tarjous" />
                      <Title LCID="1036" Text="Devis" />
                      <Title LCID="1110" Text="Oferta" />
                      <Title LCID="1037" Text="הצעת מחיר" />
                      <Title LCID="1081" Text="कोट" />
                      <Title LCID="1050" Text="Ponuda" />
                      <Title LCID="1038" Text="Árajánlat" />
                      <Title LCID="1057" Text="Kuotasi" />
                      <Title LCID="1040" Text="Offerta" />
                      <Title LCID="1041" Text="見積もり" />
                      <Title LCID="1087" Text="Баға ұсыну" />
                      <Title LCID="1042" Text="견적" />
                      <Title LCID="1063" Text="Pasiūlymas" />
                      <Title LCID="1062" Text="Piedāvājums" />
                      <Title LCID="1086" Text="Sebut Harga" />
                      <Title LCID="1044" Text="Tilbud" />
                      <Title LCID="1043" Text="Prijsopgave" />
                      <Title LCID="1045" Text="Oferta" />
                      <Title LCID="1046" Text="Cotação" />
                      <Title LCID="2070" Text="Proposta" />
                      <Title LCID="1048" Text="Ofertă" />
                      <Title LCID="1049" Text="Предложение с расценками" />
                      <Title LCID="1051" Text="Cenová ponuka" />
                      <Title LCID="1060" Text="Ponudba" />
                      <Title LCID="3098" Text="Понуда" />
                      <Title LCID="10266" Text="Понуда" />
                      <Title LCID="2074" Text="Ponuda" />
                      <Title LCID="9242" Text="Ponuda" />
                      <Title LCID="1053" Text="Offert" />
                      <Title LCID="1054" Text="ใบเสนอราคา" />
                      <Title LCID="1055" Text="Teklif" />
                      <Title LCID="1058" Text="Цінова пропозиція" />
                      <Title LCID="1066" Text="Báo giá" />
                      <Title LCID="2052" Text="报价单" />
                      <Title LCID="3076" Text="報價" />
                      <Title LCID="1028" Text="報價" />
                    </Titles>
                  </NavBarByRelationshipItem>
                  <NavBarByRelationshipItem RelationshipName="order_customer_contacts" Id="navOrders" Sequence="10" Area="Info" Show="false">
                    <Privileges>
                      <Privilege Entity="" Privilege="ReadActivity" />
                    </Privileges>
                    <Titles>
                      <Title LCID="1033" Text="SalesOrder" />
                      <Title LCID="1025" Text="أمر المبيعات" />
                      <Title LCID="1026" Text="SalesOrder" />
                      <Title LCID="1027" Text="Comanda de vendes" />
                      <Title LCID="1029" Text="Prodejní objednávka" />
                      <Title LCID="1030" Text="SalesOrder" />
                      <Title LCID="1031" Text="Vertriebsauftrag" />
                      <Title LCID="1032" Text="SalesOrder" />
                      <Title LCID="3082" Text="Pedido de venta" />
                      <Title LCID="1061" Text="SalesOrder" />
                      <Title LCID="1069" Text="SalesOrder" />
                      <Title LCID="1035" Text="Myyntitilaus" />
                      <Title LCID="1036" Text="Commande client" />
                      <Title LCID="1110" Text="SalesOrder" />
                      <Title LCID="1037" Text="SalesOrder" />
                      <Title LCID="1081" Text="SalesOrder" />
                      <Title LCID="1050" Text="SalesOrder" />
                      <Title LCID="1038" Text="SalesOrder" />
                      <Title LCID="1057" Text="SalesOrder" />
                      <Title LCID="1040" Text="Ordine cliente" />
                      <Title LCID="1041" Text="SalesOrder" />
                      <Title LCID="1087" Text="SalesOrder" />
                      <Title LCID="1042" Text="SalesOrder" />
                      <Title LCID="1063" Text="Pardavimo užsakymas" />
                      <Title LCID="1062" Text="SalesOrder" />
                      <Title LCID="1086" Text="SalesOrder" />
                      <Title LCID="1044" Text="Salgsordre" />
                      <Title LCID="1043" Text="Verkooporder" />
                      <Title LCID="1045" Text="SalesOrder" />
                      <Title LCID="1046" Text="SalesOrder" />
                      <Title LCID="2070" Text="SalesOrder" />
                      <Title LCID="1048" Text="SalesOrder" />
                      <Title LCID="1049" Text="SalesOrder" />
                      <Title LCID="1051" Text="SalesOrder" />
                      <Title LCID="1060" Text="SalesOrder" />
                      <Title LCID="3098" Text="SalesOrder" />
                      <Title LCID="10266" Text="SalesOrder" />
                      <Title LCID="2074" Text="SalesOrder" />
                      <Title LCID="9242" Text="SalesOrder" />
                      <Title LCID="1053" Text="Försäljningsorder" />
                      <Title LCID="1054" Text="ใบสั่งขาย" />
                      <Title LCID="1055" Text="SalesOrder" />
                      <Title LCID="1058" Text="Замовлення на продаж" />
                      <Title LCID="1066" Text="SalesOrder" />
                      <Title LCID="2052" Text="SalesOrder" />
                      <Title LCID="3076" Text="SalesOrder" />
                      <Title LCID="1028" Text="SalesOrder" />
                    </Titles>
                  </NavBarByRelationshipItem>
                  <NavBarByRelationshipItem RelationshipName="invoice_customer_contacts" Id="navInvoices" Sequence="10" Area="Info" Show="false">
                    <Privileges>
                      <Privilege Entity="" Privilege="ReadActivity" />
                    </Privileges>
                    <Titles>
                      <Title LCID="1033" Text="Invoice" />
                      <Title LCID="1025" Text="الفاتورة" />
                      <Title LCID="1026" Text="Фактура" />
                      <Title LCID="1027" Text="Factura" />
                      <Title LCID="1029" Text="Faktura" />
                      <Title LCID="1030" Text="Faktura" />
                      <Title LCID="1031" Text="Rechnung" />
                      <Title LCID="1032" Text="Τιμολόγιο" />
                      <Title LCID="3082" Text="Factura" />
                      <Title LCID="1061" Text="Arve" />
                      <Title LCID="1069" Text="Faktura" />
                      <Title LCID="1035" Text="Lasku" />
                      <Title LCID="1036" Text="Facture" />
                      <Title LCID="1110" Text="Factura" />
                      <Title LCID="1037" Text="חשבונית" />
                      <Title LCID="1081" Text="इनवॉइस" />
                      <Title LCID="1050" Text="Faktura" />
                      <Title LCID="1038" Text="Számla" />
                      <Title LCID="1057" Text="Faktur" />
                      <Title LCID="1040" Text="Fattura" />
                      <Title LCID="1041" Text="請求書" />
                      <Title LCID="1087" Text="Есеп-шот" />
                      <Title LCID="1042" Text="송장" />
                      <Title LCID="1063" Text="Sąskaita faktūra" />
                      <Title LCID="1062" Text="Rēķins" />
                      <Title LCID="1086" Text="Invois" />
                      <Title LCID="1044" Text="Faktura" />
                      <Title LCID="1043" Text="Factuur" />
                      <Title LCID="1045" Text="Faktura" />
                      <Title LCID="1046" Text="Fatura" />
                      <Title LCID="2070" Text="Fatura" />
                      <Title LCID="1048" Text="Factură" />
                      <Title LCID="1049" Text="Счет" />
                      <Title LCID="1051" Text="Faktúra" />
                      <Title LCID="1060" Text="Račun" />
                      <Title LCID="3098" Text="Фактура" />
                      <Title LCID="10266" Text="Фактура" />
                      <Title LCID="2074" Text="Faktura" />
                      <Title LCID="9242" Text="Faktura" />
                      <Title LCID="1053" Text="Faktura" />
                      <Title LCID="1054" Text="ใบแจ้งหนี้" />
                      <Title LCID="1055" Text="Fatura" />
                      <Title LCID="1058" Text="Рахунок" />
                      <Title LCID="1066" Text="Hóa đơn" />
                      <Title LCID="2052" Text="发票" />
                      <Title LCID="3076" Text="發票" />
                      <Title LCID="1028" Text="發票" />
                    </Titles>
                  </NavBarByRelationshipItem>
                  <NavBarByRelationshipItem RelationshipName="hardcoded_{B7196B13-6B9D-42CD-BD58-B19A3953126F}navProcessSessions" Sequence="9700" Area="ProcessCenter" Id="navProcessSessions" Show="false">
                    <Titles>
                      <Title LCID="1033" Text="Dialog Sessions" />
                      <Title LCID="1025" Text="جلسات عمل الحوار" />
                      <Title LCID="1026" Text="Диалогови сесии" />
                      <Title LCID="1027" Text="Sessions del diàleg" />
                      <Title LCID="1029" Text="Relace dialogů" />
                      <Title LCID="1030" Text="Dialogsessioner" />
                      <Title LCID="1031" Text="Dialogsitzungen" />
                      <Title LCID="1032" Text="Περίοδοι λειτουργίας παραθύρου διαλόγου" />
                      <Title LCID="3082" Text="Sesiones de diálogo" />
                      <Title LCID="1061" Text="Dialoogiseansid" />
                      <Title LCID="1069" Text="Elkarrizketa-saioak" />
                      <Title LCID="1035" Text="Dialogi-istunnot" />
                      <Title LCID="1036" Text="Sessions de dialogue" />
                      <Title LCID="1110" Text="Sesións de diálogo" />
                      <Title LCID="1037" Text="הפעלות דו-שיח" />
                      <Title LCID="1081" Text="संवाद सत्र" />
                      <Title LCID="1050" Text="Sesije dijaloga" />
                      <Title LCID="1038" Text="Párbeszéd-munkamenetek" />
                      <Title LCID="1057" Text="Sesi Dialog" />
                      <Title LCID="1040" Text="Sessioni di interazione" />
                      <Title LCID="1041" Text="ダイアログ セッション" />
                      <Title LCID="1087" Text="Диалог сеанстары" />
                      <Title LCID="1042" Text="대화 세션" />
                      <Title LCID="1063" Text="Dialogo seansai" />
                      <Title LCID="1062" Text="Dialogu sesijas" />
                      <Title LCID="1086" Text="Sesi Dialog" />
                      <Title LCID="1044" Text="Dialogøkter" />
                      <Title LCID="1043" Text="Dialoogvenstersessies" />
                      <Title LCID="1045" Text="Sesje dialogowe" />
                      <Title LCID="1046" Text="Sessões de Diálogo" />
                      <Title LCID="2070" Text="Sessões de Diálogo" />
                      <Title LCID="1048" Text="Sesiuni de dialog" />
                      <Title LCID="1049" Text="Сеансы диалогового окна" />
                      <Title LCID="1051" Text="Relácie dialógového okna" />
                      <Title LCID="1060" Text="Seje dialoga" />
                      <Title LCID="3098" Text="Сесије дијалога" />
                      <Title LCID="10266" Text="Сесије дијалога" />
                      <Title LCID="2074" Text="Sesije dijaloga" />
                      <Title LCID="9242" Text="Sesije dijaloga" />
                      <Title LCID="1053" Text="Dialogsessioner" />
                      <Title LCID="1054" Text="เซสชันของกล่องโต้ตอบ" />
                      <Title LCID="1055" Text="Diyalog Oturumları" />
                      <Title LCID="1058" Text="Сеанси діалогу" />
                      <Title LCID="1066" Text="Phiên hộp thoại" />
                      <Title LCID="2052" Text="对话会话" />
                      <Title LCID="3076" Text="對話方塊工作階段" />
                      <Title LCID="1028" Text="對話方塊工作階段" />
                    </Titles>
                  </NavBarByRelationshipItem>
                  <NavBarByRelationshipItem RelationshipName="hardcoded_{B7196B13-6B9D-42CD-BD58-B19A3953126F}navAsyncOperations" Sequence="9500" Area="ProcessCenter" Id="navAsyncOperations" Show="false">
                    <Titles>
                      <Title LCID="1033" Text="Workflows" />
                      <Title LCID="1025" Text="عمليات سير العمل" />
                      <Title LCID="1026" Text="Работни потоци" />
                      <Title LCID="1027" Text="Fluxos de treball" />
                      <Title LCID="1029" Text="Pracovní postupy" />
                      <Title LCID="1030" Text="Arbejdsprocesser" />
                      <Title LCID="1031" Text="Workflows" />
                      <Title LCID="1032" Text="Ροές εργασιών" />
                      <Title LCID="3082" Text="Flujos de trabajo" />
                      <Title LCID="1061" Text="Töövood" />
                      <Title LCID="1069" Text="Lan-fluxuak" />
                      <Title LCID="1035" Text="Työnkulut" />
                      <Title LCID="1036" Text="Workflows" />
                      <Title LCID="1110" Text="Fluxos de traballo" />
                      <Title LCID="1037" Text="זרימות עבודה" />
                      <Title LCID="1081" Text="कार्य प्रवाह" />
                      <Title LCID="1050" Text="Tjekovi rada" />
                      <Title LCID="1038" Text="Munkafolyamatok" />
                      <Title LCID="1057" Text="Alur Kerja" />
                      <Title LCID="1040" Text="Flussi di lavoro" />
                      <Title LCID="1041" Text="ワークフロー" />
                      <Title LCID="1087" Text="Жұмыс ағындары" />
                      <Title LCID="1042" Text="워크플로" />
                      <Title LCID="1063" Text="Darbo eigos" />
                      <Title LCID="1062" Text="Darbplūsmas" />
                      <Title LCID="1086" Text="Aliran Kerja" />
                      <Title LCID="1044" Text="Arbeidsflyter" />
                      <Title LCID="1043" Text="Werkstromen" />
                      <Title LCID="1045" Text="Przepływy pracy" />
                      <Title LCID="1046" Text="Fluxos de Trabalho" />
                      <Title LCID="2070" Text="Fluxos de Trabalho" />
                      <Title LCID="1048" Text="Fluxuri de lucru" />
                      <Title LCID="1049" Text="Бизнес-процессы" />
                      <Title LCID="1051" Text="Pracovné postupy" />
                      <Title LCID="1060" Text="Poteki dela" />
                      <Title LCID="3098" Text="Токови посла" />
                      <Title LCID="10266" Text="Токови посла" />
                      <Title LCID="2074" Text="Tokovi posla" />
                      <Title LCID="9242" Text="Tokovi posla" />
                      <Title LCID="1053" Text="Arbetsflöden" />
                      <Title LCID="1054" Text="เวิร์กโฟลว์" />
                      <Title LCID="1055" Text="İş Akışları" />
                      <Title LCID="1058" Text="Робочі цикли" />
                      <Title LCID="1066" Text="Quy trình làm việc" />
                      <Title LCID="2052" Text="工作流" />
                      <Title LCID="3076" Text="工作流程" />
                      <Title LCID="1028" Text="工作流程" />
                    </Titles>
                  </NavBarByRelationshipItem>
                </NavBar>
              </Navigation>
              <controlDescriptions />
              <DisplayConditions FallbackForm="true" Order="6">
                <Role Id="{627090ff-40a3-4053-8790-584edc5be201}" />
                <Role Id="{119f245c-3cc8-4b62-b31c-d1a046ced15d}" />
              </DisplayConditions>
              <footer id="{96d8c877-c53b-423f-b0ec-202a0d4f5a55}" celllabelposition="Top" columns="111" labelwidth="115" celllabelalignment="Left">
                <rows>
                  <row>
                    <cell id="{14e761cb-7b3c-47e7-8691-b1da723c5b4d}" showlabel="false" labelid="{e3a044ee-2e1d-4c96-a91c-39896c19d1fc}">
                      <labels>
                        <label description="" languagecode="1033" />
                      </labels>
                    </cell>
                    <cell id="{9c0d8c72-a789-43a9-a50d-22c2168d981b}" showlabel="false" labelid="{4b5c8725-0911-4008-b82b-a63882e9f91f}">
                      <labels>
                        <label description="" languagecode="1033" />
                      </labels>
                    </cell>
                    <cell id="{5c4fe357-c873-43db-b27c-2e290ccc6eea}" showlabel="false" labelid="{95c1b9af-21e6-40f2-9e58-9d14d2d51483}">
                      <labels>
                        <label description="" languagecode="1033" />
                      </labels>
                    </cell>
                  </row>
                </rows>
              </footer>
            </form>
            <IsCustomizable>1</IsCustomizable>
            <CanBeDeleted>1</CanBeDeleted>
            <LocalizedNames>
              <LocalizedName description="Main" languagecode="1033" />
            </LocalizedNames>
            <Descriptions>
              <Description description="Updated default Contact form." languagecode="1033" />
            </Descriptions>
          </systemform>
        </forms>
      </FormXml>
      <RibbonDiffXml>
        <CustomActions />
        <Templates>
          <RibbonTemplates Id="Mscrm.Templates"></RibbonTemplates>
        </Templates>
        <CommandDefinitions />
        <RuleDefinitions>
          <TabDisplayRules />
          <DisplayRules />
          <EnableRules />
        </RuleDefinitions>
        <LocLabels />
      </RibbonDiffXml>
    </Entity>
    <Entity>
      <Name LocalizedName="Country" OriginalName="Country">govcdm_country</Name>
      <RibbonDiffXml>
        <CustomActions />
        <Templates>
          <RibbonTemplates Id="Mscrm.Templates"></RibbonTemplates>
        </Templates>
        <CommandDefinitions />
        <RuleDefinitions>
          <TabDisplayRules />
          <DisplayRules />
          <EnableRules />
        </RuleDefinitions>
        <LocLabels />
      </RibbonDiffXml>
    </Entity>
    <Entity>
      <Name LocalizedName="Location" OriginalName="Location">govcdm_Location</Name>
      <FormXml>
        <forms type="main">
          <systemform>
            <formid>{c0fd8806-8cd5-ee11-9079-0022481c9844}</formid>
            <IntroducedVersion>1.0</IntroducedVersion>
            <FormPresentation>1</FormPresentation>
            <FormActivationState>1</FormActivationState>
            <form headerdensity="HighWithControls">
              <tabs>
                <tab verticallayout="true" id="{ff3a409f-55a9-4b33-b9f4-081e089c55d7}" IsUserDefined="1" labelid="{4637df2a-0e84-4546-ab2d-e6092192d230}">
                  <labels>
                    <label description="General" languagecode="1033" />
                  </labels>
                  <columns>
                    <column width="100%">
                      <sections>
                        <section showlabel="false" showbar="false" IsUserDefined="0" id="{1180bcda-66e0-4a98-a2e6-131a1a1ff404}" labelid="{44846637-9abf-4087-ac9c-7f225282dd2c}" columns="11">
                          <labels>
                            <label description="General" languagecode="1033" />
                          </labels>
                          <rows>
                            <row>
                              <cell id="{9fbd6696-5567-4d88-8acb-e60a5b42bfa2}" labelid="{46d99483-9d42-4ba1-bd53-4ce11bb8e62a}">
                                <labels>
                                  <label description="Name" languagecode="1033" />
                                </labels>
                                <control id="govcdm_name" classid="{4273EDBD-AC1D-40d3-9FB2-095C621B552D}" datafieldname="govcdm_name" />
                              </cell>
                              <cell id="{22b41280-776d-471c-bea0-2c8344108cc3}" locklevel="0" colspan="1" rowspan="1">
                                <labels>
                                  <label description="Address Line 1" languagecode="1033" />
                                </labels>
                                <control id="govcdm_addressline1" classid="{4273EDBD-AC1D-40D3-9FB2-095C621B552D}" datafieldname="govcdm_addressline1" disabled="false" />
                              </cell>
                            </row>
                            <row>
                              <cell id="{4fbaf822-7905-47a8-8505-ff27e67b6b30}" locklevel="0" colspan="1" rowspan="1">
                                <labels>
                                  <label description="Abbreviation" languagecode="1033" />
                                </labels>
                                <control id="govcdm_abbreviation" classid="{4273EDBD-AC1D-40D3-9FB2-095C621B552D}" datafieldname="govcdm_abbreviation" disabled="false" />
                              </cell>
                              <cell id="{41502c8e-b6f6-4a71-b7f2-6cdaef93c75a}" locklevel="0" colspan="1" rowspan="1">
                                <labels>
                                  <label description="Address Line 2" languagecode="1033" />
                                </labels>
                                <control id="govcdm_addressline2" classid="{4273EDBD-AC1D-40D3-9FB2-095C621B552D}" datafieldname="govcdm_addressline2" disabled="false" />
                              </cell>
                            </row>
                            <row>
                              <cell id="{647db977-e513-4c00-b62f-d35807df1111}" locklevel="0" colspan="1" rowspan="1">
                                <labels>
                                  <label description="Main Phone" languagecode="1033" />
                                </labels>
                                <control id="govcdm_mainphone" classid="{4273EDBD-AC1D-40D3-9FB2-095C621B552D}" datafieldname="govcdm_mainphone" disabled="false" />
                              </cell>
                              <cell id="{3438b465-574d-4a91-b5e8-ab21bface828}" locklevel="0" colspan="1" rowspan="1">
                                <labels>
                                  <label description="City" languagecode="1033" />
                                </labels>
                                <control id="govcdm_city" classid="{4273EDBD-AC1D-40D3-9FB2-095C621B552D}" datafieldname="govcdm_city" disabled="false" />
                              </cell>
                            </row>
                            <row>
                              <cell id="{291684d1-e721-4fa5-954c-32aa1d51be63}" labelid="{ba96afd9-1410-4838-a40b-0e10336f5468}">
                                <labels>
                                  <label description="Owner" languagecode="1033" />
                                </labels>
                                <control id="ownerid" classid="{270BD3DB-D9AF-4782-9025-509E298DEC0A}" datafieldname="ownerid" />
                              </cell>
                              <cell id="{1f188c26-5ce4-46a9-9b6a-0fb63fac1447}" locklevel="0" colspan="1" rowspan="1">
                                <labels>
                                  <label description="State or Province" languagecode="1033" />
                                </labels>
                                <control id="govcdm_stateorprovince" classid="{270BD3DB-D9AF-4782-9025-509E298DEC0A}" datafieldname="govcdm_stateorprovince" disabled="false" />
                              </cell>
                            </row>
                            <row>
                              <cell locklevel="0" id="{d090542d-da67-4c79-be01-b5afa1a0d541}">
                                <labels>
                                  <label description="" languagecode="1033" />
                                </labels>
                              </cell>
                              <cell id="{dcf78d32-3b84-43a0-9733-921d02ace0db}" locklevel="0" colspan="1" rowspan="1">
                                <labels>
                                  <label description="Postal Code" languagecode="1033" />
                                </labels>
                                <control id="govcdm_postalcode" classid="{4273EDBD-AC1D-40D3-9FB2-095C621B552D}" datafieldname="govcdm_postalcode" disabled="false" />
                              </cell>
                            </row>
                          </rows>
                        </section>
                      </sections>
                    </column>
                  </columns>
                </tab>
              </tabs>
              <header id="{e8e44950-b66c-4caa-9e2f-c319216b215a}" celllabelposition="Top" columns="111" labelwidth="115" celllabelalignment="Left">
                <rows>
                  <row>
                    <cell id="{baaf58ca-795e-47ed-98df-a5be7aa29220}" showlabel="false" labelid="{548e32a2-fd64-441c-97a4-bf4b4175f52f}">
                      <labels>
                        <label description="" languagecode="1033" />
                      </labels>
                    </cell>
                    <cell id="{3f894c12-d061-4992-b4e1-b015abc2c8ce}" showlabel="false" labelid="{73953425-2e1a-4cf9-a4c0-83ee36e7ec4e}">
                      <labels>
                        <label description="" languagecode="1033" />
                      </labels>
                    </cell>
                    <cell id="{5afa82f0-0f40-4834-8da4-e28d86938783}" showlabel="false" labelid="{42fbac83-30ae-4077-bbe7-d964be3d0ad9}">
                      <labels>
                        <label description="" languagecode="1033" />
                      </labels>
                    </cell>
                    <cell id="{d8eb3fd1-d56a-4cc8-97c1-7485724868e1}" locklevel="0" colspan="1" rowspan="1">
                      <labels>
                        <label description="Parent Location" languagecode="1033" />
                      </labels>
                      <control id="header_govcdm_parentlocation" classid="{270BD3DB-D9AF-4782-9025-509E298DEC0A}" datafieldname="govcdm_parentlocation" disabled="false" />
                    </cell>
                  </row>
                </rows>
              </header>
              <footer id="{3fb05e11-455d-407c-9829-2889e92d639b}" celllabelposition="Top" columns="111" labelwidth="115" celllabelalignment="Left">
                <rows>
                  <row>
                    <cell id="{aba228b7-69d8-4985-ad82-31f0935ae81f}" showlabel="false" labelid="{1195cb22-4b27-487b-95d0-982214186efb}">
                      <labels>
                        <label description="" languagecode="1033" />
                      </labels>
                    </cell>
                    <cell id="{04608d35-4a4a-4f8b-90e6-34b9337f9563}" showlabel="false" labelid="{dbce4d6f-83f3-4347-adae-94fdfc6d5889}">
                      <labels>
                        <label description="" languagecode="1033" />
                      </labels>
                    </cell>
                    <cell id="{8c1b6007-09b7-480d-bf8f-91e443db7bca}" showlabel="false" labelid="{d9facdea-672e-44be-b054-e2cdff8bc28d}">
                      <labels>
                        <label description="" languagecode="1033" />
                      </labels>
                    </cell>
                  </row>
                </rows>
              </footer>
              <DisplayConditions Order="1" FallbackForm="true">
                <Role Id="{627090ff-40a3-4053-8790-584edc5be201}" />
                <Role Id="{119f245c-3cc8-4b62-b31c-d1a046ced15d}" />
              </DisplayConditions>
            </form>
            <IsCustomizable>1</IsCustomizable>
            <CanBeDeleted>1</CanBeDeleted>
            <LocalizedNames>
              <LocalizedName description="Main" languagecode="1033" />
            </LocalizedNames>
            <Descriptions>
              <Description description="A form for this entity." languagecode="1033" />
            </Descriptions>
          </systemform>
        </forms>
      </FormXml>
      <SavedQueries>
        <savedqueries>
          <savedquery>
            <IsCustomizable>1</IsCustomizable>
            <CanBeDeleted>1</CanBeDeleted>
            <isquickfindquery>0</isquickfindquery>
            <isprivate>0</isprivate>
            <isdefault>0</isdefault>
            <savedqueryid>{fa9763a5-a4f5-ee11-a1fd-000d3a3276a9}</savedqueryid>
            <layoutxml>
              <grid name="resultset" jump="govcdm_name" select="1" icon="1" preview="1">
                <row name="result" id="govcdm_locationid">
                  <cell name="govcdm_name" width="200" />
                  <cell name="govcdm_abbreviation" width="114" />
                  <cell name="govcdm_mainphone" width="109" />
                  <cell name="govcdm_addressline1" width="126" />
                  <cell name="govcdm_addressline2" width="126" />
                  <cell name="govcdm_city" width="100" />
                  <cell name="a_a85fdaea594a4887913352fb3be5dff4.govcdm_abbreviation" width="224" />
                  <cell name="govcdm_postalcode" width="108" />
                </row>
              </grid>
            </layoutxml>
            <querytype>0</querytype>
            <fetchxml>
              <fetch version="1.0" output-format="xml-platform" mapping="logical">
                <entity name="govcdm_location">
                  <attribute name="govcdm_name" />
                  <attribute name="govcdm_locationid" />
                  <attribute name="govcdm_abbreviation" />
                  <attribute name="govcdm_addressline1" />
                  <attribute name="govcdm_addressline2" />
                  <attribute name="govcdm_city" />
                  <link-entity alias="a_a85fdaea594a4887913352fb3be5dff4" name="govcdm_stateorprovince" to="govcdm_stateorprovince" from="govcdm_stateorprovinceid" link-type="outer" visible="false">
                    <attribute name="govcdm_abbreviation" />
                  </link-entity>
                  <attribute name="govcdm_postalcode" />
                  <attribute name="govcdm_mainphone" />
                </entity>
              </fetch>
            </fetchxml>
            <IntroducedVersion>1.0</IntroducedVersion>
            <LocalizedNames>
              <LocalizedName description="Locations" languagecode="1033" />
            </LocalizedNames>
          </savedquery>
        </savedqueries>
      </SavedQueries>
      <RibbonDiffXml>
        <CustomActions />
        <Templates>
          <RibbonTemplates Id="Mscrm.Templates"></RibbonTemplates>
        </Templates>
        <CommandDefinitions />
        <RuleDefinitions>
          <TabDisplayRules />
          <DisplayRules />
          <EnableRules />
        </RuleDefinitions>
        <LocLabels />
      </RibbonDiffXml>
    </Entity>
    <Entity>
      <Name LocalizedName="Product" OriginalName="Product">govcdm_Product</Name>
      <FormXml>
        <forms type="main">
          <systemform>
            <formid>{1726eac5-47d6-ee11-9079-0022481c9844}</formid>
            <IntroducedVersion>1.0</IntroducedVersion>
            <FormPresentation>1</FormPresentation>
            <FormActivationState>1</FormActivationState>
            <form headerdensity="HighWithControls">
              <tabs>
                <tab verticallayout="true" id="{6df2fa55-2f25-4529-930f-8e85f044564c}" IsUserDefined="1" labelid="{e1c91e54-6c62-46f0-9e7d-1192ac0b5321}">
                  <labels>
                    <label description="General" languagecode="1033" />
                  </labels>
                  <columns>
                    <column width="100%">
                      <sections>
                        <section showlabel="false" showbar="false" IsUserDefined="0" id="{ca4f981a-9324-4728-8978-32b7bbd62aaf}" labelid="{e1b00e71-febf-4f9c-b7cb-0d89a53e9a29}">
                          <labels>
                            <label description="General" languagecode="1033" />
                          </labels>
                          <rows>
                            <row>
                              <cell id="{41ffdc6c-363a-4927-b266-a3a836ea6f1b}" locklevel="0" colspan="1" rowspan="1" labelid="{9c3168d1-9a29-48a7-a079-01fd257e15ca}">
                                <labels>
                                  <label description="Product Number" languagecode="1033" />
                                </labels>
                                <control id="govcdm_productnumber" classid="{4273EDBD-AC1D-40D3-9FB2-095C621B552D}" datafieldname="govcdm_productnumber" disabled="false" />
                              </cell>
                            </row>
                            <row>
                              <cell id="{c2fe5c3a-041c-42aa-82e5-12e6670bec1d}" labelid="{75d5a3de-f022-4759-8718-d3f9b84d5b73}">
                                <labels>
                                  <label description="Name" languagecode="1033" />
                                </labels>
                                <control id="govcdm_name" classid="{4273EDBD-AC1D-40d3-9FB2-095C621B552D}" datafieldname="govcdm_name" />
                              </cell>
                            </row>
                            <row>
                              <cell id="{17346d6d-33e0-4c25-8489-75f330467e76}" locklevel="0" colspan="1" rowspan="1" labelid="{5dd9ea8c-2d50-4c07-9a22-c86f150c5a21}">
                                <labels>
                                  <label description="Manufacturer" languagecode="1033" />
                                </labels>
                                <control id="govcdm_manufacturer" classid="{270BD3DB-D9AF-4782-9025-509E298DEC0A}" datafieldname="govcdm_manufacturer" disabled="false" />
                              </cell>
                            </row>
                            <row>
                              <cell id="{99b64b2a-fc96-4a3a-9975-cd6cf9b3449c}" locklevel="0" colspan="1" rowspan="1" labelid="{9fa601c9-c618-491b-ac6a-d7ed39bc4954}">
                                <labels>
                                  <label description="Description" languagecode="1033" />
                                </labels>
                                <control id="govcdm_description" classid="{E0DECE4B-6FC8-4A8F-A065-082708572369}" datafieldname="govcdm_description" disabled="false" />
                              </cell>
                            </row>
                            <row>
                              <cell id="{242339ab-c3af-4a87-88eb-43b14e984784}" locklevel="0" colspan="1" rowspan="1" labelid="{33bcf602-3cc0-4943-9110-f177d0b3f97c}">
                                <labels>
                                  <label description="URL" languagecode="1033" />
                                </labels>
                                <control id="govcdm_url" classid="{71716B6C-711E-476C-8AB8-5D11542BFB47}" datafieldname="govcdm_url" disabled="false" />
                              </cell>
                            </row>
                            <row>
                              <cell id="{fe011b60-b36f-498f-9153-e4ac6d031cb2}" locklevel="0" colspan="1" rowspan="1" labelid="{0799e19f-d48b-499e-abd5-b5d872a2b0b4}">
                                <labels>
                                  <label description="Unit Price" languagecode="1033" />
                                </labels>
                                <control id="govcdm_unitprice" classid="{533B9E00-756B-4312-95A0-DC888637AC78}" datafieldname="govcdm_unitprice" disabled="false" />
                              </cell>
                            </row>
                            <row>
                              <cell id="{7c6a77a3-55d5-4edd-a1d5-af1f225b975e}" locklevel="0" colspan="1" rowspan="1" labelid="{1770a64a-9bf6-4adf-aca1-9495cf82327a}">
                                <labels>
                                  <label description="Unit of Issue" languagecode="1033" />
                                </labels>
                                <control id="govcdm_unitofissue" classid="{3EF39988-22BB-4F0B-BBBE-64B5A3748AEE}" datafieldname="govcdm_unitofissue" disabled="false" />
                              </cell>
                            </row>
                            <row>
                              <cell id="{71758a59-40ba-48c0-b436-40647bf8adfe}" labelid="{29acfcfc-3237-42b9-a18e-b3e2c8de2e2b}">
                                <labels>
                                  <label description="Owner" languagecode="1033" />
                                </labels>
                                <control id="ownerid" classid="{270BD3DB-D9AF-4782-9025-509E298DEC0A}" datafieldname="ownerid" />
                              </cell>
                            </row>
                          </rows>
                        </section>
                        <section name="null_section_3" id="b3ee1f9d-4e3e-4bce-8785-6182a5b97894" IsUserDefined="0" locklevel="0" showlabel="true" showbar="false" layout="varwidth" celllabelalignment="Left" celllabelposition="Left" columns="1" labelwidth="115">
                          <labels>
                            <label description="Sub Products" languagecode="1033" />
                          </labels>
                          <rows>
                            <row />
                            <row>
                              <cell locklevel="0" id="{93497a37-1696-4099-b7e3-590ed2ffcb57}" rowspan="4" colspan="1" auto="false" showlabel="false">
                                <labels>
                                  <label description="New SG control 1709131460583" languagecode="1033" />
                                </labels>
                                <control indicationOfSubgrid="true" id="Subgrid_new_1" classid="{E7A81278-8635-4D9E-8D4D-59480B391C5B}">
                                  <parameters>
                                    <RecordsPerPage>4</RecordsPerPage>
                                    <AutoExpand>Fixed</AutoExpand>
                                    <EnableQuickFind>false</EnableQuickFind>
                                    <EnableViewPicker>false</EnableViewPicker>
                                    <EnableChartPicker>true</EnableChartPicker>
                                    <ChartGridMode>All</ChartGridMode>
                                    <TargetEntityType>govcdm_product</TargetEntityType>
                                    <ViewId>{BA625FEA-C61D-41DD-80D2-4CADF4E4F600}</ViewId>
                                    <ViewIds>{BA625FEA-C61D-41DD-80D2-4CADF4E4F600}</ViewIds>
                                    <RelationshipName>govcdm_govcdm_product_ParentProduct_govcdm_produ</RelationshipName>
                                  </parameters>
                                </control>
                              </cell>
                            </row>
                            <row />
                            <row />
                            <row />
                          </rows>
                        </section>
                      </sections>
                    </column>
                  </columns>
                </tab>
              </tabs>
              <header id="{10b0458e-89e5-4ce8-90eb-1cf95cc14cf5}" celllabelposition="Top" columns="111" labelwidth="115" celllabelalignment="Left">
                <rows>
                  <row>
                    <cell id="{b72a363f-a76c-487e-aabb-3fbcbdceadc9}" showlabel="false" labelid="{81e2f872-7cb6-4510-afd4-1c6a4eb9a912}">
                      <labels>
                        <label description="" languagecode="1033" />
                      </labels>
                    </cell>
                    <cell id="{06df9fe6-8fa2-4c72-9766-13777bf7dab7}" showlabel="false" labelid="{6ae9c253-3323-4d43-9e80-b4bafe9dfe34}">
                      <labels>
                        <label description="" languagecode="1033" />
                      </labels>
                    </cell>
                    <cell id="{904c5b1a-edac-4d3e-9562-8604d623e8b8}" showlabel="false" labelid="{02800a82-1149-4ade-94ae-4b8eee287398}">
                      <labels>
                        <label description="" languagecode="1033" />
                      </labels>
                    </cell>
                    <cell id="{58d8766e-72dc-43a6-8758-fd0461d1ba7e}" locklevel="0" colspan="1" rowspan="1" labelid="{526c57ff-b8df-4bf7-a16d-f602d730b9df}">
                      <labels>
                        <label description="Parent Product" languagecode="1033" />
                      </labels>
                      <control id="header_govcdm_parentproduct" classid="{270BD3DB-D9AF-4782-9025-509E298DEC0A}" datafieldname="govcdm_parentproduct" disabled="false" />
                    </cell>
                  </row>
                </rows>
              </header>
              <footer id="{6f7818f8-1059-46ab-b05c-a1dbd68ec489}" celllabelposition="Top" columns="111" labelwidth="115" celllabelalignment="Left">
                <rows>
                  <row>
                    <cell id="{7ba277da-580a-4320-8038-b7879f1fa877}" showlabel="false" labelid="{5bc375f5-b65c-4a0a-91a8-9297b589ae78}">
                      <labels>
                        <label description="" languagecode="1033" />
                      </labels>
                    </cell>
                    <cell id="{cbf43bb9-2eb3-45de-9535-a6ee67326352}" showlabel="false" labelid="{3dbcc176-3d5c-42c1-a5aa-5b165ba7c338}">
                      <labels>
                        <label description="" languagecode="1033" />
                      </labels>
                    </cell>
                    <cell id="{2d56fab8-7fa6-471d-9543-da7c8e555db2}" showlabel="false" labelid="{44b34777-4728-4c04-a9bc-98aec3c13f6d}">
                      <labels>
                        <label description="" languagecode="1033" />
                      </labels>
                    </cell>
                  </row>
                </rows>
              </footer>
              <DisplayConditions Order="1" FallbackForm="true">
                <Role Id="{627090ff-40a3-4053-8790-584edc5be201}" />
                <Role Id="{119f245c-3cc8-4b62-b31c-d1a046ced15d}" />
              </DisplayConditions>
            </form>
            <IsCustomizable>1</IsCustomizable>
            <CanBeDeleted>1</CanBeDeleted>
            <LocalizedNames>
              <LocalizedName description="Main" languagecode="1033" />
            </LocalizedNames>
            <Descriptions>
              <Description description="A form for this entity." languagecode="1033" />
            </Descriptions>
          </systemform>
        </forms>
      </FormXml>
      <RibbonDiffXml>
        <CustomActions />
        <Templates>
          <RibbonTemplates Id="Mscrm.Templates"></RibbonTemplates>
        </Templates>
        <CommandDefinitions />
        <RuleDefinitions>
          <TabDisplayRules />
          <DisplayRules />
          <EnableRules />
        </RuleDefinitions>
        <LocLabels />
      </RibbonDiffXml>
    </Entity>
    <Entity>
      <Name LocalizedName="State or Province" OriginalName="State or Province">govcdm_stateorprovince</Name>
      <RibbonDiffXml>
        <CustomActions />
        <Templates>
          <RibbonTemplates Id="Mscrm.Templates"></RibbonTemplates>
        </Templates>
        <CommandDefinitions />
        <RuleDefinitions>
          <TabDisplayRules />
          <DisplayRules />
          <EnableRules />
        </RuleDefinitions>
        <LocLabels />
      </RibbonDiffXml>
    </Entity>
  </Entities>
  <Roles />
  <Workflows />
  <FieldSecurityProfiles />
  <Templates />
  <EntityMaps />
  <EntityRelationships />
  <OrganizationSettings />
  <optionsets />
  <WebResources>
    <WebResource>
      <WebResourceId>{350a1fc3-deeb-ee11-904c-0022481df7e6}</WebResourceId>
      <Name>msfed_core</Name>
      <DisplayName>MS Fed - Core</DisplayName>
      <WebResourceType>3</WebResourceType>
      <IntroducedVersion>1.0</IntroducedVersion>
      <IsEnabledForMobileClient>0</IsEnabledForMobileClient>
      <IsAvailableForMobileOffline>0</IsAvailableForMobileOffline>
      <IsCustomizable>1</IsCustomizable>
      <CanBeDeleted>1</CanBeDeleted>
      <IsHidden>0</IsHidden>
      <FileName>/WebResources/msfed_core350A1FC3-DEEB-EE11-904C-0022481DF7E6</FileName>
    </WebResource>
  </WebResources>
  <CustomControls />
  <AppModuleSiteMaps>
    <AppModuleSiteMap>
      <SiteMapUniqueName>msfed_Core</SiteMapUniqueName>
      <EnableCollapsibleGroups>False</EnableCollapsibleGroups>
      <ShowHome>True</ShowHome>
      <ShowPinned>True</ShowPinned>
      <ShowRecents>True</ShowRecents>
      <SiteMap IntroducedVersion="7.0.0.0">
        <Area Id="area_adeda389" ResourceId="SitemapDesigner.NewTitle" DescriptionResourceId="SitemapDesigner.NewTitle" ShowGroups="true" IntroducedVersion="7.0.0.0">
          <Titles>
            <Title LCID="1033" Title="Area1" />
          </Titles>
          <Group Id="group_e929eb95" ResourceId="SitemapDesigner.NewGroup" DescriptionResourceId="SitemapDesigner.NewGroup" IntroducedVersion="7.0.0.0" IsProfile="false" ToolTipResourseId="SitemapDesigner.Unknown">
            <Titles>
              <Title LCID="1033" Title="Core" />
            </Titles>
            <SubArea Id="subarea_c30dac45" Icon="/_imgs/imagestrips/transparent_spacer.gif" Entity="contact" Client="All,Outlook,OutlookLaptopClient,OutlookWorkstationClient,Web" AvailableOffline="true" PassParams="false" Sku="All,OnPremise,Live,SPLA" />
            <SubArea Id="subarea_329f7370" Icon="/_imgs/imagestrips/transparent_spacer.gif" Entity="govcdm_country" Client="All,Outlook,OutlookLaptopClient,OutlookWorkstationClient,Web" AvailableOffline="true" PassParams="false" Sku="All,OnPremise,Live,SPLA" />
            <SubArea Id="subarea_6767c797" Icon="/_imgs/imagestrips/transparent_spacer.gif" Entity="govcdm_location" Client="All,Outlook,OutlookLaptopClient,OutlookWorkstationClient,Web" AvailableOffline="true" PassParams="false" Sku="All,OnPremise,Live,SPLA" />
            <SubArea Id="subarea_1c042316" Icon="/_imgs/imagestrips/transparent_spacer.gif" Entity="govcdm_product" Client="All,Outlook,OutlookLaptopClient,OutlookWorkstationClient,Web" AvailableOffline="true" PassParams="false" Sku="All,OnPremise,Live,SPLA" />
            <SubArea Id="subarea_f1fd010a" Icon="/_imgs/imagestrips/transparent_spacer.gif" Entity="govcdm_stateorprovince" Client="All,Outlook,OutlookLaptopClient,OutlookWorkstationClient,Web" AvailableOffline="true" PassParams="false" Sku="All,OnPremise,Live,SPLA" />
          </Group>
        </Area>
      </SiteMap>
      <LocalizedNames>
        <LocalizedName description="Core" languagecode="1033" />
      </LocalizedNames>
    </AppModuleSiteMap>
  </AppModuleSiteMaps>
  <AppModules>
    <AppModule>
      <UniqueName>msfed_Core</UniqueName>
      <IntroducedVersion>1.0</IntroducedVersion>
      <WebResourceId>953b9fac-1e5e-e611-80d6-00155ded156f</WebResourceId>
      <OptimizedFor></OptimizedFor>
      <statecode>0</statecode>
      <statuscode>1</statuscode>
      <FormFactor>1</FormFactor>
      <ClientType>4</ClientType>
      <NavigationType>0</NavigationType>
      <AppModuleComponents>
        <AppModuleComponent type="1" schemaName="contact" />
        <AppModuleComponent type="1" schemaName="govcdm_country" />
        <AppModuleComponent type="1" schemaName="govcdm_location" />
        <AppModuleComponent type="1" schemaName="govcdm_product" />
        <AppModuleComponent type="1" schemaName="govcdm_stateorprovince" />
        <AppModuleComponent type="60" id="{8300c511-fbf0-ee11-904b-0022481df7e6}" />
        <AppModuleComponent type="62" schemaName="msfed_Core" />
      </AppModuleComponents>
      <AppModuleRoleMaps>
        <Role id="{627090ff-40a3-4053-8790-584edc5be201}" />
        <Role id="{119f245c-3cc8-4b62-b31c-d1a046ced15d}" />
      </AppModuleRoleMaps>
      <LocalizedNames>
        <LocalizedName description="Core" languagecode="1033" />
      </LocalizedNames>
      <appsettings>
        <appsetting settingdefinitionid.uniquename="AppChannel">
          <iscustomizable>1</iscustomizable>
          <value>1</value>
        </appsetting>
      </appsettings>
    </AppModule>
  </AppModules>
  <EntityDataProviders />
  <Languages>
    <Language>1033</Language>
  </Languages>
</ImportExportXml>