﻿<?xml version="1.0" encoding="utf-8"?>
<ImportExportXml version="9.2.24032.208" SolutionPackageVersion="9.2" languagecode="1033" generatedBy="CrmLive" xmlns:xsi="http://www.w3.org/2001/XMLSchema-instance">
  <SolutionManifest>
    <UniqueName>msfed_core</UniqueName>
    <LocalizedNames>
      <LocalizedName description="Microsoft Federal - Core" languagecode="1033" />
    </LocalizedNames>
    <Descriptions />
    <Version>1.0.0.0</Version>
    <Managed>0</Managed>
    <Publisher>
      <UniqueName>microsoftfederal</UniqueName>
      <LocalizedNames>
        <LocalizedName description="Microsoft Federal" languagecode="1033" />
      </LocalizedNames>
      <Descriptions>
        <Description description="microsoftfederal" languagecode="1033" />
      </Descriptions>
      <EMailAddress xsi:nil="true"></EMailAddress>
      <SupportingWebsiteUrl xsi:nil="true"></SupportingWebsiteUrl>
      <CustomizationPrefix>msfed</CustomizationPrefix>
      <CustomizationOptionValuePrefix>18844</CustomizationOptionValuePrefix>
      <Addresses>
        <Address>
          <AddressNumber>1</AddressNumber>
          <AddressTypeCode>1</AddressTypeCode>
          <City xsi:nil="true"></City>
          <County xsi:nil="true"></County>
          <Country xsi:nil="true"></Country>
          <Fax xsi:nil="true"></Fax>
          <FreightTermsCode xsi:nil="true"></FreightTermsCode>
          <ImportSequenceNumber xsi:nil="true"></ImportSequenceNumber>
          <Latitude xsi:nil="true"></Latitude>
          <Line1 xsi:nil="true"></Line1>
          <Line2 xsi:nil="true"></Line2>
          <Line3 xsi:nil="true"></Line3>
          <Longitude xsi:nil="true"></Longitude>
          <Name xsi:nil="true"></Name>
          <PostalCode xsi:nil="true"></PostalCode>
          <PostOfficeBox xsi:nil="true"></PostOfficeBox>
          <PrimaryContactName xsi:nil="true"></PrimaryContactName>
          <ShippingMethodCode>1</ShippingMethodCode>
          <StateOrProvince xsi:nil="true"></StateOrProvince>
          <Telephone1 xsi:nil="true"></Telephone1>
          <Telephone2 xsi:nil="true"></Telephone2>
          <Telephone3 xsi:nil="true"></Telephone3>
          <TimeZoneRuleVersionNumber xsi:nil="true"></TimeZoneRuleVersionNumber>
          <UPSZone xsi:nil="true"></UPSZone>
          <UTCOffset xsi:nil="true"></UTCOffset>
          <UTCConversionTimeZoneCode xsi:nil="true"></UTCConversionTimeZoneCode>
        </Address>
        <Address>
          <AddressNumber>2</AddressNumber>
          <AddressTypeCode>1</AddressTypeCode>
          <City xsi:nil="true"></City>
          <County xsi:nil="true"></County>
          <Country xsi:nil="true"></Country>
          <Fax xsi:nil="true"></Fax>
          <FreightTermsCode xsi:nil="true"></FreightTermsCode>
          <ImportSequenceNumber xsi:nil="true"></ImportSequenceNumber>
          <Latitude xsi:nil="true"></Latitude>
          <Line1 xsi:nil="true"></Line1>
          <Line2 xsi:nil="true"></Line2>
          <Line3 xsi:nil="true"></Line3>
          <Longitude xsi:nil="true"></Longitude>
          <Name xsi:nil="true"></Name>
          <PostalCode xsi:nil="true"></PostalCode>
          <PostOfficeBox xsi:nil="true"></PostOfficeBox>
          <PrimaryContactName xsi:nil="true"></PrimaryContactName>
          <ShippingMethodCode>1</ShippingMethodCode>
          <StateOrProvince xsi:nil="true"></StateOrProvince>
          <Telephone1 xsi:nil="true"></Telephone1>
          <Telephone2 xsi:nil="true"></Telephone2>
          <Telephone3 xsi:nil="true"></Telephone3>
          <TimeZoneRuleVersionNumber xsi:nil="true"></TimeZoneRuleVersionNumber>
          <UPSZone xsi:nil="true"></UPSZone>
          <UTCOffset xsi:nil="true"></UTCOffset>
          <UTCConversionTimeZoneCode xsi:nil="true"></UTCConversionTimeZoneCode>
        </Address>
      </Addresses>
    </Publisher>
    <RootComponents>
      <RootComponent type="1" schemaName="contact" behavior="2" />
      <RootComponent type="1" schemaName="govcdm_country" behavior="2" />
      <RootComponent type="1" schemaName="govcdm_location" behavior="2" />
      <RootComponent type="1" schemaName="govcdm_product" behavior="2" />
      <RootComponent type="1" schemaName="govcdm_stateorprovince" behavior="2" />
      <RootComponent type="61" schemaName="msfed_core" behavior="0" />
      <RootComponent type="62" schemaName="msfed_Core" behavior="0" />
      <RootComponent type="80" schemaName="msfed_Core" behavior="0" />
    </RootComponents>
    <MissingDependencies>
      <MissingDependency>
        <Required type="1" schemaName="govcdm_country" displayName="Country" solution="govcdm_core (1.0.0.5)" />
        <Dependent type="1" schemaName="govcdm_country" displayName="Country" />
      </MissingDependency>
      <MissingDependency>
        <Required type="1" schemaName="govcdm_country" displayName="Country" solution="govcdm_core (1.0.0.5)" />
        <Dependent type="62" schemaName="msfed_Core" />
      </MissingDependency>
      <MissingDependency>
        <Required type="1" schemaName="govcdm_country" displayName="Country" solution="govcdm_core (1.0.0.5)" />
        <Dependent type="80" schemaName="msfed_Core" displayName="Core" />
      </MissingDependency>
      <MissingDependency>
        <Required type="1" schemaName="govcdm_location" displayName="Location" solution="govcdm_core (1.0.0.5)" />
        <Dependent type="1" schemaName="govcdm_location" displayName="Location" />
      </MissingDependency>
      <MissingDependency>
        <Required type="1" schemaName="govcdm_location" displayName="Location" solution="govcdm_core (1.0.0.5)" />
        <Dependent type="26" schemaName="Locations" displayName="Locations" parentSchemaName="govcdm_location" parentDisplayName="Location" id="{fa9763a5-a4f5-ee11-a1fd-000d3a3276a9}" />
      </MissingDependency>
      <MissingDependency>
        <Required type="1" schemaName="govcdm_location" displayName="Location" solution="govcdm_core (1.0.0.5)" />
        <Dependent type="60" displayName="Main" parentDisplayName="Location" id="{c0fd8806-8cd5-ee11-9079-0022481c9844}" />
      </MissingDependency>
      <MissingDependency>
        <Required type="1" schemaName="govcdm_location" displayName="Location" solution="govcdm_core (1.0.0.5)" />
        <Dependent type="62" schemaName="msfed_Core" />
      </MissingDependency>
      <MissingDependency>
        <Required type="1" schemaName="govcdm_location" displayName="Location" solution="govcdm_core (1.0.0.5)" />
        <Dependent type="80" schemaName="msfed_Core" displayName="Core" />
      </MissingDependency>
      <MissingDependency>
        <Required type="1" schemaName="govcdm_product" displayName="Product" solution="govcdm_core (1.0.0.5)" />
        <Dependent type="1" schemaName="govcdm_product" displayName="Product" />
      </MissingDependency>
      <MissingDependency>
        <Required type="1" schemaName="govcdm_product" displayName="Product" solution="govcdm_core (1.0.0.5)" />
        <Dependent type="60" displayName="Main" parentDisplayName="Product" id="{1726eac5-47d6-ee11-9079-0022481c9844}" />
      </MissingDependency>
      <MissingDependency>
        <Required type="1" schemaName="govcdm_product" displayName="Product" solution="govcdm_core (1.0.0.5)" />
        <Dependent type="62" schemaName="msfed_Core" />
      </MissingDependency>
      <MissingDependency>
        <Required type="1" schemaName="govcdm_product" displayName="Product" solution="govcdm_core (1.0.0.5)" />
        <Dependent type="80" schemaName="msfed_Core" displayName="Core" />
      </MissingDependency>
      <MissingDependency>
        <Required type="1" schemaName="govcdm_stateorprovince" displayName="State or Province" solution="govcdm_core (1.0.0.5)" />
        <Dependent type="1" schemaName="govcdm_stateorprovince" displayName="State or Province" />
      </MissingDependency>
      <MissingDependency>
        <Required type="1" schemaName="govcdm_stateorprovince" displayName="State or Province" solution="govcdm_core (1.0.0.5)" />
        <Dependent type="26" schemaName="Locations" displayName="Locations" parentSchemaName="govcdm_location" parentDisplayName="Location" id="{fa9763a5-a4f5-ee11-a1fd-000d3a3276a9}" />
      </MissingDependency>
      <MissingDependency>
        <Required type="1" schemaName="govcdm_stateorprovince" displayName="State or Province" solution="govcdm_core (1.0.0.5)" />
        <Dependent type="62" schemaName="msfed_Core" />
      </MissingDependency>
      <MissingDependency>
        <Required type="1" schemaName="govcdm_stateorprovince" displayName="State or Province" solution="govcdm_core (1.0.0.5)" />
        <Dependent type="80" schemaName="msfed_Core" displayName="Core" />
      </MissingDependency>
      <MissingDependency>
        <Required type="10" schemaName="govcdm_govcdm_location_ParentLocation_govcdm_loc" displayName="govcdm_govcdm_location_ParentLocation_govcdm_loc" parentSchemaName="govcdm_location" parentDisplayName="Location" solution="govcdm_core (1.0.0.5)" />
        <Dependent type="60" displayName="Main" parentDisplayName="Location" id="{c0fd8806-8cd5-ee11-9079-0022481c9844}" />
      </MissingDependency>
      <MissingDependency>
        <Required type="10" schemaName="govcdm_govcdm_product_Manufacturer_account" displayName="govcdm_govcdm_product_Manufacturer_account" parentSchemaName="govcdm_product" parentDisplayName="Product" solution="govcdm_core (1.0.0.5)" />
        <Dependent type="60" displayName="Main" parentDisplayName="Product" id="{1726eac5-47d6-ee11-9079-0022481c9844}" />
      </MissingDependency>
      <MissingDependency>
        <Required type="10" schemaName="govcdm_govcdm_product_ParentProduct_govcdm_produ" displayName="govcdm_govcdm_product_ParentProduct_govcdm_produ" parentSchemaName="govcdm_product" parentDisplayName="Product" solution="govcdm_core (1.0.0.5)" />
        <Dependent type="60" displayName="Main" parentDisplayName="Product" id="{1726eac5-47d6-ee11-9079-0022481c9844}" />
      </MissingDependency>
      <MissingDependency>
        <Required type="10" schemaName="govcdm_location_StateorProvince_govcdm_stateorpr" displayName="govcdm_location_StateorProvince_govcdm_stateorpr" parentSchemaName="govcdm_location" parentDisplayName="Location" solution="govcdm_core (1.0.0.5)" />
        <Dependent type="60" displayName="Main" parentDisplayName="Location" id="{c0fd8806-8cd5-ee11-9079-0022481c9844}" />
      </MissingDependency>
      <MissingDependency>
        <Required type="2" schemaName="govcdm_abbreviation" displayName="Abbreviation" parentSchemaName="govcdm_location" parentDisplayName="Location" solution="govcdm_core (1.0.0.5)" />
        <Dependent type="26" schemaName="Locations" displayName="Locations" parentSchemaName="govcdm_location" parentDisplayName="Location" id="{fa9763a5-a4f5-ee11-a1fd-000d3a3276a9}" />
      </MissingDependency>
      <MissingDependency>
        <Required type="2" schemaName="govcdm_abbreviation" displayName="Abbreviation" parentSchemaName="govcdm_location" parentDisplayName="Location" solution="govcdm_core (1.0.0.5)" />
        <Dependent type="60" displayName="Main" parentDisplayName="Location" id="{c0fd8806-8cd5-ee11-9079-0022481c9844}" />
      </MissingDependency>
      <MissingDependency>
        <Required type="2" schemaName="govcdm_abbreviation" displayName="Abbreviation" parentSchemaName="govcdm_stateorprovince" parentDisplayName="State or Province" solution="govcdm_core (1.0.0.5)" />
        <Dependent type="26" schemaName="Locations" displayName="Locations" parentSchemaName="govcdm_location" parentDisplayName="Location" id="{fa9763a5-a4f5-ee11-a1fd-000d3a3276a9}" />
      </MissingDependency>
      <MissingDependency>
        <Required type="2" schemaName="govcdm_addressline1" displayName="Address Line 1" parentSchemaName="govcdm_location" parentDisplayName="Location" solution="govcdm_core (1.0.0.5)" />
        <Dependent type="26" schemaName="Locations" displayName="Locations" parentSchemaName="govcdm_location" parentDisplayName="Location" id="{fa9763a5-a4f5-ee11-a1fd-000d3a3276a9}" />
      </MissingDependency>
      <MissingDependency>
        <Required type="2" schemaName="govcdm_addressline1" displayName="Address Line 1" parentSchemaName="govcdm_location" parentDisplayName="Location" solution="govcdm_core (1.0.0.5)" />
        <Dependent type="60" displayName="Main" parentDisplayName="Location" id="{c0fd8806-8cd5-ee11-9079-0022481c9844}" />
      </MissingDependency>
      <MissingDependency>
        <Required type="2" schemaName="govcdm_addressline2" displayName="Address Line 2" parentSchemaName="govcdm_location" parentDisplayName="Location" solution="govcdm_core (1.0.0.5)" />
        <Dependent type="26" schemaName="Locations" displayName="Locations" parentSchemaName="govcdm_location" parentDisplayName="Location" id="{fa9763a5-a4f5-ee11-a1fd-000d3a3276a9}" />
      </MissingDependency>
      <MissingDependency>
        <Required type="2" schemaName="govcdm_addressline2" displayName="Address Line 2" parentSchemaName="govcdm_location" parentDisplayName="Location" solution="govcdm_core (1.0.0.5)" />
        <Dependent type="60" displayName="Main" parentDisplayName="Location" id="{c0fd8806-8cd5-ee11-9079-0022481c9844}" />
      </MissingDependency>
      <MissingDependency>
        <Required type="2" schemaName="govcdm_city" displayName="City" parentSchemaName="govcdm_location" parentDisplayName="Location" solution="govcdm_core (1.0.0.5)" />
        <Dependent type="26" schemaName="Locations" displayName="Locations" parentSchemaName="govcdm_location" parentDisplayName="Location" id="{fa9763a5-a4f5-ee11-a1fd-000d3a3276a9}" />
      </MissingDependency>
      <MissingDependency>
        <Required type="2" schemaName="govcdm_city" displayName="City" parentSchemaName="govcdm_location" parentDisplayName="Location" solution="govcdm_core (1.0.0.5)" />
        <Dependent type="60" displayName="Main" parentDisplayName="Location" id="{c0fd8806-8cd5-ee11-9079-0022481c9844}" />
      </MissingDependency>
      <MissingDependency>
        <Required type="2" schemaName="govcdm_description" displayName="Description" parentSchemaName="govcdm_product" parentDisplayName="Product" solution="govcdm_core (1.0.0.5)" />
        <Dependent type="60" displayName="Main" parentDisplayName="Product" id="{1726eac5-47d6-ee11-9079-0022481c9844}" />
      </MissingDependency>
      <MissingDependency>
        <Required type="2" schemaName="govcdm_locationid" displayName="Location" parentSchemaName="govcdm_location" parentDisplayName="Location" solution="govcdm_core (1.0.0.5)" />
        <Dependent type="26" schemaName="Locations" displayName="Locations" parentSchemaName="govcdm_location" parentDisplayName="Location" id="{fa9763a5-a4f5-ee11-a1fd-000d3a3276a9}" />
      </MissingDependency>
      <MissingDependency>
        <Required type="2" schemaName="govcdm_mainphone" displayName="Main Phone" parentSchemaName="govcdm_location" parentDisplayName="Location" solution="govcdm_core (1.0.0.5)" />
        <Dependent type="26" schemaName="Locations" displayName="Locations" parentSchemaName="govcdm_location" parentDisplayName="Location" id="{fa9763a5-a4f5-ee11-a1fd-000d3a3276a9}" />
      </MissingDependency>
      <MissingDependency>
        <Required type="2" schemaName="govcdm_mainphone" displayName="Main Phone" parentSchemaName="govcdm_location" parentDisplayName="Location" solution="govcdm_core (1.0.0.5)" />
        <Dependent type="60" displayName="Main" parentDisplayName="Location" id="{c0fd8806-8cd5-ee11-9079-0022481c9844}" />
      </MissingDependency>
      <MissingDependency>
        <Required type="2" schemaName="govcdm_manufacturer" displayName="Manufacturer" parentSchemaName="govcdm_product" parentDisplayName="Product" solution="govcdm_core (1.0.0.5)" />
        <Dependent type="60" displayName="Main" parentDisplayName="Product" id="{1726eac5-47d6-ee11-9079-0022481c9844}" />
      </MissingDependency>
      <MissingDependency>
        <Required type="2" schemaName="govcdm_name" displayName="Name" parentSchemaName="govcdm_location" parentDisplayName="Location" solution="govcdm_core (1.0.0.5)" />
        <Dependent type="26" schemaName="Locations" displayName="Locations" parentSchemaName="govcdm_location" parentDisplayName="Location" id="{fa9763a5-a4f5-ee11-a1fd-000d3a3276a9}" />
      </MissingDependency>
      <MissingDependency>
        <Required type="2" schemaName="govcdm_name" displayName="Name" parentSchemaName="govcdm_location" parentDisplayName="Location" solution="govcdm_core (1.0.0.5)" />
        <Dependent type="60" displayName="Main" parentDisplayName="Location" id="{c0fd8806-8cd5-ee11-9079-0022481c9844}" />
      </MissingDependency>
      <MissingDependency>
        <Required type="2" schemaName="govcdm_name" displayName="Name" parentSchemaName="govcdm_product" parentDisplayName="Product" solution="govcdm_core (1.0.0.5)" />
        <Dependent type="60" displayName="Main" parentDisplayName="Product" id="{1726eac5-47d6-ee11-9079-0022481c9844}" />
      </MissingDependency>
      <MissingDependency>
        <Required type="2" schemaName="govcdm_parentlocation" displayName="Parent Location" parentSchemaName="govcdm_location" parentDisplayName="Location" solution="govcdm_core (1.0.0.5)" />
        <Dependent type="60" displayName="Main" parentDisplayName="Location" id="{c0fd8806-8cd5-ee11-9079-0022481c9844}" />
      </MissingDependency>
      <MissingDependency>
        <Required type="2" schemaName="govcdm_parentproduct" displayName="Parent Product" parentSchemaName="govcdm_product" parentDisplayName="Product" solution="govcdm_core (1.0.0.5)" />
        <Dependent type="60" displayName="Main" parentDisplayName="Product" id="{1726eac5-47d6-ee11-9079-0022481c9844}" />
      </MissingDependency>
      <MissingDependency>
        <Required type="2" schemaName="govcdm_postalcode" displayName="Postal Code" parentSchemaName="govcdm_location" parentDisplayName="Location" solution="govcdm_core (1.0.0.5)" />
        <Dependent type="26" schemaName="Locations" displayName="Locations" parentSchemaName="govcdm_location" parentDisplayName="Location" id="{fa9763a5-a4f5-ee11-a1fd-000d3a3276a9}" />
      </MissingDependency>
      <MissingDependency>
        <Required type="2" schemaName="govcdm_postalcode" displayName="Postal Code" parentSchemaName="govcdm_location" parentDisplayName="Location" solution="govcdm_core (1.0.0.5)" />
        <Dependent type="60" displayName="Main" parentDisplayName="Location" id="{c0fd8806-8cd5-ee11-9079-0022481c9844}" />
      </MissingDependency>
      <MissingDependency>
        <Required type="2" schemaName="govcdm_productnumber" displayName="Product Number" parentSchemaName="govcdm_product" parentDisplayName="Product" solution="govcdm_core (1.0.0.5)" />
        <Dependent type="60" displayName="Main" parentDisplayName="Product" id="{1726eac5-47d6-ee11-9079-0022481c9844}" />
      </MissingDependency>
      <MissingDependency>
        <Required type="2" schemaName="govcdm_stateorprovince" displayName="State or Province" parentSchemaName="govcdm_location" parentDisplayName="Location" solution="govcdm_core (1.0.0.5)" />
        <Dependent type="26" schemaName="Locations" displayName="Locations" parentSchemaName="govcdm_location" parentDisplayName="Location" id="{fa9763a5-a4f5-ee11-a1fd-000d3a3276a9}" />
      </MissingDependency>
      <MissingDependency>
        <Required type="2" schemaName="govcdm_stateorprovince" displayName="State or Province" parentSchemaName="govcdm_location" parentDisplayName="Location" solution="govcdm_core (1.0.0.5)" />
        <Dependent type="60" displayName="Main" parentDisplayName="Location" id="{c0fd8806-8cd5-ee11-9079-0022481c9844}" />
      </MissingDependency>
      <MissingDependency>
        <Required type="2" schemaName="govcdm_stateorprovinceid" displayName="State or Province" parentSchemaName="govcdm_stateorprovince" parentDisplayName="State or Province" solution="govcdm_core (1.0.0.5)" />
        <Dependent type="26" schemaName="Locations" displayName="Locations" parentSchemaName="govcdm_location" parentDisplayName="Location" id="{fa9763a5-a4f5-ee11-a1fd-000d3a3276a9}" />
      </MissingDependency>
      <MissingDependency>
        <Required type="2" schemaName="govcdm_unitofissue" displayName="Unit of Issue" parentSchemaName="govcdm_product" parentDisplayName="Product" solution="govcdm_core (1.0.0.5)" />
        <Dependent type="60" displayName="Main" parentDisplayName="Product" id="{1726eac5-47d6-ee11-9079-0022481c9844}" />
      </MissingDependency>
      <MissingDependency>
        <Required type="2" schemaName="govcdm_unitprice" displayName="Unit Price" parentSchemaName="govcdm_product" parentDisplayName="Product" solution="govcdm_core (1.0.0.5)" />
        <Dependent type="60" displayName="Main" parentDisplayName="Product" id="{1726eac5-47d6-ee11-9079-0022481c9844}" />
      </MissingDependency>
      <MissingDependency>
        <Required type="2" schemaName="govcdm_url" displayName="URL" parentSchemaName="govcdm_product" parentDisplayName="Product" solution="govcdm_core (1.0.0.5)" />
        <Dependent type="60" displayName="Main" parentDisplayName="Product" id="{1726eac5-47d6-ee11-9079-0022481c9844}" />
      </MissingDependency>
      <MissingDependency>
        <Required type="2" schemaName="ownerid" displayName="Owner" parentSchemaName="govcdm_location" parentDisplayName="Location" solution="Active" />
        <Dependent type="60" displayName="Main" parentDisplayName="Location" id="{c0fd8806-8cd5-ee11-9079-0022481c9844}" />
      </MissingDependency>
      <MissingDependency>
        <Required type="2" schemaName="ownerid" displayName="Owner" parentSchemaName="govcdm_product" parentDisplayName="Product" solution="Active" />
        <Dependent type="60" displayName="Main" parentDisplayName="Product" id="{1726eac5-47d6-ee11-9079-0022481c9844}" />
      </MissingDependency>
      <MissingDependency>
        <Required type="26" schemaName="Active Products" displayName="Active Products" parentSchemaName="govcdm_product" parentDisplayName="Product" solution="govcdm_core (1.0.0.5)" id="{ba625fea-c61d-41dd-80d2-4cadf4e4f600}" />
        <Dependent type="60" displayName="Main" parentDisplayName="Product" id="{1726eac5-47d6-ee11-9079-0022481c9844}" />
      </MissingDependency>
      <MissingDependency>
        <Required type="61" schemaName="msdyn_/Images/AppModule_Default_Icon.png" displayName="msdyn_/Images/AppModule_Default_Icon.png" solution="AppModuleWebResources (2.5)" />
        <Dependent type="80" schemaName="msfed_Core" displayName="Core" />
      </MissingDependency>
      <MissingDependency>
        <Required type="SettingDefinition" displayName="AppChannel" solution="msdyn_AppFrameworkInfraExtensions (1.0.0.7)" id.uniquename="AppChannel" />
        <Dependent type="AppSetting" displayName="parentappmoduleid.uniquename=msfed_Core,settingdefinitionid.uniquename=AppChannel" id.parentappmoduleid.uniquename="msfed_Core" id.settingdefinitionid.uniquename="AppChannel" />
      </MissingDependency>
    </MissingDependencies>
  </SolutionManifest>
</ImportExportXml>