<powerpagecomponent powerpagecomponentid="6103143e-7b75-4a3a-90b9-1959130e2ae1">
  <content>{"displayorder":10,"enabletracking":false,"excludefromsearch":true,"hiddenfromsitemap":false,"parentpageid":"4c0dafbd-c00f-48ac-9b6a-890cb257d854","partialurl":"portalbasictheme.css","publishingstateid":"bb41cbbb-c85a-4db5-a56e-a669cb132666"}</content>
  <filecontent mimetype="application/octet-stream">portalbasictheme.css</filecontent>
  <iscustomizable>1</iscustomizable>
  <name>portalbasictheme.css</name>
  <powerpagecomponenttype>3</powerpagecomponenttype>
  <powerpagesiteid>
    <powerpagesiteid>add6fceb-252c-456e-bead-89dbed3b19c5</powerpagesiteid>
  </powerpagesiteid>
  <statecode>0</statecode>
  <statuscode>1</statuscode>
</powerpagecomponent>