<powerpagecomponent powerpagecomponentid="29db2a16-bfdf-4719-a2b9-20c3614cd522">
  <content>{
  "source": "&lt;!-- USWDS Government Page Template --&gt;\r\n&lt;main id=\"mainContent\" class=\"usa-main wrapper-body\" role=\"main\"&gt;\r\n  &lt;div class=\"usa-container container\"&gt;\r\n    \r\n    &lt;!-- Breadcrumb Navigation --&gt;\r\n    &lt;nav class=\"usa-breadcrumb\" aria-label=\"Breadcrumbs\"&gt;\r\n      &lt;ol class=\"usa-breadcrumb__list\"&gt;\r\n        &lt;li class=\"usa-breadcrumb__list-item\"&gt;\r\n          &lt;a href=\"/\" class=\"usa-breadcrumb__link\"&gt;Home&lt;/a&gt;\r\n        &lt;/li&gt;\r\n        &lt;li class=\"usa-breadcrumb__list-item usa-current\" aria-current=\"page\"&gt;\r\n          &lt;span&gt;{{ page.adx_name | default: \"Current Page\" }}&lt;/span&gt;\r\n        &lt;/li&gt;\r\n      &lt;/ol&gt;\r\n    &lt;/nav&gt;\r\n\r\n    &lt;div class=\"grid-row grid-gap\"&gt;\r\n      \r\n      &lt;!-- Main Content Area --&gt;\r\n      &lt;div class=\"grid-col-12 tablet:grid-col-8\"&gt;\r\n        \r\n        &lt;!-- Page Header --&gt;\r\n        &lt;div class=\"usa-prose\"&gt;\r\n          &lt;h1&gt;{{ page.adx_name | default: \"Page Title\" }}&lt;/h1&gt;\r\n          \r\n          {% if page.adx_summary %}\r\n          &lt;p class=\"usa-intro\"&gt;{{ page.adx_summary }}&lt;/p&gt;\r\n          {% endif %}\r\n        &lt;/div&gt;\r\n        \r\n        &lt;!-- Main Page Content --&gt;\r\n        &lt;div class=\"page-copy usa-prose\"&gt;\r\n          {% editable page 'adx_copy' type: 'html', liquid: true %}\r\n        &lt;/div&gt;\r\n        \r\n        &lt;!-- Sample USWDS Components (for demonstration) --&gt;\r\n        &lt;div class=\"usa-prose\"&gt;\r\n          \r\n          &lt;!-- Alert Example --&gt;\r\n          &lt;div class=\"usa-alert usa-alert--info\"&gt;\r\n            &lt;div class=\"usa-alert__body\"&gt;\r\n              &lt;h4 class=\"usa-alert__heading\"&gt;Informational status&lt;/h4&gt;\r\n              &lt;p class=\"usa-alert__text\"&gt;This is a sample USWDS alert component. You can customize these for your needs.&lt;/p&gt;\r\n            &lt;/div&gt;\r\n          &lt;/div&gt;\r\n          \r\n          &lt;!-- Process List Example --&gt;\r\n          &lt;h3&gt;How to use this portal&lt;/h3&gt;\r\n          &lt;ol class=\"usa-process-list\"&gt;\r\n            &lt;li class=\"usa-process-list__item\"&gt;\r\n              &lt;h4 class=\"usa-process-list__heading\"&gt;Create an account&lt;/h4&gt;\r\n              &lt;p&gt;Register for a new account to access portal services.&lt;/p&gt;\r\n            &lt;/li&gt;\r\n            &lt;li class=\"usa-process-list__item\"&gt;\r\n              &lt;h4 class=\"usa-process-list__heading\"&gt;Complete your profile&lt;/h4&gt;\r\n              &lt;p&gt;Provide necessary information to personalize your experience.&lt;/p&gt;\r\n            &lt;/li&gt;\r\n            &lt;li class=\"usa-process-list__item\"&gt;\r\n              &lt;h4 class=\"usa-process-list__heading\"&gt;Access services&lt;/h4&gt;\r\n              &lt;p&gt;Browse available government services and resources.&lt;/p&gt;\r\n            &lt;/li&gt;\r\n          &lt;/ol&gt;\r\n          \r\n          &lt;!-- Card Example --&gt;\r\n          &lt;div class=\"usa-card\"&gt;\r\n            &lt;div class=\"usa-card__container\"&gt;\r\n              &lt;div class=\"usa-card__header\"&gt;\r\n                &lt;h3 class=\"usa-card__heading\"&gt;Featured Service&lt;/h3&gt;\r\n              &lt;/div&gt;\r\n              &lt;div class=\"usa-card__body\"&gt;\r\n                &lt;p&gt;This is an example of a USWDS card component that you can use to highlight important information or services.&lt;/p&gt;\r\n                &lt;a href=\"#\" class=\"usa-button usa-button--outline\"&gt;Learn More&lt;/a&gt;\r\n              &lt;/div&gt;\r\n            &lt;/div&gt;\r\n          &lt;/div&gt;\r\n          \r\n        &lt;/div&gt;\r\n        \r\n      &lt;/div&gt;\r\n      \r\n      &lt;!-- Sidebar --&gt;\r\n      &lt;div class=\"grid-col-12 tablet:grid-col-4\"&gt;\r\n        \r\n        &lt;!-- Quick Links Card --&gt;\r\n        &lt;div class=\"usa-card\"&gt;\r\n          &lt;div class=\"usa-card__container\"&gt;\r\n            &lt;div class=\"usa-card__header\"&gt;\r\n              &lt;h3 class=\"usa-card__heading\"&gt;Quick Links&lt;/h3&gt;\r\n            &lt;/div&gt;\r\n            &lt;div class=\"usa-card__body\"&gt;\r\n              &lt;ul class=\"usa-list usa-list--unstyled\"&gt;\r\n                &lt;li&gt;&lt;a href=\"#\"&gt;Forms and Applications&lt;/a&gt;&lt;/li&gt;\r\n                &lt;li&gt;&lt;a href=\"#\"&gt;Contact Information&lt;/a&gt;&lt;/li&gt;\r\n                &lt;li&gt;&lt;a href=\"#\"&gt;Help and Support&lt;/a&gt;&lt;/li&gt;\r\n                &lt;li&gt;&lt;a href=\"#\"&gt;Accessibility Statement&lt;/a&gt;&lt;/li&gt;\r\n              &lt;/ul&gt;\r\n            &lt;/div&gt;\r\n          &lt;/div&gt;\r\n        &lt;/div&gt;\r\n        \r\n        &lt;!-- Contact Information --&gt;\r\n        &lt;div class=\"usa-summary-box\"&gt;\r\n          &lt;div class=\"usa-summary-box__body\"&gt;\r\n            &lt;h3 class=\"usa-summary-box__heading\"&gt;Need Help?&lt;/h3&gt;\r\n            &lt;div class=\"usa-summary-box__text\"&gt;\r\n              &lt;p&gt;Contact our support team for assistance:&lt;/p&gt;\r\n              &lt;p&gt;&lt;strong&gt;Phone:&lt;/strong&gt; (555) 123-4567&lt;br&gt;\r\n                 &lt;strong&gt;Email:&lt;/strong&gt; support@agency.gov&lt;/p&gt;\r\n            &lt;/div&gt;\r\n          &lt;/div&gt;\r\n        &lt;/div&gt;\r\n        \r\n      &lt;/div&gt;\r\n      \r\n    &lt;/div&gt;\r\n  &lt;/div&gt;\r\n&lt;/main&gt;"
}</content>
  <iscustomizable>1</iscustomizable>
  <name>USWDS Page Template</name>
  <powerpagecomponenttype>8</powerpagecomponenttype>
  <powerpagesiteid>
    <powerpagesiteid>add6fceb-252c-456e-bead-89dbed3b19c5</powerpagesiteid>
  </powerpagesiteid>
  <statecode>0</statecode>
  <statuscode>1</statuscode>
</powerpagecomponent>