<botcomponent schemaname="msfed_projectTrackingBot.topic.MultipleTopicsMatched">
  <componenttype>9</componenttype>
  <description>This system topic triggers when the bot matches multiple Topics with the incoming message and needs to clarify which one should be triggered.</description>
  <iscustomizable>0</iscustomizable>
  <name>Multiple Topics Matched</name>
  <parentbotid>
    <schemaname>msfed_projectTrackingBot</schemaname>
  </parentbotid>
  <statecode>0</statecode>
  <statuscode>1</statuscode>
</botcomponent>