﻿<?xml version="1.0" encoding="utf-8"?>
<ImportExportXml version="9.2.23083.184" SolutionPackageVersion="9.2" languagecode="1033" generatedBy="CrmLive" xmlns:xsi="http://www.w3.org/2001/XMLSchema-instance">
  <SolutionManifest>
    <UniqueName>msfed_processandtasking</UniqueName>
    <LocalizedNames>
      <LocalizedName description="Microsoft Federal - Process and Tasking" languagecode="1033" />
    </LocalizedNames>
    <Descriptions />
    <Version>1.0.0.3</Version>
    <Managed>1</Managed>
    <Publisher>
      <UniqueName>microsoftfederal</UniqueName>
      <LocalizedNames>
        <LocalizedName description="microsoftfederal" languagecode="1033" />
      </LocalizedNames>
      <Descriptions>
        <Description description="microsoftfederal" languagecode="1033" />
      </Descriptions>
      <EMailAddress xsi:nil="true"></EMailAddress>
      <SupportingWebsiteUrl xsi:nil="true"></SupportingWebsiteUrl>
      <CustomizationPrefix>msfed</CustomizationPrefix>
      <CustomizationOptionValuePrefix>18844</CustomizationOptionValuePrefix>
      <Addresses>
        <Address>
          <AddressNumber>1</AddressNumber>
          <AddressTypeCode>1</AddressTypeCode>
          <City xsi:nil="true"></City>
          <County xsi:nil="true"></County>
          <Country xsi:nil="true"></Country>
          <Fax xsi:nil="true"></Fax>
          <FreightTermsCode xsi:nil="true"></FreightTermsCode>
          <ImportSequenceNumber xsi:nil="true"></ImportSequenceNumber>
          <Latitude xsi:nil="true"></Latitude>
          <Line1 xsi:nil="true"></Line1>
          <Line2 xsi:nil="true"></Line2>
          <Line3 xsi:nil="true"></Line3>
          <Longitude xsi:nil="true"></Longitude>
          <Name xsi:nil="true"></Name>
          <PostalCode xsi:nil="true"></PostalCode>
          <PostOfficeBox xsi:nil="true"></PostOfficeBox>
          <PrimaryContactName xsi:nil="true"></PrimaryContactName>
          <ShippingMethodCode>1</ShippingMethodCode>
          <StateOrProvince xsi:nil="true"></StateOrProvince>
          <Telephone1 xsi:nil="true"></Telephone1>
          <Telephone2 xsi:nil="true"></Telephone2>
          <Telephone3 xsi:nil="true"></Telephone3>
          <TimeZoneRuleVersionNumber xsi:nil="true"></TimeZoneRuleVersionNumber>
          <UPSZone xsi:nil="true"></UPSZone>
          <UTCOffset xsi:nil="true"></UTCOffset>
          <UTCConversionTimeZoneCode xsi:nil="true"></UTCConversionTimeZoneCode>
        </Address>
        <Address>
          <AddressNumber>2</AddressNumber>
          <AddressTypeCode>1</AddressTypeCode>
          <City xsi:nil="true"></City>
          <County xsi:nil="true"></County>
          <Country xsi:nil="true"></Country>
          <Fax xsi:nil="true"></Fax>
          <FreightTermsCode xsi:nil="true"></FreightTermsCode>
          <ImportSequenceNumber xsi:nil="true"></ImportSequenceNumber>
          <Latitude xsi:nil="true"></Latitude>
          <Line1 xsi:nil="true"></Line1>
          <Line2 xsi:nil="true"></Line2>
          <Line3 xsi:nil="true"></Line3>
          <Longitude xsi:nil="true"></Longitude>
          <Name xsi:nil="true"></Name>
          <PostalCode xsi:nil="true"></PostalCode>
          <PostOfficeBox xsi:nil="true"></PostOfficeBox>
          <PrimaryContactName xsi:nil="true"></PrimaryContactName>
          <ShippingMethodCode>1</ShippingMethodCode>
          <StateOrProvince xsi:nil="true"></StateOrProvince>
          <Telephone1 xsi:nil="true"></Telephone1>
          <Telephone2 xsi:nil="true"></Telephone2>
          <Telephone3 xsi:nil="true"></Telephone3>
          <TimeZoneRuleVersionNumber xsi:nil="true"></TimeZoneRuleVersionNumber>
          <UPSZone xsi:nil="true"></UPSZone>
          <UTCOffset xsi:nil="true"></UTCOffset>
          <UTCConversionTimeZoneCode xsi:nil="true"></UTCConversionTimeZoneCode>
        </Address>
      </Addresses>
    </Publisher>
    <RootComponents>
      <RootComponent type="1" schemaName="contact" behavior="2" />
      <RootComponent type="1" schemaName="govcdm_actionassignment" behavior="2" />
      <RootComponent type="1" schemaName="govcdm_dataform" behavior="2" />
      <RootComponent type="1" schemaName="govcdm_processstep" behavior="2" />
      <RootComponent type="29" id="{b116753d-5b40-ee11-bdf3-000d3a5a7dcf}" behavior="0" />
      <RootComponent type="300" schemaName="msfed_dataforms_77fdb" behavior="0" />
      <RootComponent type="300" schemaName="msfed_processandtaskingperson_0e3ac" behavior="0" />
      <RootComponent type="60" id="{99a3c479-6540-ee11-bdf3-000d3a5a7dcf}" behavior="0" />
      <RootComponent type="62" schemaName="msfed_ProcessandTasking" behavior="0" />
      <RootComponent type="80" schemaName="msfed_ProcessandTasking" behavior="0" />
    </RootComponents>
    <MissingDependencies>
      <MissingDependency>
        <Required type="1" schemaName="govcdm_actionassignment" displayName="Action Assignment" solution="govcdm_processandtasking (1.0.0.4)" />
        <Dependent type="1" schemaName="govcdm_actionassignment" displayName="Action Assignment" />
      </MissingDependency>
      <MissingDependency>
        <Required type="1" schemaName="govcdm_actionassignment" displayName="Action Assignment" solution="govcdm_processandtasking (1.0.0.4)" />
        <Dependent type="29" displayName="MSF - Process and Tasking - Create from Template" id="{b116753d-5b40-ee11-bdf3-000d3a5a7dcf}" />
      </MissingDependency>
      <MissingDependency>
        <Required type="1" schemaName="govcdm_actionassignment" displayName="Action Assignment" solution="govcdm_processandtasking (1.0.0.4)" />
        <Dependent type="300" schemaName="msfed_dataforms_77fdb" displayName="Data Forms" />
      </MissingDependency>
      <MissingDependency>
        <Required type="1" schemaName="govcdm_actionassignment" displayName="Action Assignment" solution="govcdm_processandtasking (1.0.0.4)" />
        <Dependent type="300" schemaName="msfed_processandtaskingperson_0e3ac" displayName="Process and Tasking - Person" />
      </MissingDependency>
      <MissingDependency>
        <Required type="1" schemaName="govcdm_actionassignment" displayName="Action Assignment" solution="govcdm_processandtasking (1.0.0.4)" />
        <Dependent type="60" displayName="Person - Process and Tasking" parentDisplayName="Person" id="{28d2abed-a33f-ee11-bdf3-000d3a5a7dcf}" />
      </MissingDependency>
      <MissingDependency>
        <Required type="1" schemaName="govcdm_actionassignment" displayName="Action Assignment" solution="govcdm_processandtasking (1.0.0.4)" />
        <Dependent type="60" displayName="Action Items" id="{99a3c479-6540-ee11-bdf3-000d3a5a7dcf}" />
      </MissingDependency>
      <MissingDependency>
        <Required type="1" schemaName="govcdm_actionassignment" displayName="Action Assignment" solution="govcdm_processandtasking (1.0.0.4)" />
        <Dependent type="62" schemaName="msfed_ProcessandTasking" />
      </MissingDependency>
      <MissingDependency>
        <Required type="1" schemaName="govcdm_actionassignment" displayName="Action Assignment" solution="govcdm_processandtasking (1.0.0.4)" />
        <Dependent type="80" schemaName="msfed_ProcessandTasking" displayName="Process and Tasking" />
      </MissingDependency>
      <MissingDependency>
        <Required type="1" schemaName="govcdm_dataform" displayName="Data Form" solution="govcdm_processandtasking (1.0.0.4)" />
        <Dependent type="1" schemaName="govcdm_dataform" displayName="Data Form" />
      </MissingDependency>
      <MissingDependency>
        <Required type="1" schemaName="govcdm_dataform" displayName="Data Form" solution="govcdm_processandtasking (1.0.0.4)" />
        <Dependent type="26" schemaName="Process Templates" displayName="Process Templates" parentSchemaName="govcdm_processstep" parentDisplayName="Process Step" id="{c7c56eeb-5d40-ee11-bdf3-000d3a5a7dcf}" />
      </MissingDependency>
      <MissingDependency>
        <Required type="1" schemaName="govcdm_dataform" displayName="Data Form" solution="govcdm_processandtasking (1.0.0.4)" />
        <Dependent type="300" schemaName="msfed_dataforms_77fdb" displayName="Data Forms" />
      </MissingDependency>
      <MissingDependency>
        <Required type="1" schemaName="govcdm_dataform" displayName="Data Form" solution="govcdm_processandtasking (1.0.0.4)" />
        <Dependent type="62" schemaName="msfed_ProcessandTasking" />
      </MissingDependency>
      <MissingDependency>
        <Required type="1" schemaName="govcdm_dataform" displayName="Data Form" solution="govcdm_processandtasking (1.0.0.4)" />
        <Dependent type="80" schemaName="msfed_ProcessandTasking" displayName="Process and Tasking" />
      </MissingDependency>
      <MissingDependency>
        <Required type="1" schemaName="govcdm_processstep" displayName="Process Step" solution="govcdm_processandtasking (1.0.0.4)" />
        <Dependent type="1" schemaName="govcdm_processstep" displayName="Process Step" />
      </MissingDependency>
      <MissingDependency>
        <Required type="1" schemaName="govcdm_processstep" displayName="Process Step" solution="govcdm_processandtasking (1.0.0.4)" />
        <Dependent type="26" schemaName="Process Templates" displayName="Process Templates" parentSchemaName="govcdm_processstep" parentDisplayName="Process Step" id="{c7c56eeb-5d40-ee11-bdf3-000d3a5a7dcf}" />
      </MissingDependency>
      <MissingDependency>
        <Required type="1" schemaName="govcdm_processstep" displayName="Process Step" solution="govcdm_processandtasking (1.0.0.4)" />
        <Dependent type="29" displayName="MSF - Process and Tasking - Create from Template" id="{b116753d-5b40-ee11-bdf3-000d3a5a7dcf}" />
      </MissingDependency>
      <MissingDependency>
        <Required type="1" schemaName="govcdm_processstep" displayName="Process Step" solution="govcdm_processandtasking (1.0.0.4)" />
        <Dependent type="300" schemaName="msfed_dataforms_77fdb" displayName="Data Forms" />
      </MissingDependency>
      <MissingDependency>
        <Required type="1" schemaName="govcdm_processstep" displayName="Process Step" solution="govcdm_processandtasking (1.0.0.4)" />
        <Dependent type="60" displayName="Quick Create" parentDisplayName="Process Step" id="{2e70a5c7-2340-ee11-bdf3-000d3a5a7dcf}" />
      </MissingDependency>
      <MissingDependency>
        <Required type="1" schemaName="govcdm_processstep" displayName="Process Step" solution="govcdm_processandtasking (1.0.0.4)" />
        <Dependent type="60" displayName="Quick View" parentDisplayName="Process Step" id="{77ab057c-6840-ee11-bdf3-000d3a5a7dcf}" />
      </MissingDependency>
      <MissingDependency>
        <Required type="1" schemaName="govcdm_processstep" displayName="Process Step" solution="govcdm_processandtasking (1.0.0.4)" />
        <Dependent type="62" schemaName="msfed_ProcessandTasking" />
      </MissingDependency>
      <MissingDependency>
        <Required type="1" schemaName="govcdm_processstep" displayName="Process Step" solution="govcdm_processandtasking (1.0.0.4)" />
        <Dependent type="80" schemaName="msfed_ProcessandTasking" displayName="Process and Tasking" />
      </MissingDependency>
      <MissingDependency>
        <Required type="10" schemaName="govcdm_govcdm_actionassignment_ParentActionAssig" displayName="govcdm_govcdm_actionassignment_ParentActionAssig" parentSchemaName="govcdm_actionassignment" parentDisplayName="Action Assignment" solution="govcdm_processandtasking (1.0.0.4)" />
        <Dependent type="60" displayName="Information" parentDisplayName="Action Assignment" id="{6ebf4fb0-26a2-4285-b342-255b791ecb0e}" />
      </MissingDependency>
      <MissingDependency>
        <Required type="10" schemaName="govcdm_govcdm_actionassignment_ProcessStep_govcd" displayName="govcdm_govcdm_actionassignment_ProcessStep_govcd" parentSchemaName="govcdm_actionassignment" parentDisplayName="Action Assignment" solution="govcdm_processandtasking (1.0.0.4)" />
        <Dependent type="60" displayName="Information" parentDisplayName="Action Assignment" id="{6ebf4fb0-26a2-4285-b342-255b791ecb0e}" />
      </MissingDependency>
      <MissingDependency>
        <Required type="10" schemaName="govcdm_govcdm_processstep_DataForm_govcdm_datafo" displayName="govcdm_govcdm_processstep_DataForm_govcdm_datafo" parentSchemaName="govcdm_processstep" parentDisplayName="Process Step" solution="govcdm_processandtasking (1.0.0.4)" />
        <Dependent type="60" displayName="Information" parentDisplayName="Process Step" id="{fac918e4-ab15-4993-a5d7-53482f8ec45c}" />
      </MissingDependency>
      <MissingDependency>
        <Required type="10" schemaName="govcdm_govcdm_processstep_ParentProcessStep_govc" displayName="govcdm_govcdm_processstep_ParentProcessStep_govc" parentSchemaName="govcdm_processstep" parentDisplayName="Process Step" solution="govcdm_processandtasking (1.0.0.4)" />
        <Dependent type="60" displayName="Quick Create" parentDisplayName="Process Step" id="{2e70a5c7-2340-ee11-bdf3-000d3a5a7dcf}" />
      </MissingDependency>
      <MissingDependency>
        <Required type="10" schemaName="govcdm_govcdm_processstep_ParentProcessStep_govc" displayName="govcdm_govcdm_processstep_ParentProcessStep_govc" parentSchemaName="govcdm_processstep" parentDisplayName="Process Step" solution="govcdm_processandtasking (1.0.0.4)" />
        <Dependent type="60" displayName="Information" parentDisplayName="Process Step" id="{fac918e4-ab15-4993-a5d7-53482f8ec45c}" />
      </MissingDependency>
      <MissingDependency>
        <Required type="2" schemaName="createdon" displayName="Created On" parentSchemaName="govcdm_processstep" parentDisplayName="Process Step" solution="govcdm_processandtasking (1.0.0.4)" />
        <Dependent type="26" schemaName="Process / Step Lookup View" displayName="Process / Step Lookup View" parentSchemaName="govcdm_processstep" parentDisplayName="Process Step" id="{bb894760-9ed2-4342-83f3-e59a11acf6d0}" />
      </MissingDependency>
      <MissingDependency>
        <Required type="2" schemaName="govcdm_actiontype" displayName="Action Type" parentSchemaName="govcdm_actionassignment" parentDisplayName="Action Assignment" solution="govcdm_processandtasking (1.0.0.4)" />
        <Dependent type="60" displayName="Information" parentDisplayName="Action Assignment" id="{6ebf4fb0-26a2-4285-b342-255b791ecb0e}" />
      </MissingDependency>
      <MissingDependency>
        <Required type="2" schemaName="govcdm_baseurl" displayName="Base URL" parentSchemaName="govcdm_dataform" parentDisplayName="Data Form" solution="govcdm_processandtasking (1.0.0.4)" />
        <Dependent type="26" schemaName="Process Templates" displayName="Process Templates" parentSchemaName="govcdm_processstep" parentDisplayName="Process Step" id="{c7c56eeb-5d40-ee11-bdf3-000d3a5a7dcf}" />
      </MissingDependency>
      <MissingDependency>
        <Required type="2" schemaName="govcdm_baseurl" displayName="Base URL" parentSchemaName="govcdm_dataform" parentDisplayName="Data Form" solution="govcdm_processandtasking (1.0.0.4)" />
        <Dependent type="60" displayName="Information" parentDisplayName="Data Form" id="{54a3e317-0400-4bd8-8ea3-46b5ac10e319}" />
      </MissingDependency>
      <MissingDependency>
        <Required type="2" schemaName="govcdm_dataform" displayName="Data Form" parentSchemaName="govcdm_processstep" parentDisplayName="Process Step" solution="govcdm_processandtasking (1.0.0.4)" />
        <Dependent type="26" schemaName="Process Templates" displayName="Process Templates" parentSchemaName="govcdm_processstep" parentDisplayName="Process Step" id="{c7c56eeb-5d40-ee11-bdf3-000d3a5a7dcf}" />
      </MissingDependency>
      <MissingDependency>
        <Required type="2" schemaName="govcdm_dataform" displayName="Data Form" parentSchemaName="govcdm_processstep" parentDisplayName="Process Step" solution="govcdm_processandtasking (1.0.0.4)" />
        <Dependent type="60" displayName="Information" parentDisplayName="Process Step" id="{fac918e4-ab15-4993-a5d7-53482f8ec45c}" />
      </MissingDependency>
      <MissingDependency>
        <Required type="2" schemaName="govcdm_dataformid" displayName="Data Form" parentSchemaName="govcdm_dataform" parentDisplayName="Data Form" solution="govcdm_processandtasking (1.0.0.4)" />
        <Dependent type="26" schemaName="Process Templates" displayName="Process Templates" parentSchemaName="govcdm_processstep" parentDisplayName="Process Step" id="{c7c56eeb-5d40-ee11-bdf3-000d3a5a7dcf}" />
      </MissingDependency>
      <MissingDependency>
        <Required type="2" schemaName="govcdm_details" displayName="Details" parentSchemaName="govcdm_processstep" parentDisplayName="Process Step" solution="govcdm_processandtasking (1.0.0.4)" />
        <Dependent type="26" schemaName="Process Templates" displayName="Process Templates" parentSchemaName="govcdm_processstep" parentDisplayName="Process Step" id="{c7c56eeb-5d40-ee11-bdf3-000d3a5a7dcf}" />
      </MissingDependency>
      <MissingDependency>
        <Required type="2" schemaName="govcdm_details" displayName="Details" parentSchemaName="govcdm_processstep" parentDisplayName="Process Step" solution="govcdm_processandtasking (1.0.0.4)" />
        <Dependent type="60" displayName="Quick Create" parentDisplayName="Process Step" id="{2e70a5c7-2340-ee11-bdf3-000d3a5a7dcf}" />
      </MissingDependency>
      <MissingDependency>
        <Required type="2" schemaName="govcdm_details" displayName="Details" parentSchemaName="govcdm_processstep" parentDisplayName="Process Step" solution="govcdm_processandtasking (1.0.0.4)" />
        <Dependent type="60" displayName="Quick View" parentDisplayName="Process Step" id="{77ab057c-6840-ee11-bdf3-000d3a5a7dcf}" />
      </MissingDependency>
      <MissingDependency>
        <Required type="2" schemaName="govcdm_details" displayName="Details" parentSchemaName="govcdm_processstep" parentDisplayName="Process Step" solution="govcdm_processandtasking (1.0.0.4)" />
        <Dependent type="60" displayName="Information" parentDisplayName="Process Step" id="{fac918e4-ab15-4993-a5d7-53482f8ec45c}" />
      </MissingDependency>
      <MissingDependency>
        <Required type="2" schemaName="govcdm_name" displayName="Name" parentSchemaName="govcdm_dataform" parentDisplayName="Data Form" solution="govcdm_processandtasking (1.0.0.4)" />
        <Dependent type="60" displayName="Information" parentDisplayName="Data Form" id="{54a3e317-0400-4bd8-8ea3-46b5ac10e319}" />
      </MissingDependency>
      <MissingDependency>
        <Required type="2" schemaName="govcdm_name" displayName="Name" parentSchemaName="govcdm_processstep" parentDisplayName="Process Step" solution="govcdm_processandtasking (1.0.0.4)" />
        <Dependent type="26" schemaName="Process / Step Lookup View" displayName="Process / Step Lookup View" parentSchemaName="govcdm_processstep" parentDisplayName="Process Step" id="{bb894760-9ed2-4342-83f3-e59a11acf6d0}" />
      </MissingDependency>
      <MissingDependency>
        <Required type="2" schemaName="govcdm_name" displayName="Name" parentSchemaName="govcdm_processstep" parentDisplayName="Process Step" solution="govcdm_processandtasking (1.0.0.4)" />
        <Dependent type="26" schemaName="Process Templates" displayName="Process Templates" parentSchemaName="govcdm_processstep" parentDisplayName="Process Step" id="{c7c56eeb-5d40-ee11-bdf3-000d3a5a7dcf}" />
      </MissingDependency>
      <MissingDependency>
        <Required type="2" schemaName="govcdm_name" displayName="Name" parentSchemaName="govcdm_processstep" parentDisplayName="Process Step" solution="govcdm_processandtasking (1.0.0.4)" />
        <Dependent type="60" displayName="Quick Create" parentDisplayName="Process Step" id="{2e70a5c7-2340-ee11-bdf3-000d3a5a7dcf}" />
      </MissingDependency>
      <MissingDependency>
        <Required type="2" schemaName="govcdm_name" displayName="Name" parentSchemaName="govcdm_processstep" parentDisplayName="Process Step" solution="govcdm_processandtasking (1.0.0.4)" />
        <Dependent type="60" displayName="Information" parentDisplayName="Process Step" id="{fac918e4-ab15-4993-a5d7-53482f8ec45c}" />
      </MissingDependency>
      <MissingDependency>
        <Required type="2" schemaName="govcdm_parentactionassignment" displayName="Parent Action Assignment" parentSchemaName="govcdm_actionassignment" parentDisplayName="Action Assignment" solution="govcdm_processandtasking (1.0.0.4)" />
        <Dependent type="60" displayName="Information" parentDisplayName="Action Assignment" id="{6ebf4fb0-26a2-4285-b342-255b791ecb0e}" />
      </MissingDependency>
      <MissingDependency>
        <Required type="2" schemaName="govcdm_parentprocessstep" displayName="Parent Process Step" parentSchemaName="govcdm_processstep" parentDisplayName="Process Step" solution="govcdm_processandtasking (1.0.0.4)" />
        <Dependent type="26" schemaName="Process / Step Lookup View" displayName="Process / Step Lookup View" parentSchemaName="govcdm_processstep" parentDisplayName="Process Step" id="{bb894760-9ed2-4342-83f3-e59a11acf6d0}" />
      </MissingDependency>
      <MissingDependency>
        <Required type="2" schemaName="govcdm_parentprocessstep" displayName="Parent Process Step" parentSchemaName="govcdm_processstep" parentDisplayName="Process Step" solution="govcdm_processandtasking (1.0.0.4)" />
        <Dependent type="26" schemaName="Process Templates" displayName="Process Templates" parentSchemaName="govcdm_processstep" parentDisplayName="Process Step" id="{c7c56eeb-5d40-ee11-bdf3-000d3a5a7dcf}" />
      </MissingDependency>
      <MissingDependency>
        <Required type="2" schemaName="govcdm_parentprocessstep" displayName="Parent Process Step" parentSchemaName="govcdm_processstep" parentDisplayName="Process Step" solution="govcdm_processandtasking (1.0.0.4)" />
        <Dependent type="60" displayName="Quick Create" parentDisplayName="Process Step" id="{2e70a5c7-2340-ee11-bdf3-000d3a5a7dcf}" />
      </MissingDependency>
      <MissingDependency>
        <Required type="2" schemaName="govcdm_parentprocessstep" displayName="Parent Process Step" parentSchemaName="govcdm_processstep" parentDisplayName="Process Step" solution="govcdm_processandtasking (1.0.0.4)" />
        <Dependent type="60" displayName="Information" parentDisplayName="Process Step" id="{fac918e4-ab15-4993-a5d7-53482f8ec45c}" />
      </MissingDependency>
      <MissingDependency>
        <Required type="2" schemaName="govcdm_processstep" displayName="Process Step" parentSchemaName="govcdm_actionassignment" parentDisplayName="Action Assignment" solution="govcdm_processandtasking (1.0.0.4)" />
        <Dependent type="29" displayName="MSF - Process and Tasking - Create from Template" id="{b116753d-5b40-ee11-bdf3-000d3a5a7dcf}" />
      </MissingDependency>
      <MissingDependency>
        <Required type="2" schemaName="govcdm_processstep" displayName="Process Step" parentSchemaName="govcdm_actionassignment" parentDisplayName="Action Assignment" solution="govcdm_processandtasking (1.0.0.4)" />
        <Dependent type="60" displayName="Information" parentDisplayName="Action Assignment" id="{6ebf4fb0-26a2-4285-b342-255b791ecb0e}" />
      </MissingDependency>
      <MissingDependency>
        <Required type="2" schemaName="govcdm_processstepid" displayName="Process Step" parentSchemaName="govcdm_processstep" parentDisplayName="Process Step" solution="govcdm_processandtasking (1.0.0.4)" />
        <Dependent type="26" schemaName="Process / Step Lookup View" displayName="Process / Step Lookup View" parentSchemaName="govcdm_processstep" parentDisplayName="Process Step" id="{bb894760-9ed2-4342-83f3-e59a11acf6d0}" />
      </MissingDependency>
      <MissingDependency>
        <Required type="2" schemaName="govcdm_processstepid" displayName="Process Step" parentSchemaName="govcdm_processstep" parentDisplayName="Process Step" solution="govcdm_processandtasking (1.0.0.4)" />
        <Dependent type="26" schemaName="Process Templates" displayName="Process Templates" parentSchemaName="govcdm_processstep" parentDisplayName="Process Step" id="{c7c56eeb-5d40-ee11-bdf3-000d3a5a7dcf}" />
      </MissingDependency>
      <MissingDependency>
        <Required type="2" schemaName="govcdm_processsteptype" displayName="Process Step Type" parentSchemaName="govcdm_processstep" parentDisplayName="Process Step" solution="govcdm_processandtasking (1.0.0.4)" />
        <Dependent type="26" schemaName="Process Templates" displayName="Process Templates" parentSchemaName="govcdm_processstep" parentDisplayName="Process Step" id="{c7c56eeb-5d40-ee11-bdf3-000d3a5a7dcf}" />
      </MissingDependency>
      <MissingDependency>
        <Required type="2" schemaName="govcdm_processsteptype" displayName="Process Step Type" parentSchemaName="govcdm_processstep" parentDisplayName="Process Step" solution="govcdm_processandtasking (1.0.0.4)" />
        <Dependent type="60" displayName="Quick Create" parentDisplayName="Process Step" id="{2e70a5c7-2340-ee11-bdf3-000d3a5a7dcf}" />
      </MissingDependency>
      <MissingDependency>
        <Required type="2" schemaName="govcdm_processsteptype" displayName="Process Step Type" parentSchemaName="govcdm_processstep" parentDisplayName="Process Step" solution="govcdm_processandtasking (1.0.0.4)" />
        <Dependent type="60" displayName="Information" parentDisplayName="Process Step" id="{fac918e4-ab15-4993-a5d7-53482f8ec45c}" />
      </MissingDependency>
      <MissingDependency>
        <Required type="2" schemaName="govcdm_schemaname" displayName="Schema Name" parentSchemaName="govcdm_dataform" parentDisplayName="Data Form" solution="govcdm_processandtasking (1.0.0.4)" />
        <Dependent type="60" displayName="Information" parentDisplayName="Data Form" id="{54a3e317-0400-4bd8-8ea3-46b5ac10e319}" />
      </MissingDependency>
      <MissingDependency>
        <Required type="2" schemaName="ownerid" displayName="Owner" parentSchemaName="govcdm_actionassignment" parentDisplayName="Action Assignment" solution="Active" />
        <Dependent type="60" displayName="Information" parentDisplayName="Action Assignment" id="{6ebf4fb0-26a2-4285-b342-255b791ecb0e}" />
      </MissingDependency>
      <MissingDependency>
        <Required type="2" schemaName="ownerid" displayName="Owner" parentSchemaName="govcdm_dataform" parentDisplayName="Data Form" solution="Active" />
        <Dependent type="60" displayName="Information" parentDisplayName="Data Form" id="{54a3e317-0400-4bd8-8ea3-46b5ac10e319}" />
      </MissingDependency>
      <MissingDependency>
        <Required type="2" schemaName="ownerid" displayName="Owner" parentSchemaName="govcdm_processstep" parentDisplayName="Process Step" solution="Active" />
        <Dependent type="60" displayName="Information" parentDisplayName="Process Step" id="{fac918e4-ab15-4993-a5d7-53482f8ec45c}" />
      </MissingDependency>
      <MissingDependency>
        <Required type="2" schemaName="prioritycode" displayName="Priority" parentSchemaName="govcdm_actionassignment" parentDisplayName="Action Assignment" solution="govcdm_processandtasking (1.0.0.4)" />
        <Dependent type="60" displayName="Information" parentDisplayName="Action Assignment" id="{6ebf4fb0-26a2-4285-b342-255b791ecb0e}" />
      </MissingDependency>
      <MissingDependency>
        <Required type="2" schemaName="regardingobjectid" displayName="Regarding" parentSchemaName="govcdm_actionassignment" parentDisplayName="Action Assignment" solution="Active" />
        <Dependent type="60" displayName="Information" parentDisplayName="Action Assignment" id="{6ebf4fb0-26a2-4285-b342-255b791ecb0e}" />
      </MissingDependency>
      <MissingDependency>
        <Required type="2" schemaName="scheduledend" displayName="Due Date" parentSchemaName="govcdm_actionassignment" parentDisplayName="Action Assignment" solution="govcdm_processandtasking (1.0.0.4)" />
        <Dependent type="60" displayName="Information" parentDisplayName="Action Assignment" id="{6ebf4fb0-26a2-4285-b342-255b791ecb0e}" />
      </MissingDependency>
      <MissingDependency>
        <Required type="2" schemaName="statecode" displayName="Activity Status" parentSchemaName="govcdm_actionassignment" parentDisplayName="Action Assignment" solution="govcdm_processandtasking (1.0.0.4)" />
        <Dependent type="60" displayName="Information" parentDisplayName="Action Assignment" id="{6ebf4fb0-26a2-4285-b342-255b791ecb0e}" />
      </MissingDependency>
      <MissingDependency>
        <Required type="2" schemaName="statecode" displayName="Status" parentSchemaName="govcdm_processstep" parentDisplayName="Process Step" solution="govcdm_processandtasking (1.0.0.4)" />
        <Dependent type="26" schemaName="Process / Step Lookup View" displayName="Process / Step Lookup View" parentSchemaName="govcdm_processstep" parentDisplayName="Process Step" id="{bb894760-9ed2-4342-83f3-e59a11acf6d0}" />
      </MissingDependency>
      <MissingDependency>
        <Required type="2" schemaName="statecode" displayName="Status" parentSchemaName="govcdm_processstep" parentDisplayName="Process Step" solution="govcdm_processandtasking (1.0.0.4)" />
        <Dependent type="26" schemaName="Process Templates" displayName="Process Templates" parentSchemaName="govcdm_processstep" parentDisplayName="Process Step" id="{c7c56eeb-5d40-ee11-bdf3-000d3a5a7dcf}" />
      </MissingDependency>
      <MissingDependency>
        <Required type="2" schemaName="subject" displayName="Subject" parentSchemaName="govcdm_actionassignment" parentDisplayName="Action Assignment" solution="govcdm_processandtasking (1.0.0.4)" />
        <Dependent type="60" displayName="Information" parentDisplayName="Action Assignment" id="{6ebf4fb0-26a2-4285-b342-255b791ecb0e}" />
      </MissingDependency>
      <MissingDependency>
        <Required type="26" schemaName="Active Processes / Steps" displayName="Active Processes / Steps" parentSchemaName="govcdm_processstep" parentDisplayName="Process Step" solution="govcdm_processandtasking (1.0.0.4)" id="{0c0182d3-6a27-4819-9d2f-8b784993de9a}" />
        <Dependent type="60" displayName="Information" parentDisplayName="Process Step" id="{fac918e4-ab15-4993-a5d7-53482f8ec45c}" />
      </MissingDependency>
      <MissingDependency>
        <Required type="26" schemaName="All Action Assignments" displayName="All Action Assignments" parentSchemaName="govcdm_actionassignment" parentDisplayName="Action Assignment" solution="govcdm_processandtasking (1.0.0.4)" id="{77e7e754-367c-4db1-9a98-442057efe829}" />
        <Dependent type="60" displayName="Person - Process and Tasking" parentDisplayName="Person" id="{28d2abed-a33f-ee11-bdf3-000d3a5a7dcf}" />
      </MissingDependency>
      <MissingDependency>
        <Required type="26" schemaName="All Action Assignments" displayName="All Action Assignments" parentSchemaName="govcdm_actionassignment" parentDisplayName="Action Assignment" solution="govcdm_processandtasking (1.0.0.4)" id="{77e7e754-367c-4db1-9a98-442057efe829}" />
        <Dependent type="60" displayName="Information" parentDisplayName="Action Assignment" id="{6ebf4fb0-26a2-4285-b342-255b791ecb0e}" />
      </MissingDependency>
      <MissingDependency>
        <Required type="26" schemaName="All Action Assignments" displayName="All Action Assignments" parentSchemaName="govcdm_actionassignment" parentDisplayName="Action Assignment" solution="govcdm_processandtasking (1.0.0.4)" id="{77e7e754-367c-4db1-9a98-442057efe829}" />
        <Dependent type="60" displayName="Action Items" id="{99a3c479-6540-ee11-bdf3-000d3a5a7dcf}" />
      </MissingDependency>
      <MissingDependency>
        <Required type="26" schemaName="My Open Action Assignments" displayName="My Open Action Assignments" parentSchemaName="govcdm_actionassignment" parentDisplayName="Action Assignment" solution="govcdm_processandtasking (1.0.0.4)" id="{c820b5e7-dc3b-4953-a188-8fa99aa53caf}" />
        <Dependent type="60" displayName="Person - Process and Tasking" parentDisplayName="Person" id="{28d2abed-a33f-ee11-bdf3-000d3a5a7dcf}" />
      </MissingDependency>
      <MissingDependency>
        <Required type="26" schemaName="My Open Action Assignments" displayName="My Open Action Assignments" parentSchemaName="govcdm_actionassignment" parentDisplayName="Action Assignment" solution="govcdm_processandtasking (1.0.0.4)" id="{c820b5e7-dc3b-4953-a188-8fa99aa53caf}" />
        <Dependent type="60" displayName="Information" parentDisplayName="Action Assignment" id="{6ebf4fb0-26a2-4285-b342-255b791ecb0e}" />
      </MissingDependency>
      <MissingDependency>
        <Required type="26" schemaName="My Open Action Assignments" displayName="My Open Action Assignments" parentSchemaName="govcdm_actionassignment" parentDisplayName="Action Assignment" solution="govcdm_processandtasking (1.0.0.4)" id="{c820b5e7-dc3b-4953-a188-8fa99aa53caf}" />
        <Dependent type="60" displayName="Action Items" id="{99a3c479-6540-ee11-bdf3-000d3a5a7dcf}" />
      </MissingDependency>
      <MissingDependency>
        <Required type="26" schemaName="Process / Step Advanced Find View" displayName="Process / Step Advanced Find View" parentSchemaName="govcdm_processstep" parentDisplayName="Process Step" solution="govcdm_processandtasking (1.0.0.4)" id="{7dab73c7-6ae1-4739-8f85-48ef1a814709}" />
        <Dependent type="80" schemaName="msfed_ProcessandTasking" displayName="Process and Tasking" />
      </MissingDependency>
      <MissingDependency>
        <Required type="26" schemaName="Process / Step Associated View" displayName="Process / Step Associated View" parentSchemaName="govcdm_processstep" parentDisplayName="Process Step" solution="govcdm_processandtasking (1.0.0.4)" id="{0b10e62b-c88c-4f08-96f8-5b5223524f8f}" />
        <Dependent type="80" schemaName="msfed_ProcessandTasking" displayName="Process and Tasking" />
      </MissingDependency>
      <MissingDependency>
        <Required type="26" schemaName="Process / Step Lookup View" displayName="Process / Step Lookup View" parentSchemaName="govcdm_processstep" parentDisplayName="Process Step" solution="govcdm_processandtasking (1.0.0.4)" id="{bb894760-9ed2-4342-83f3-e59a11acf6d0}" />
        <Dependent type="26" schemaName="Process / Step Lookup View" displayName="Process / Step Lookup View" parentSchemaName="govcdm_processstep" parentDisplayName="Process Step" id="{bb894760-9ed2-4342-83f3-e59a11acf6d0}" />
      </MissingDependency>
      <MissingDependency>
        <Required type="26" schemaName="Quick Find Active Processes / Steps" displayName="Quick Find Active Processes / Steps" parentSchemaName="govcdm_processstep" parentDisplayName="Process Step" solution="govcdm_processandtasking (1.0.0.4)" id="{02fe129d-ce83-43d6-afba-950ed066948c}" />
        <Dependent type="80" schemaName="msfed_ProcessandTasking" displayName="Process and Tasking" />
      </MissingDependency>
      <MissingDependency>
        <Required type="60" displayName="Information" parentDisplayName="Data Form" solution="govcdm_processandtasking (1.0.0.4)" id="{54a3e317-0400-4bd8-8ea3-46b5ac10e319}" />
        <Dependent type="60" displayName="Information" parentDisplayName="Data Form" id="{54a3e317-0400-4bd8-8ea3-46b5ac10e319}" />
      </MissingDependency>
      <MissingDependency>
        <Required type="60" displayName="Information" parentDisplayName="Action Assignment" solution="govcdm_processandtasking (1.0.0.4)" id="{6ebf4fb0-26a2-4285-b342-255b791ecb0e}" />
        <Dependent type="60" displayName="Information" parentDisplayName="Action Assignment" id="{6ebf4fb0-26a2-4285-b342-255b791ecb0e}" />
      </MissingDependency>
      <MissingDependency>
        <Required type="60" displayName="Information" parentDisplayName="Process Step" solution="govcdm_processandtasking (1.0.0.4)" id="{fac918e4-ab15-4993-a5d7-53482f8ec45c}" />
        <Dependent type="60" displayName="Information" parentDisplayName="Process Step" id="{fac918e4-ab15-4993-a5d7-53482f8ec45c}" />
      </MissingDependency>
      <MissingDependency>
        <Required type="61" schemaName="msdyn_/Images/AppModule_Default_Icon.png" displayName="msdyn_/Images/AppModule_Default_Icon.png" solution="AppModuleWebResources (2.5)" />
        <Dependent type="80" schemaName="msfed_ProcessandTasking" displayName="Process and Tasking" />
      </MissingDependency>
    </MissingDependencies>
  </SolutionManifest>
</ImportExportXml>