﻿<?xml version="1.0" encoding="utf-8"?>
<ImportExportXml version="9.2.25083.183" SolutionPackageVersion="9.2" languagecode="1033" generatedBy="CrmLive" xmlns:xsi="http://www.w3.org/2001/XMLSchema-instance" OrganizationVersion="9.2.25083.183" OrganizationSchemaType="Standard" CRMServerServiceabilityVersion="9.2.25084.00181">
  <SolutionManifest>
    <UniqueName>msgov_workplacedispute</UniqueName>
    <LocalizedNames>
      <LocalizedName description="Microsoft Gov - Workplace Dispute" languagecode="1033" />
    </LocalizedNames>
    <Descriptions />
    <Version>1.1.0.0</Version>
    <Managed>0</Managed>
    <Publisher>
      <UniqueName>msgovsolutions</UniqueName>
      <LocalizedNames>
        <LocalizedName description="Microsoft Gov" languagecode="1033" />
      </LocalizedNames>
      <Descriptions>
        <Description description="Microsoft Government Solutions" languagecode="1033" />
      </Descriptions>
      <EMailAddress xsi:nil="true"></EMailAddress>
      <SupportingWebsiteUrl xsi:nil="true"></SupportingWebsiteUrl>
      <CustomizationPrefix>msgov</CustomizationPrefix>
      <CustomizationOptionValuePrefix>18844</CustomizationOptionValuePrefix>
      <Addresses>
        <Address>
          <AddressNumber>1</AddressNumber>
          <AddressTypeCode>1</AddressTypeCode>
          <City xsi:nil="true"></City>
          <County xsi:nil="true"></County>
          <Country xsi:nil="true"></Country>
          <Fax xsi:nil="true"></Fax>
          <FreightTermsCode xsi:nil="true"></FreightTermsCode>
          <ImportSequenceNumber xsi:nil="true"></ImportSequenceNumber>
          <Latitude xsi:nil="true"></Latitude>
          <Line1 xsi:nil="true"></Line1>
          <Line2 xsi:nil="true"></Line2>
          <Line3 xsi:nil="true"></Line3>
          <Longitude xsi:nil="true"></Longitude>
          <Name xsi:nil="true"></Name>
          <PostalCode xsi:nil="true"></PostalCode>
          <PostOfficeBox xsi:nil="true"></PostOfficeBox>
          <PrimaryContactName xsi:nil="true"></PrimaryContactName>
          <ShippingMethodCode>1</ShippingMethodCode>
          <StateOrProvince xsi:nil="true"></StateOrProvince>
          <Telephone1 xsi:nil="true"></Telephone1>
          <Telephone2 xsi:nil="true"></Telephone2>
          <Telephone3 xsi:nil="true"></Telephone3>
          <TimeZoneRuleVersionNumber xsi:nil="true"></TimeZoneRuleVersionNumber>
          <UPSZone xsi:nil="true"></UPSZone>
          <UTCOffset xsi:nil="true"></UTCOffset>
          <UTCConversionTimeZoneCode xsi:nil="true"></UTCConversionTimeZoneCode>
        </Address>
        <Address>
          <AddressNumber>2</AddressNumber>
          <AddressTypeCode>1</AddressTypeCode>
          <City xsi:nil="true"></City>
          <County xsi:nil="true"></County>
          <Country xsi:nil="true"></Country>
          <Fax xsi:nil="true"></Fax>
          <FreightTermsCode xsi:nil="true"></FreightTermsCode>
          <ImportSequenceNumber xsi:nil="true"></ImportSequenceNumber>
          <Latitude xsi:nil="true"></Latitude>
          <Line1 xsi:nil="true"></Line1>
          <Line2 xsi:nil="true"></Line2>
          <Line3 xsi:nil="true"></Line3>
          <Longitude xsi:nil="true"></Longitude>
          <Name xsi:nil="true"></Name>
          <PostalCode xsi:nil="true"></PostalCode>
          <PostOfficeBox xsi:nil="true"></PostOfficeBox>
          <PrimaryContactName xsi:nil="true"></PrimaryContactName>
          <ShippingMethodCode>1</ShippingMethodCode>
          <StateOrProvince xsi:nil="true"></StateOrProvince>
          <Telephone1 xsi:nil="true"></Telephone1>
          <Telephone2 xsi:nil="true"></Telephone2>
          <Telephone3 xsi:nil="true"></Telephone3>
          <TimeZoneRuleVersionNumber xsi:nil="true"></TimeZoneRuleVersionNumber>
          <UPSZone xsi:nil="true"></UPSZone>
          <UTCOffset xsi:nil="true"></UTCOffset>
          <UTCConversionTimeZoneCode xsi:nil="true"></UTCConversionTimeZoneCode>
        </Address>
      </Addresses>
    </Publisher>
    <RootComponents>
      <RootComponent type="1" schemaName="govcdm_adr" behavior="2" />
      <RootComponent type="1" schemaName="govcdm_adrperson" behavior="2" />
      <RootComponent type="1" schemaName="govcdm_adrsession" behavior="2" />
      <RootComponent type="1" schemaName="govcdm_eeocase" behavior="2" />
      <RootComponent type="1" schemaName="govcdm_eeocaseclaim" behavior="2" />
      <RootComponent type="1" schemaName="govcdm_eeocasedecision" behavior="2" />
      <RootComponent type="1" schemaName="govcdm_eeocaseinvestigation" behavior="2" />
      <RootComponent type="1" schemaName="govcdm_eeocaseperson" behavior="2" />
      <RootComponent type="1" schemaName="govcdm_eeoinquiry" behavior="2" />
      <RootComponent type="1" schemaName="govcdm_harassmentcase" behavior="2" />
      <RootComponent type="1" schemaName="govcdm_harassmentcaseclaim" behavior="2" />
      <RootComponent type="1" schemaName="govcdm_harassmentcasedecision" behavior="2" />
      <RootComponent type="1" schemaName="govcdm_harassmentcaseinvestigation" behavior="2" />
      <RootComponent type="1" schemaName="govcdm_harassmentcaseperson" behavior="2" />
      <RootComponent type="1" schemaName="govcdm_harassmentinquiry" behavior="2" />
      <RootComponent type="62" schemaName="msgov_WorkplaceDispute" behavior="0" />
      <RootComponent type="80" schemaName="msgov_WorkplaceDispute" behavior="0" />
    </RootComponents>
    <MissingDependencies>
      <MissingDependency>
        <Required type="1" schemaName="govcdm_adr" displayName="ADR" solution="govcdm_workplacedispute (1.0.0.1)" />
        <Dependent type="1" schemaName="govcdm_adr" displayName="ADR" />
      </MissingDependency>
      <MissingDependency>
        <Required type="1" schemaName="govcdm_adr" displayName="ADR" solution="govcdm_workplacedispute (1.0.0.1)" />
        <Dependent type="60" displayName="Main" parentDisplayName="ADR" id="{3af17835-d3f1-ee11-904b-000d3a8cbc95}" />
      </MissingDependency>
      <MissingDependency>
        <Required type="1" schemaName="govcdm_adr" displayName="ADR" solution="govcdm_workplacedispute (1.0.0.1)" />
        <Dependent type="62" schemaName="msgov_WorkplaceDispute" />
      </MissingDependency>
      <MissingDependency>
        <Required type="1" schemaName="govcdm_adr" displayName="ADR" solution="govcdm_workplacedispute (1.0.0.1)" />
        <Dependent type="80" schemaName="msgov_WorkplaceDispute" displayName="Workplace Dispute" />
      </MissingDependency>
      <MissingDependency>
        <Required type="1" schemaName="govcdm_adrperson" displayName="ADR Person" solution="govcdm_workplacedispute (1.0.0.1)" />
        <Dependent type="1" schemaName="govcdm_adrperson" displayName="ADR Person" />
      </MissingDependency>
      <MissingDependency>
        <Required type="1" schemaName="govcdm_adrperson" displayName="ADR Person" solution="govcdm_workplacedispute (1.0.0.1)" />
        <Dependent type="60" displayName="Main" parentDisplayName="ADR Person" id="{d8a35a47-d3f1-ee11-904b-000d3a8cbc95}" />
      </MissingDependency>
      <MissingDependency>
        <Required type="1" schemaName="govcdm_adrperson" displayName="ADR Person" solution="govcdm_workplacedispute (1.0.0.1)" />
        <Dependent type="62" schemaName="msgov_WorkplaceDispute" />
      </MissingDependency>
      <MissingDependency>
        <Required type="1" schemaName="govcdm_adrperson" displayName="ADR Person" solution="govcdm_workplacedispute (1.0.0.1)" />
        <Dependent type="80" schemaName="msgov_WorkplaceDispute" displayName="Workplace Dispute" />
      </MissingDependency>
      <MissingDependency>
        <Required type="1" schemaName="govcdm_adrsession" displayName="ADR Session" solution="govcdm_workplacedispute (1.0.0.1)" />
        <Dependent type="1" schemaName="govcdm_adrsession" displayName="ADR Session" />
      </MissingDependency>
      <MissingDependency>
        <Required type="1" schemaName="govcdm_adrsession" displayName="ADR Session" solution="govcdm_workplacedispute (1.0.0.1)" />
        <Dependent type="60" displayName="Main" parentDisplayName="ADR Session" id="{8ff77c5c-d3f1-ee11-904b-000d3a8cbc95}" />
      </MissingDependency>
      <MissingDependency>
        <Required type="1" schemaName="govcdm_adrsession" displayName="ADR Session" solution="govcdm_workplacedispute (1.0.0.1)" />
        <Dependent type="62" schemaName="msgov_WorkplaceDispute" />
      </MissingDependency>
      <MissingDependency>
        <Required type="1" schemaName="govcdm_adrsession" displayName="ADR Session" solution="govcdm_workplacedispute (1.0.0.1)" />
        <Dependent type="80" schemaName="msgov_WorkplaceDispute" displayName="Workplace Dispute" />
      </MissingDependency>
      <MissingDependency>
        <Required type="1" schemaName="govcdm_eeocase" displayName="EEO Case" solution="govcdm_workplacedispute (1.0.0.1)" />
        <Dependent type="1" schemaName="govcdm_eeocase" displayName="EEO Case" />
      </MissingDependency>
      <MissingDependency>
        <Required type="1" schemaName="govcdm_eeocase" displayName="EEO Case" solution="govcdm_workplacedispute (1.0.0.1)" />
        <Dependent type="60" displayName="Main" parentDisplayName="EEO Case" id="{f94db471-d3f1-ee11-904b-000d3a8cbc95}" />
      </MissingDependency>
      <MissingDependency>
        <Required type="1" schemaName="govcdm_eeocase" displayName="EEO Case" solution="govcdm_workplacedispute (1.0.0.1)" />
        <Dependent type="62" schemaName="msgov_WorkplaceDispute" />
      </MissingDependency>
      <MissingDependency>
        <Required type="1" schemaName="govcdm_eeocase" displayName="EEO Case" solution="govcdm_workplacedispute (1.0.0.1)" />
        <Dependent type="80" schemaName="msgov_WorkplaceDispute" displayName="Workplace Dispute" />
      </MissingDependency>
      <MissingDependency>
        <Required type="1" schemaName="govcdm_eeocaseclaim" displayName="EEO Case Claim" solution="govcdm_workplacedispute (1.0.0.1)" />
        <Dependent type="1" schemaName="govcdm_eeocaseclaim" displayName="EEO Case Claim" />
      </MissingDependency>
      <MissingDependency>
        <Required type="1" schemaName="govcdm_eeocaseclaim" displayName="EEO Case Claim" solution="govcdm_workplacedispute (1.0.0.1)" />
        <Dependent type="60" displayName="Main" parentDisplayName="EEO Case Claim" id="{5fa9c383-d3f1-ee11-904b-000d3a8cbc95}" />
      </MissingDependency>
      <MissingDependency>
        <Required type="1" schemaName="govcdm_eeocaseclaim" displayName="EEO Case Claim" solution="govcdm_workplacedispute (1.0.0.1)" />
        <Dependent type="62" schemaName="msgov_WorkplaceDispute" />
      </MissingDependency>
      <MissingDependency>
        <Required type="1" schemaName="govcdm_eeocaseclaim" displayName="EEO Case Claim" solution="govcdm_workplacedispute (1.0.0.1)" />
        <Dependent type="80" schemaName="msgov_WorkplaceDispute" displayName="Workplace Dispute" />
      </MissingDependency>
      <MissingDependency>
        <Required type="1" schemaName="govcdm_eeocasedecision" displayName="EEO Case Decision" solution="govcdm_workplacedispute (1.0.0.1)" />
        <Dependent type="1" schemaName="govcdm_eeocasedecision" displayName="EEO Case Decision" />
      </MissingDependency>
      <MissingDependency>
        <Required type="1" schemaName="govcdm_eeocasedecision" displayName="EEO Case Decision" solution="govcdm_workplacedispute (1.0.0.1)" />
        <Dependent type="60" displayName="Main" parentDisplayName="EEO Case Decision" id="{6b682996-d3f1-ee11-904b-000d3a8cbc95}" />
      </MissingDependency>
      <MissingDependency>
        <Required type="1" schemaName="govcdm_eeocasedecision" displayName="EEO Case Decision" solution="govcdm_workplacedispute (1.0.0.1)" />
        <Dependent type="62" schemaName="msgov_WorkplaceDispute" />
      </MissingDependency>
      <MissingDependency>
        <Required type="1" schemaName="govcdm_eeocasedecision" displayName="EEO Case Decision" solution="govcdm_workplacedispute (1.0.0.1)" />
        <Dependent type="80" schemaName="msgov_WorkplaceDispute" displayName="Workplace Dispute" />
      </MissingDependency>
      <MissingDependency>
        <Required type="1" schemaName="govcdm_eeocaseinvestigation" displayName="EEO Case Investigation" solution="govcdm_workplacedispute (1.0.0.1)" />
        <Dependent type="1" schemaName="govcdm_eeocaseinvestigation" displayName="EEO Case Investigation" />
      </MissingDependency>
      <MissingDependency>
        <Required type="1" schemaName="govcdm_eeocaseinvestigation" displayName="EEO Case Investigation" solution="govcdm_workplacedispute (1.0.0.1)" />
        <Dependent type="60" displayName="Main" parentDisplayName="EEO Case Investigation" id="{a72d21a2-d3f1-ee11-904b-000d3a8cbc95}" />
      </MissingDependency>
      <MissingDependency>
        <Required type="1" schemaName="govcdm_eeocaseinvestigation" displayName="EEO Case Investigation" solution="govcdm_workplacedispute (1.0.0.1)" />
        <Dependent type="62" schemaName="msgov_WorkplaceDispute" />
      </MissingDependency>
      <MissingDependency>
        <Required type="1" schemaName="govcdm_eeocaseinvestigation" displayName="EEO Case Investigation" solution="govcdm_workplacedispute (1.0.0.1)" />
        <Dependent type="80" schemaName="msgov_WorkplaceDispute" displayName="Workplace Dispute" />
      </MissingDependency>
      <MissingDependency>
        <Required type="1" schemaName="govcdm_eeocaseperson" displayName="EEO Case Person" solution="govcdm_workplacedispute (1.0.0.1)" />
        <Dependent type="1" schemaName="govcdm_eeocaseperson" displayName="EEO Case Person" />
      </MissingDependency>
      <MissingDependency>
        <Required type="1" schemaName="govcdm_eeocaseperson" displayName="EEO Case Person" solution="govcdm_workplacedispute (1.0.0.1)" />
        <Dependent type="60" displayName="Main" parentDisplayName="EEO Case Person" id="{208f3eb4-d3f1-ee11-904b-000d3a8cbc95}" />
      </MissingDependency>
      <MissingDependency>
        <Required type="1" schemaName="govcdm_eeocaseperson" displayName="EEO Case Person" solution="govcdm_workplacedispute (1.0.0.1)" />
        <Dependent type="62" schemaName="msgov_WorkplaceDispute" />
      </MissingDependency>
      <MissingDependency>
        <Required type="1" schemaName="govcdm_eeocaseperson" displayName="EEO Case Person" solution="govcdm_workplacedispute (1.0.0.1)" />
        <Dependent type="80" schemaName="msgov_WorkplaceDispute" displayName="Workplace Dispute" />
      </MissingDependency>
      <MissingDependency>
        <Required type="1" schemaName="govcdm_eeoinquiry" displayName="EEO Inquiry" solution="govcdm_workplacedispute (1.0.0.1)" />
        <Dependent type="1" schemaName="govcdm_eeoinquiry" displayName="EEO Inquiry" />
      </MissingDependency>
      <MissingDependency>
        <Required type="1" schemaName="govcdm_eeoinquiry" displayName="EEO Inquiry" solution="govcdm_workplacedispute (1.0.0.1)" />
        <Dependent type="60" displayName="Main" parentDisplayName="EEO Inquiry" id="{7a4bcac8-d3f1-ee11-904b-000d3a8cbc95}" />
      </MissingDependency>
      <MissingDependency>
        <Required type="1" schemaName="govcdm_eeoinquiry" displayName="EEO Inquiry" solution="govcdm_workplacedispute (1.0.0.1)" />
        <Dependent type="62" schemaName="msgov_WorkplaceDispute" />
      </MissingDependency>
      <MissingDependency>
        <Required type="1" schemaName="govcdm_eeoinquiry" displayName="EEO Inquiry" solution="govcdm_workplacedispute (1.0.0.1)" />
        <Dependent type="80" schemaName="msgov_WorkplaceDispute" displayName="Workplace Dispute" />
      </MissingDependency>
      <MissingDependency>
        <Required type="1" schemaName="govcdm_harassmentcase" displayName="Harassment Case" solution="govcdm_workplacedispute (1.0.0.1)" />
        <Dependent type="1" schemaName="govcdm_harassmentcase" displayName="Harassment Case" />
      </MissingDependency>
      <MissingDependency>
        <Required type="1" schemaName="govcdm_harassmentcase" displayName="Harassment Case" solution="govcdm_workplacedispute (1.0.0.1)" />
        <Dependent type="60" displayName="Main" parentDisplayName="Harassment Case" id="{36a933d9-d3f1-ee11-904b-000d3a8cbc95}" />
      </MissingDependency>
      <MissingDependency>
        <Required type="1" schemaName="govcdm_harassmentcase" displayName="Harassment Case" solution="govcdm_workplacedispute (1.0.0.1)" />
        <Dependent type="62" schemaName="msgov_WorkplaceDispute" />
      </MissingDependency>
      <MissingDependency>
        <Required type="1" schemaName="govcdm_harassmentcase" displayName="Harassment Case" solution="govcdm_workplacedispute (1.0.0.1)" />
        <Dependent type="80" schemaName="msgov_WorkplaceDispute" displayName="Workplace Dispute" />
      </MissingDependency>
      <MissingDependency>
        <Required type="1" schemaName="govcdm_harassmentcaseclaim" displayName="Harassment Case Claim" solution="govcdm_workplacedispute (1.0.0.1)" />
        <Dependent type="1" schemaName="govcdm_harassmentcaseclaim" displayName="Harassment Case Claim" />
      </MissingDependency>
      <MissingDependency>
        <Required type="1" schemaName="govcdm_harassmentcaseclaim" displayName="Harassment Case Claim" solution="govcdm_workplacedispute (1.0.0.1)" />
        <Dependent type="60" displayName="Main" parentDisplayName="Harassment Case Claim" id="{84d2f5e8-d3f1-ee11-904b-000d3a8cbc95}" />
      </MissingDependency>
      <MissingDependency>
        <Required type="1" schemaName="govcdm_harassmentcaseclaim" displayName="Harassment Case Claim" solution="govcdm_workplacedispute (1.0.0.1)" />
        <Dependent type="62" schemaName="msgov_WorkplaceDispute" />
      </MissingDependency>
      <MissingDependency>
        <Required type="1" schemaName="govcdm_harassmentcaseclaim" displayName="Harassment Case Claim" solution="govcdm_workplacedispute (1.0.0.1)" />
        <Dependent type="80" schemaName="msgov_WorkplaceDispute" displayName="Workplace Dispute" />
      </MissingDependency>
      <MissingDependency>
        <Required type="1" schemaName="govcdm_harassmentcasedecision" displayName="Harassment Case Decision" solution="govcdm_workplacedispute (1.0.0.1)" />
        <Dependent type="1" schemaName="govcdm_harassmentcasedecision" displayName="Harassment Case Decision" />
      </MissingDependency>
      <MissingDependency>
        <Required type="1" schemaName="govcdm_harassmentcasedecision" displayName="Harassment Case Decision" solution="govcdm_workplacedispute (1.0.0.1)" />
        <Dependent type="60" displayName="Main" parentDisplayName="Harassment Case Decision" id="{61837009-d4f1-ee11-904b-000d3a8cbc95}" />
      </MissingDependency>
      <MissingDependency>
        <Required type="1" schemaName="govcdm_harassmentcasedecision" displayName="Harassment Case Decision" solution="govcdm_workplacedispute (1.0.0.1)" />
        <Dependent type="62" schemaName="msgov_WorkplaceDispute" />
      </MissingDependency>
      <MissingDependency>
        <Required type="1" schemaName="govcdm_harassmentcasedecision" displayName="Harassment Case Decision" solution="govcdm_workplacedispute (1.0.0.1)" />
        <Dependent type="80" schemaName="msgov_WorkplaceDispute" displayName="Workplace Dispute" />
      </MissingDependency>
      <MissingDependency>
        <Required type="1" schemaName="govcdm_harassmentcaseinvestigation" displayName="Harassment Case Investigation" solution="govcdm_workplacedispute (1.0.0.1)" />
        <Dependent type="1" schemaName="govcdm_harassmentcaseinvestigation" displayName="Harassment Case Investigation" />
      </MissingDependency>
      <MissingDependency>
        <Required type="1" schemaName="govcdm_harassmentcaseinvestigation" displayName="Harassment Case Investigation" solution="govcdm_workplacedispute (1.0.0.1)" />
        <Dependent type="60" displayName="Main" parentDisplayName="Harassment Case Investigation" id="{38128f1a-d4f1-ee11-904b-000d3a8cbc95}" />
      </MissingDependency>
      <MissingDependency>
        <Required type="1" schemaName="govcdm_harassmentcaseinvestigation" displayName="Harassment Case Investigation" solution="govcdm_workplacedispute (1.0.0.1)" />
        <Dependent type="62" schemaName="msgov_WorkplaceDispute" />
      </MissingDependency>
      <MissingDependency>
        <Required type="1" schemaName="govcdm_harassmentcaseinvestigation" displayName="Harassment Case Investigation" solution="govcdm_workplacedispute (1.0.0.1)" />
        <Dependent type="80" schemaName="msgov_WorkplaceDispute" displayName="Workplace Dispute" />
      </MissingDependency>
      <MissingDependency>
        <Required type="1" schemaName="govcdm_harassmentcaseperson" displayName="Harassment Case Person" solution="govcdm_workplacedispute (1.0.0.1)" />
        <Dependent type="1" schemaName="govcdm_harassmentcaseperson" displayName="Harassment Case Person" />
      </MissingDependency>
      <MissingDependency>
        <Required type="1" schemaName="govcdm_harassmentcaseperson" displayName="Harassment Case Person" solution="govcdm_workplacedispute (1.0.0.1)" />
        <Dependent type="60" displayName="Main" parentDisplayName="Harassment Case Person" id="{c7b4ea29-d4f1-ee11-904b-000d3a8cbc95}" />
      </MissingDependency>
      <MissingDependency>
        <Required type="1" schemaName="govcdm_harassmentcaseperson" displayName="Harassment Case Person" solution="govcdm_workplacedispute (1.0.0.1)" />
        <Dependent type="62" schemaName="msgov_WorkplaceDispute" />
      </MissingDependency>
      <MissingDependency>
        <Required type="1" schemaName="govcdm_harassmentcaseperson" displayName="Harassment Case Person" solution="govcdm_workplacedispute (1.0.0.1)" />
        <Dependent type="80" schemaName="msgov_WorkplaceDispute" displayName="Workplace Dispute" />
      </MissingDependency>
      <MissingDependency>
        <Required type="1" schemaName="govcdm_harassmentinquiry" displayName="Harassment Inquiry" solution="govcdm_workplacedispute (1.0.0.1)" />
        <Dependent type="1" schemaName="govcdm_harassmentinquiry" displayName="Harassment Inquiry" />
      </MissingDependency>
      <MissingDependency>
        <Required type="1" schemaName="govcdm_harassmentinquiry" displayName="Harassment Inquiry" solution="govcdm_workplacedispute (1.0.0.1)" />
        <Dependent type="60" displayName="Main" parentDisplayName="Harassment Inquiry" id="{1f58a339-d4f1-ee11-904b-000d3a8cbc95}" />
      </MissingDependency>
      <MissingDependency>
        <Required type="1" schemaName="govcdm_harassmentinquiry" displayName="Harassment Inquiry" solution="govcdm_workplacedispute (1.0.0.1)" />
        <Dependent type="62" schemaName="msgov_WorkplaceDispute" />
      </MissingDependency>
      <MissingDependency>
        <Required type="1" schemaName="govcdm_harassmentinquiry" displayName="Harassment Inquiry" solution="govcdm_workplacedispute (1.0.0.1)" />
        <Dependent type="80" schemaName="msgov_WorkplaceDispute" displayName="Workplace Dispute" />
      </MissingDependency>
      <MissingDependency>
        <Required type="2" schemaName="govcdm_name" displayName="Name" parentSchemaName="govcdm_adr" parentDisplayName="ADR" solution="govcdm_workplacedispute (1.0.0.1)" />
        <Dependent type="60" displayName="Main" parentDisplayName="ADR" id="{3af17835-d3f1-ee11-904b-000d3a8cbc95}" />
      </MissingDependency>
      <MissingDependency>
        <Required type="2" schemaName="govcdm_name" displayName="Name" parentSchemaName="govcdm_adrperson" parentDisplayName="ADR Person" solution="govcdm_workplacedispute (1.0.0.1)" />
        <Dependent type="60" displayName="Main" parentDisplayName="ADR Person" id="{d8a35a47-d3f1-ee11-904b-000d3a8cbc95}" />
      </MissingDependency>
      <MissingDependency>
        <Required type="2" schemaName="govcdm_name" displayName="Name" parentSchemaName="govcdm_adrsession" parentDisplayName="ADR Session" solution="govcdm_workplacedispute (1.0.0.1)" />
        <Dependent type="60" displayName="Main" parentDisplayName="ADR Session" id="{8ff77c5c-d3f1-ee11-904b-000d3a8cbc95}" />
      </MissingDependency>
      <MissingDependency>
        <Required type="2" schemaName="govcdm_name" displayName="Name" parentSchemaName="govcdm_eeocase" parentDisplayName="EEO Case" solution="govcdm_workplacedispute (1.0.0.1)" />
        <Dependent type="60" displayName="Main" parentDisplayName="EEO Case" id="{f94db471-d3f1-ee11-904b-000d3a8cbc95}" />
      </MissingDependency>
      <MissingDependency>
        <Required type="2" schemaName="govcdm_name" displayName="Name" parentSchemaName="govcdm_eeocaseclaim" parentDisplayName="EEO Case Claim" solution="govcdm_workplacedispute (1.0.0.1)" />
        <Dependent type="60" displayName="Main" parentDisplayName="EEO Case Claim" id="{5fa9c383-d3f1-ee11-904b-000d3a8cbc95}" />
      </MissingDependency>
      <MissingDependency>
        <Required type="2" schemaName="govcdm_name" displayName="Name" parentSchemaName="govcdm_eeocasedecision" parentDisplayName="EEO Case Decision" solution="govcdm_workplacedispute (1.0.0.1)" />
        <Dependent type="60" displayName="Main" parentDisplayName="EEO Case Decision" id="{6b682996-d3f1-ee11-904b-000d3a8cbc95}" />
      </MissingDependency>
      <MissingDependency>
        <Required type="2" schemaName="govcdm_name" displayName="Name" parentSchemaName="govcdm_eeocaseinvestigation" parentDisplayName="EEO Case Investigation" solution="govcdm_workplacedispute (1.0.0.1)" />
        <Dependent type="60" displayName="Main" parentDisplayName="EEO Case Investigation" id="{a72d21a2-d3f1-ee11-904b-000d3a8cbc95}" />
      </MissingDependency>
      <MissingDependency>
        <Required type="2" schemaName="govcdm_name" displayName="Name" parentSchemaName="govcdm_eeocaseperson" parentDisplayName="EEO Case Person" solution="govcdm_workplacedispute (1.0.0.1)" />
        <Dependent type="60" displayName="Main" parentDisplayName="EEO Case Person" id="{208f3eb4-d3f1-ee11-904b-000d3a8cbc95}" />
      </MissingDependency>
      <MissingDependency>
        <Required type="2" schemaName="govcdm_name" displayName="Name" parentSchemaName="govcdm_eeoinquiry" parentDisplayName="EEO Inquiry" solution="govcdm_workplacedispute (1.0.0.1)" />
        <Dependent type="60" displayName="Main" parentDisplayName="EEO Inquiry" id="{7a4bcac8-d3f1-ee11-904b-000d3a8cbc95}" />
      </MissingDependency>
      <MissingDependency>
        <Required type="2" schemaName="govcdm_name" displayName="Name" parentSchemaName="govcdm_harassmentcase" parentDisplayName="Harassment Case" solution="govcdm_workplacedispute (1.0.0.1)" />
        <Dependent type="60" displayName="Main" parentDisplayName="Harassment Case" id="{36a933d9-d3f1-ee11-904b-000d3a8cbc95}" />
      </MissingDependency>
      <MissingDependency>
        <Required type="2" schemaName="govcdm_name" displayName="Name" parentSchemaName="govcdm_harassmentcaseclaim" parentDisplayName="Harassment Case Claim" solution="govcdm_workplacedispute (1.0.0.1)" />
        <Dependent type="60" displayName="Main" parentDisplayName="Harassment Case Claim" id="{84d2f5e8-d3f1-ee11-904b-000d3a8cbc95}" />
      </MissingDependency>
      <MissingDependency>
        <Required type="2" schemaName="govcdm_name" displayName="Name" parentSchemaName="govcdm_harassmentcasedecision" parentDisplayName="Harassment Case Decision" solution="govcdm_workplacedispute (1.0.0.1)" />
        <Dependent type="60" displayName="Main" parentDisplayName="Harassment Case Decision" id="{61837009-d4f1-ee11-904b-000d3a8cbc95}" />
      </MissingDependency>
      <MissingDependency>
        <Required type="2" schemaName="govcdm_name" displayName="Name" parentSchemaName="govcdm_harassmentcaseinvestigation" parentDisplayName="Harassment Case Investigation" solution="govcdm_workplacedispute (1.0.0.1)" />
        <Dependent type="60" displayName="Main" parentDisplayName="Harassment Case Investigation" id="{38128f1a-d4f1-ee11-904b-000d3a8cbc95}" />
      </MissingDependency>
      <MissingDependency>
        <Required type="2" schemaName="govcdm_name" displayName="Name" parentSchemaName="govcdm_harassmentcaseperson" parentDisplayName="Harassment Case Person" solution="govcdm_workplacedispute (1.0.0.1)" />
        <Dependent type="60" displayName="Main" parentDisplayName="Harassment Case Person" id="{c7b4ea29-d4f1-ee11-904b-000d3a8cbc95}" />
      </MissingDependency>
      <MissingDependency>
        <Required type="2" schemaName="govcdm_name" displayName="Name" parentSchemaName="govcdm_harassmentinquiry" parentDisplayName="Harassment Inquiry" solution="govcdm_workplacedispute (1.0.0.1)" />
        <Dependent type="60" displayName="Main" parentDisplayName="Harassment Inquiry" id="{1f58a339-d4f1-ee11-904b-000d3a8cbc95}" />
      </MissingDependency>
      <MissingDependency>
        <Required type="2" schemaName="ownerid" displayName="Owner" parentSchemaName="govcdm_adr" parentDisplayName="ADR" solution="Active" />
        <Dependent type="60" displayName="Main" parentDisplayName="ADR" id="{3af17835-d3f1-ee11-904b-000d3a8cbc95}" />
      </MissingDependency>
      <MissingDependency>
        <Required type="2" schemaName="ownerid" displayName="Owner" parentSchemaName="govcdm_adrperson" parentDisplayName="ADR Person" solution="Active" />
        <Dependent type="60" displayName="Main" parentDisplayName="ADR Person" id="{d8a35a47-d3f1-ee11-904b-000d3a8cbc95}" />
      </MissingDependency>
      <MissingDependency>
        <Required type="2" schemaName="ownerid" displayName="Owner" parentSchemaName="govcdm_adrsession" parentDisplayName="ADR Session" solution="Active" />
        <Dependent type="60" displayName="Main" parentDisplayName="ADR Session" id="{8ff77c5c-d3f1-ee11-904b-000d3a8cbc95}" />
      </MissingDependency>
      <MissingDependency>
        <Required type="2" schemaName="ownerid" displayName="Owner" parentSchemaName="govcdm_eeocase" parentDisplayName="EEO Case" solution="Active" />
        <Dependent type="60" displayName="Main" parentDisplayName="EEO Case" id="{f94db471-d3f1-ee11-904b-000d3a8cbc95}" />
      </MissingDependency>
      <MissingDependency>
        <Required type="2" schemaName="ownerid" displayName="Owner" parentSchemaName="govcdm_eeocaseclaim" parentDisplayName="EEO Case Claim" solution="Active" />
        <Dependent type="60" displayName="Main" parentDisplayName="EEO Case Claim" id="{5fa9c383-d3f1-ee11-904b-000d3a8cbc95}" />
      </MissingDependency>
      <MissingDependency>
        <Required type="2" schemaName="ownerid" displayName="Owner" parentSchemaName="govcdm_eeocasedecision" parentDisplayName="EEO Case Decision" solution="Active" />
        <Dependent type="60" displayName="Main" parentDisplayName="EEO Case Decision" id="{6b682996-d3f1-ee11-904b-000d3a8cbc95}" />
      </MissingDependency>
      <MissingDependency>
        <Required type="2" schemaName="ownerid" displayName="Owner" parentSchemaName="govcdm_eeocaseinvestigation" parentDisplayName="EEO Case Investigation" solution="Active" />
        <Dependent type="60" displayName="Main" parentDisplayName="EEO Case Investigation" id="{a72d21a2-d3f1-ee11-904b-000d3a8cbc95}" />
      </MissingDependency>
      <MissingDependency>
        <Required type="2" schemaName="ownerid" displayName="Owner" parentSchemaName="govcdm_eeocaseperson" parentDisplayName="EEO Case Person" solution="Active" />
        <Dependent type="60" displayName="Main" parentDisplayName="EEO Case Person" id="{208f3eb4-d3f1-ee11-904b-000d3a8cbc95}" />
      </MissingDependency>
      <MissingDependency>
        <Required type="2" schemaName="ownerid" displayName="Owner" parentSchemaName="govcdm_eeoinquiry" parentDisplayName="EEO Inquiry" solution="Active" />
        <Dependent type="60" displayName="Main" parentDisplayName="EEO Inquiry" id="{7a4bcac8-d3f1-ee11-904b-000d3a8cbc95}" />
      </MissingDependency>
      <MissingDependency>
        <Required type="2" schemaName="ownerid" displayName="Owner" parentSchemaName="govcdm_harassmentcase" parentDisplayName="Harassment Case" solution="Active" />
        <Dependent type="60" displayName="Main" parentDisplayName="Harassment Case" id="{36a933d9-d3f1-ee11-904b-000d3a8cbc95}" />
      </MissingDependency>
      <MissingDependency>
        <Required type="2" schemaName="ownerid" displayName="Owner" parentSchemaName="govcdm_harassmentcaseclaim" parentDisplayName="Harassment Case Claim" solution="Active" />
        <Dependent type="60" displayName="Main" parentDisplayName="Harassment Case Claim" id="{84d2f5e8-d3f1-ee11-904b-000d3a8cbc95}" />
      </MissingDependency>
      <MissingDependency>
        <Required type="2" schemaName="ownerid" displayName="Owner" parentSchemaName="govcdm_harassmentcasedecision" parentDisplayName="Harassment Case Decision" solution="Active" />
        <Dependent type="60" displayName="Main" parentDisplayName="Harassment Case Decision" id="{61837009-d4f1-ee11-904b-000d3a8cbc95}" />
      </MissingDependency>
      <MissingDependency>
        <Required type="2" schemaName="ownerid" displayName="Owner" parentSchemaName="govcdm_harassmentcaseinvestigation" parentDisplayName="Harassment Case Investigation" solution="Active" />
        <Dependent type="60" displayName="Main" parentDisplayName="Harassment Case Investigation" id="{38128f1a-d4f1-ee11-904b-000d3a8cbc95}" />
      </MissingDependency>
      <MissingDependency>
        <Required type="2" schemaName="ownerid" displayName="Owner" parentSchemaName="govcdm_harassmentcaseperson" parentDisplayName="Harassment Case Person" solution="Active" />
        <Dependent type="60" displayName="Main" parentDisplayName="Harassment Case Person" id="{c7b4ea29-d4f1-ee11-904b-000d3a8cbc95}" />
      </MissingDependency>
      <MissingDependency>
        <Required type="2" schemaName="ownerid" displayName="Owner" parentSchemaName="govcdm_harassmentinquiry" parentDisplayName="Harassment Inquiry" solution="Active" />
        <Dependent type="60" displayName="Main" parentDisplayName="Harassment Inquiry" id="{1f58a339-d4f1-ee11-904b-000d3a8cbc95}" />
      </MissingDependency>
      <MissingDependency>
        <Required type="61" schemaName="msdyn_/Images/AppModule_Default_Icon.png" displayName="msdyn_/Images/AppModule_Default_Icon.png" solution="AppModuleWebResources (2.5)">
          <package appName="AppModule Web Resources Package" version="2.5">AppModuleWebResources (2.5)</package>
        </Required>
        <Dependent type="80" schemaName="msgov_WorkplaceDispute" displayName="Workplace Dispute" />
      </MissingDependency>
      <MissingDependency>
        <Required type="SettingDefinition" displayName="AppChannel" solution="msdyn_AppFrameworkInfraExtensions (1.0.0.15)" id.uniquename="AppChannel">
          <package appName="PowerAppsAppFramework Package" version="1.0.0.22">PowerAppsAppFramework_Anchor (1.0.0.22)</package>
        </Required>
        <Dependent type="AppSetting" displayName="parentappmoduleid.uniquename=msgov_WorkplaceDispute,settingdefinitionid.uniquename=AppChannel" id.parentappmoduleid.uniquename="msgov_WorkplaceDispute" id.settingdefinitionid.uniquename="AppChannel" />
      </MissingDependency>
    </MissingDependencies>
  </SolutionManifest>
</ImportExportXml>