<powerpagecomponent powerpagecomponentid="9f17ca66-1e8e-4ab2-ac4f-4d96dc368878">
  <content>{"enablerating":false,"enabletracking":false,"excludefromsearch":false,"hiddenfromsitemap":true,"isroot":true,"pagetemplateid":"fc2dbbcb-cac9-4721-bfb4-2b64c8fbf8a4","parentpageid":"4c0dafbd-c00f-48ac-9b6a-890cb257d854","partialurl":"profile","publishingstateid":"bb41cbbb-c85a-4db5-a56e-a669cb132666","sharedpageconfiguration":false,"title":"Profile"}</content>
  <iscustomizable>1</iscustomizable>
  <name>Profile</name>
  <powerpagecomponenttype>2</powerpagecomponenttype>
  <powerpagesiteid>
    <powerpagesiteid>add6fceb-252c-456e-bead-89dbed3b19c5</powerpagesiteid>
  </powerpagesiteid>
  <searchcontent>ProfileProfile</searchcontent>
  <statecode>0</statecode>
  <statuscode>1</statuscode>
</powerpagecomponent>