<entities >
  <entity name="govcdm_executiveaction" displayname="Executive Action" etc="10593" primaryidfield="govcdm_executiveactionid" primarynamefield="govcdm_name" disableplugins="false">
    <fields>
      <field displayname="Action Number" name="govcdm_actionnumber" type="string" customfield="true" />
      <field displayname="Action Status" name="govcdm_actionstatus" type="optionsetvalue" customfield="true" />
      <field displayname="Description" name="govcdm_description" type="string" customfield="true" />
      <field displayname="Due Date Time" name="govcdm_duedatetime" type="datetime" customfield="true" />
      <field displayname="Executive Action" name="govcdm_executiveactionid" type="guid" primaryKey="true" />
      <field displayname="Executive Action Category" name="govcdm_executiveactioncategory" type="optionsetvalue" customfield="true" />
      <field displayname="Executive Action Type" name="govcdm_executiveactiontype" type="entityreference" lookupType="govcdm_executiveactiontype" customfield="true" />
      <field displayname="Method of Receipt" name="govcdm_methodofreceipt" type="optionsetvalue" customfield="true" />
      <field displayname="Name" name="govcdm_name" type="string" customfield="true" />
      <field displayname="Outcome Summary" name="govcdm_outcomesummary" type="string" customfield="true" />
      <field displayname="Security Classification" name="govcdm_securityclassification" type="optionsetvalue" customfield="true" />
      <field displayname="Record Created On" name="overriddencreatedon" type="datetime" />
      <field displayname="Received From Person" name="govcdm_receivedfromperson" type="entityreference" lookupType="contact" customfield="true" />
      <field displayname="Received From OU" name="govcdm_receivedfromou" type="entityreference" lookupType="govcdm_organizationunit" customfield="true" />
      <field displayname="Received From Organization" name="govcdm_receivedfromorganization" type="entityreference" lookupType="account" customfield="true" />
      <field displayname="Received Date Time" name="govcdm_receiveddatetime" type="datetime" customfield="true" />
      <field displayname="Priority" name="govcdm_priority" type="optionsetvalue" customfield="true" />
      <field displayname="Parent Action" name="govcdm_parentaction" type="entityreference" lookupType="govcdm_executiveaction" customfield="true" />
      <field displayname="Collaboration Space" name="msgov_collaborationspace" type="entityreference" lookupType="govcdm_collaborationspace" customfield="true" />
      <field displayname="Process and Tasking State" name="msgov_processandtaskingstate" type="string" customfield="true" />
      <field displayname="Source Analysis" name="govcdm_sourceanalysis" type="entityreference" lookupType="govcdm_analysis" customfield="true" />
      <field displayname="Source Impact" name="govcdm_sourceimpact" type="entityreference" lookupType="govcdm_impact" customfield="true" />
      <field displayname="Source Legal Authority" name="govcdm_sourcelegalauthority" type="entityreference" lookupType="govcdm_legalauthority" customfield="true" />
      <field displayname="Source Risk Item" name="govcdm_sourceriskitem" type="entityreference" lookupType="govcdm_riskitem" customfield="true" />
    </fields>
  </entity>
  <entity name="govcdm_executiveactiontype" displayname="Executive Action Type" etc="10632" primaryidfield="govcdm_executiveactiontypeid" primarynamefield="govcdm_name" disableplugins="false">
    <fields>
      <field displayname="Description" name="govcdm_description" type="string" customfield="true" />
      <field displayname="Executive Action Type" name="govcdm_executiveactiontypeid" type="guid" primaryKey="true" />
      <field displayname="Executive Action Category" name="govcdm_executiveactioncategory" type="optionsetvalue" customfield="true" />
      <field displayname="Name" name="govcdm_name" type="string" customfield="true" />
    </fields>
  </entity>
  <entity name="govcdm_processstep" displayname="Process Step" etc="10586" primaryidfield="govcdm_processstepid" primarynamefield="govcdm_name" disableplugins="false">
    <fields>
      <field displayname="Process Step Order" name="govcdm_processsteporder" type="number" customfield="true" />
      <field displayname="Process Step Type" name="govcdm_processsteptype" type="optionsetvalue" customfield="true" />
      <field displayname="Assign To" name="govcdm_assignto" type="optionsetvalue" customfield="true" />
      <field displayname="Automation Team ID" name="msgov_automationteamid" type="string" customfield="true" />
      <field displayname="Automation Type" name="msgov_automationtype" type="optionsetvalue" customfield="true" />
      <field displayname="Collaboration Space" name="govcdm_collaborationspace" type="entityreference" lookupType="govcdm_collaborationspace" customfield="true" />
      <field displayname="Content Template" name="govcdm_contenttemplate" type="entityreference" lookupType="govcdm_contenttemplate" customfield="true" />
      <field displayname="Data Entry Step" name="govcdm_dataentrystep" type="entityreference" lookupType="govcdm_dataentrystep" customfield="true" />
      <field displayname="Data Form" name="govcdm_dataform" type="entityreference" lookupType="govcdm_dataform" customfield="true" />
      <field displayname="Details" name="govcdm_details" type="string" customfield="true" />
      <field displayname="Due Date Calc Method" name="govcdm_duedatecalcmethod" type="optionsetvalue" customfield="true" />
      <field displayname="Due Date Offset" name="govcdm_duedateoffset" type="number" customfield="true" />
      <field displayname="Enable Submission Info" name="govcdm_enablesubmissioninfo" type="optionsetvalue" customfield="true" />
      <field displayname="Main Process Step" name="govcdm_mainprocessstep" type="entityreference" lookupType="govcdm_processstep" customfield="true" />
      <field displayname="Parent Process Step" name="govcdm_parentprocessstep" type="entityreference" lookupType="govcdm_processstep" customfield="true" />
      <field displayname="Primary Process Step" name="govcdm_primaryprocessstep" type="entityreference" lookupType="govcdm_processstep" customfield="true" />
      <field displayname="Primary Record Display Field" name="govcdm_primaryrecorddisplayfield" type="string" customfield="true" />
      <field displayname="Process Step" name="govcdm_processstepid" type="guid" primaryKey="true" />
      <field displayname="Sub Step Processing Order" name="govcdm_substepprocessingorder" type="optionsetvalue" customfield="true" />
      <field displayname="Name" name="govcdm_name" type="string" customfield="true" />
    </fields>
  </entity>
  <entity name="govcdm_dataentrystep" displayname="Data Entry Step" etc="10580" primaryidfield="govcdm_dataentrystepid" primarynamefield="govcdm_name" disableplugins="false">
    <fields>
      <field displayname="App Name" name="govcdm_appname" type="string" customfield="true" />
      <field displayname="Data Entry Step" name="govcdm_dataentrystepid" type="guid" primaryKey="true" />
      <field displayname="Data Entry Step Order" name="govcdm_dataentrysteporder" type="number" customfield="true" />
      <field displayname="Data Entry Type" name="govcdm_dataentrytype" type="optionsetvalue" customfield="true" />
      <field displayname="Description" name="govcdm_description" type="string" customfield="true" />
      <field displayname="Form Applies to Schema Name" name="govcdm_formappliestoschemaname" type="string" customfield="true" />
      <field displayname="Form Base URL" name="govcdm_formbaseurl" type="string" customfield="true" />
      <field displayname="Name" name="govcdm_name" type="string" customfield="true" />
      <field displayname="Parent Data Entry Step" name="govcdm_parentdataentrystep" type="entityreference" lookupType="govcdm_dataentrystep" customfield="true" />
      <field displayname="Valid for Create" name="govcdm_validforcreate" type="optionsetvalue" customfield="true" />
    </fields>
  </entity>
  <entity name="govcdm_actionitem" displayname="Action Item" etc="10577" primaryidfield="activityid" primarynamefield="subject" disableplugins="false">
    <fields>
      <field displayname="Action Category" name="govcdm_actioncategory" type="entityreference" lookupType="govcdm_actioncategory" customfield="true" />
      <field displayname="Action Status" name="govcdm_actionstatus" type="optionsetvalue" customfield="true" />
      <field displayname="Action Subcategory" name="govcdm_actionsubcategory" type="entityreference" lookupType="govcdm_actioncategory" customfield="true" />
      <field displayname="Action Type" name="govcdm_actiontype" type="optionsetvalue" customfield="true" />
      <field displayname="Activity" name="activityid" type="guid" primaryKey="true" />
      <field displayname="Activity Status" name="statecode" type="state" />
      <field displayname="Activity Type" name="activitytypecode" type="string" />
      <field displayname="Actual Duration" name="actualdurationminutes" type="number" />
      <field displayname="Actual End" name="actualend" type="datetime" />
      <field displayname="Actual Start" name="actualstart" type="datetime" />
      <field displayname="Automation Response" name="govcdm_automationresponse" type="string" customfield="true" />
      <field displayname="Automation Triggered Date Time" name="govcdm_automationtriggereddatetime" type="datetime" customfield="true" />
      <field displayname="Collaboration URL" name="govcdm_collaborationurl" type="string" customfield="true" />
      <field displayname="Data Entry Response" name="govcdm_dataentryresponse" type="entityreference" lookupType="govcdm_dataentryresponse" customfield="true" />
      <field displayname="Date Sent" name="senton" type="datetime" />
      <field displayname="Date Delivery Last Attempted" name="deliverylastattemptedon" type="datetime" />
      <field displayname="Delivery Priority" name="deliveryprioritycode" type="optionsetvalue" />
      <field displayname="Description" name="description" type="string" />
      <field displayname="Details" name="govcdm_details" type="string" customfield="true" />
      <field displayname="Document" name="govcdm_document" type="entityreference" lookupType="govcdm_document" customfield="true" />
      <field displayname="Due Date" name="scheduledend" type="datetime" />
      <field displayname="Is Paused" name="govcdm_ispaused" type="optionsetvalue" customfield="true" />
      <field displayname="Is Regular Activity" name="isregularactivity" type="bool" />
      <field displayname="Is Private" name="ismapiprivate" type="bool" />
      <field displayname="Last On Hold Time" name="lastonholdtime" type="datetime" />
      <field displayname="Left Voice Mail" name="leftvoicemail" type="bool" />
      <field displayname="Next Steps" name="govcdm_nextsteps" type="string" customfield="true" />
      <field displayname="Originator (Person)" name="govcdm_originatorperson" type="entityreference" lookupType="contact" customfield="true" />
      <field displayname="Originator Comments" name="govcdm_originatorcomments" type="string" customfield="true" />
      <field displayname="Parent Action Item" name="govcdm_parentactionitem" type="entityreference" lookupType="govcdm_actionitem" customfield="true" />
      <field displayname="Primary Action Item" name="govcdm_primaryactionitem" type="entityreference" lookupType="govcdm_actionitem" customfield="true" />
      <field displayname="Priority" name="prioritycode" type="optionsetvalue" />
      <field displayname="Process Step" name="govcdm_processstep" type="entityreference" lookupType="govcdm_processstep" customfield="true" />
      <field displayname="Regarding" name="regardingobjectid" type="entityreference" lookupType="account|adx_invitation|contact|govcdm_executiveaction|interactionforemail|knowledgearticle|knowledgebaserecord|mspp_adplacement|mspp_pollplacement|mspp_publishingstatetransitionrule|mspp_redirect|mspp_shortcut|mspp_website" />
      <field displayname="Virtual Regarding Type" name="govcdm_virtualregardingtype" type="string" customfield="true" />
      <field displayname="Virtual Regarding ID" name="govcdm_virtualregardingid" type="string" customfield="true" />
      <field displayname="Tags" name="govcdm_tags" type="string" customfield="true" />
      <field displayname="Subject" name="subject" type="string" />
      <field displayname="Status Reason" name="statuscode" type="status" />
      <field displayname="Start Date" name="scheduledstart" type="datetime" />
      <field displayname="Sort Date" name="sortdate" type="datetime" />
      <field displayname="Signature Approval" name="govcdm_signatureapproval" type="entityreference" lookupType="govcdm_signatureapproval" customfield="true" />
      <field displayname="On Hold Time (Minutes)" name="onholdtime" type="number" />
      <field displayname="Is Billed" name="isbilled" type="bool" />
    </fields>
  </entity>
</entities>