
<entities xmlns:xsd="http://www.w3.org/2001/XMLSchema" xmlns:xsi="http://www.w3.org/2001/XMLSchema-instance" timestamp="2025-12-14T00:15:34.4117651Z">
  <entity name="govcdm_itsystem" displayname="IT System">
    <records>
      <record id="79443246-02b8-f011-bbd2-001dd806e92f">
        <field name="govcdm_visibility" value="166840003" />
        <field name="govcdm_securityclassification" value="166840002" />
        <field name="govcdm_primarytechnology" value="5bc611b9-eab9-f011-bbd2-001dd806e92f" lookupentity="govcdm_ittechnology" lookupentityname="Microsoft Azure" />
        <field name="govcdm_pointofcontact" value="df568d26-00f1-ee11-904b-6045bd0747a3" lookupentity="contact" lookupentityname="Aaron Sanders" />
        <field name="govcdm_primaryithostingmodel" value="166840002" />
        <field name="govcdm_operationalstatus" value="166840000" />
        <field name="govcdm_nextreviewdate" value="2025-11-07T00:00:00.0000000" />
        <field name="govcdm_name" value="Regulatory Compliance Management Suite" />
        <field name="govcdm_lifecyclestage" value="166840001" />
        <field name="govcdm_lastreviewdate" value="2025-02-19T00:00:00.0000000" />
        <field name="govcdm_itsystemid" value="79443246-02b8-f011-bbd2-001dd806e92f" />
        <field name="govcdm_itdatacenter" value="1bb271a7-50ba-f011-bbd2-001dd806e92f" lookupentity="govcdm_itdatacenter" lookupentityname="DC2" />
        <field name="govcdm_ispublicapiavailable" value="166840000" />
        <field name="govcdm_informationsecurityofficer" value="05578d26-00f1-ee11-904b-6045bd0747a3" lookupentity="contact" lookupentityname="Tara Bailey" />
        <field name="govcdm_description" value="&amp;lt;div class=&amp;quot;ck-content&amp;quot; data-wrapper=&amp;quot;true&amp;quot; dir=&amp;quot;ltr&amp;quot; style=&amp;quot;--ck-image-style-spacing: 1.5em; --ck-inline-image-style-spacing: calc(var(--ck-image-style-spacing) / 2); font-family: Segoe UI; font-size: 11pt;&amp;quot;&amp;gt;&amp;lt;p style=&amp;quot;margin: 0;&amp;quot;&amp;gt;Tracks compliance obligations, deadlines, policy updates, audits, and corrective actions across internal programs.&amp;lt;/p&amp;gt;&amp;lt;/div&amp;gt;" />
        <field name="govcdm_dependenciessummary" value="&amp;lt;div class=&amp;quot;ck-content&amp;quot; data-wrapper=&amp;quot;true&amp;quot; dir=&amp;quot;ltr&amp;quot; style=&amp;quot;--ck-image-style-spacing: 1.5em; --ck-inline-image-style-spacing: calc(var(--ck-image-style-spacing) / 2); font-family: Segoe UI; font-size: 11pt;&amp;quot;&amp;gt;&amp;lt;p style=&amp;quot;margin: 0;&amp;quot;&amp;gt;RCMS is built on a foundation of Microsoft technologies that ensure secure, scalable, and intelligent operations across government agencies. At its core, the system relies on Microsoft Azure for cloud infrastructure, with Azure Kubernetes Service orchestrating its modular microservices and Azure Active Directory managing secure access. Data flows through Azure Synapse Analytics and Azure Data Lake Storage, enabling real-time insights and deep analysis, while Power BI transforms complex datasets into intuitive dashboards for both public transparency and internal decision-making.&amp;lt;br&amp;gt;&amp;amp;nbsp;&amp;lt;/p&amp;gt;&amp;lt;p style=&amp;quot;margin: 0;&amp;quot;&amp;gt;To enhance automation and intelligence, RCMS integrates Azure Machine Learning for predictive modeling and Microsoft Copilot Studio for low-code workflow automation. Azure Cognitive Services adds advanced capabilities like natural language processing and anomaly detection. Security is fortified through Microsoft Defender for Cloud and Purview, ensuring compliance and data governance. Seamless collaboration is enabled via Microsoft Graph API, SharePoint, OneDrive, and Teams, allowing agencies to coordinate efficiently while maintaining strict control over sensitive information. Together, these dependencies form a cohesive digital ecosystem that powers RCMS’s mission of transparent, data-driven governance.&amp;lt;/p&amp;gt;&amp;lt;/div&amp;gt;" />
        <field name="govcdm_criticality" value="166840001" />
        <field name="govcdm_catalogstatus" value="166840002" />
        <field name="govcdm_abbreviation" value="RCMS" />
      </record>
      <record id="be0ae96f-1db9-f011-bbd2-001dd806e92f">
        <field name="govcdm_visibility" value="166840003" />
        <field name="govcdm_securityclassification" value="166840008" />
        <field name="govcdm_primaryithostingmodel" value="166840002" />
        <field name="govcdm_operationalstatus" value="166840000" />
        <field name="govcdm_nextreviewdate" value="2026-04-16T00:00:00.0000000" />
        <field name="govcdm_name" value="Enterprise Personnel Management System" />
        <field name="govcdm_lifecyclestage" value="166840002" />
        <field name="govcdm_lastreviewdate" value="2025-10-16T00:00:00.0000000" />
        <field name="govcdm_itsystemid" value="be0ae96f-1db9-f011-bbd2-001dd806e92f" />
        <field name="govcdm_description" value="&amp;lt;div class=&amp;quot;ck-content&amp;quot; data-wrapper=&amp;quot;true&amp;quot; dir=&amp;quot;ltr&amp;quot; style=&amp;quot;--ck-image-style-spacing: 1.5em; --ck-inline-image-style-spacing: calc(var(--ck-image-style-spacing) / 2); font-family: Segoe UI; font-size: 11pt;&amp;quot;&amp;gt;&amp;lt;p style=&amp;quot;margin: 0;&amp;quot;&amp;gt;Centralized HR platform supporting personnel records, position management, onboarding, and workforce reporting across the agency.&amp;lt;/p&amp;gt;&amp;lt;/div&amp;gt;" />
        <field name="govcdm_criticality" value="166840000" />
        <field name="govcdm_catalogstatus" value="166840002" />
        <field name="govcdm_abbreviation" value="EPMS" />
      </record>
      <record id="a4e46a7f-1db9-f011-bbd2-001dd806e92f">
        <field name="govcdm_visibility" value="166840003" />
        <field name="govcdm_nextreviewdate" value="2025-12-18T00:00:00.0000000" />
        <field name="govcdm_name" value="Mission Operations Tracking Environment" />
        <field name="govcdm_lifecyclestage" value="166840001" />
        <field name="govcdm_itsystemid" value="a4e46a7f-1db9-f011-bbd2-001dd806e92f" />
        <field name="govcdm_description" value="&amp;lt;div class=&amp;quot;ck-content&amp;quot; data-wrapper=&amp;quot;true&amp;quot; dir=&amp;quot;ltr&amp;quot; style=&amp;quot;--ck-image-style-spacing: 1.5em; --ck-inline-image-style-spacing: calc(var(--ck-image-style-spacing) / 2); font-family: Segoe UI; font-size: 11pt;&amp;quot;&amp;gt;&amp;lt;p style=&amp;quot;margin: 0;&amp;quot;&amp;gt;Workflow tool for planning, monitoring, and documenting mission activities, operational status, and resource utilization&amp;lt;/p&amp;gt;&amp;lt;/div&amp;gt;" />
        <field name="govcdm_catalogstatus" value="166840002" />
        <field name="govcdm_abbreviation" value="MOTE" />
      </record>
      <record id="442f473f-20b9-f011-bbd2-001dd8098bdb">
        <field name="govcdm_url" value="https://www.epa.gov/toxics-release-inventory-tri-program" />
        <field name="govcdm_visibility" value="166840003" />
        <field name="govcdm_primaryithostingmodel" value="166840002" />
        <field name="govcdm_operationalstatus" value="166840000" />
        <field name="govcdm_nextreviewdate" value="2026-01-08T00:00:00.0000000" />
        <field name="govcdm_name" value="Digital Forms Processing Engine" />
        <field name="govcdm_lifecyclestage" value="166840002" />
        <field name="govcdm_itsystemid" value="442f473f-20b9-f011-bbd2-001dd8098bdb" />
        <field name="govcdm_description" value="&amp;lt;div class=&amp;quot;ck-content&amp;quot; data-wrapper=&amp;quot;true&amp;quot; dir=&amp;quot;ltr&amp;quot; style=&amp;quot;--ck-image-style-spacing: 1.5em; --ck-inline-image-style-spacing: calc(var(--ck-image-style-spacing) / 2); font-family: Segoe UI; font-size: 11pt;&amp;quot;&amp;gt;&amp;lt;p style=&amp;quot;margin: 0;&amp;quot;&amp;gt;Automates intake, validation, and routing of digital forms submitted by internal staff or external stakeholders.&amp;lt;/p&amp;gt;&amp;lt;/div&amp;gt;" />
        <field name="govcdm_criticality" value="166840000" />
        <field name="govcdm_catalogstatus" value="166840002" />
        <field name="govcdm_abbreviation" value="DFPE" />
      </record>
      <record id="462f473f-20b9-f011-bbd2-001dd8098bdb">
        <field name="govcdm_visibility" value="166840003" />
        <field name="govcdm_primaryithostingmodel" value="166840003" />
        <field name="govcdm_operationalstatus" value="166840000" />
        <field name="govcdm_nextreviewdate" value="2025-12-11T00:00:00.0000000" />
        <field name="govcdm_name" value="Unified Asset Reporting Dashboard" />
        <field name="govcdm_lifecyclestage" value="166840002" />
        <field name="govcdm_itsystemid" value="462f473f-20b9-f011-bbd2-001dd8098bdb" />
        <field name="govcdm_description" value="&amp;lt;div class=&amp;quot;ck-content&amp;quot; data-wrapper=&amp;quot;true&amp;quot; dir=&amp;quot;ltr&amp;quot; style=&amp;quot;--ck-image-style-spacing: 1.5em; --ck-inline-image-style-spacing: calc(var(--ck-image-style-spacing) / 2); font-family: Segoe UI; font-size: 11pt;&amp;quot;&amp;gt;&amp;lt;p style=&amp;quot;margin: 0;&amp;quot;&amp;gt;Aggregates data from multiple inventory systems to provide real-time oversight of hardware, software, and facility-based assets.&amp;lt;/p&amp;gt;&amp;lt;/div&amp;gt;" />
        <field name="govcdm_criticality" value="166840000" />
        <field name="govcdm_catalogstatus" value="166840002" />
        <field name="govcdm_abbreviation" value="UARD" />
      </record>
      <record id="482f473f-20b9-f011-bbd2-001dd8098bdb">
        <field name="govcdm_url" value="https://www.agency.gov/sivs" />
        <field name="govcdm_visibility" value="166840003" />
        <field name="govcdm_primaryithostingmodel" value="166840002" />
        <field name="govcdm_operationalstatus" value="166840000" />
        <field name="govcdm_nextreviewdate" value="2026-01-14T00:00:00.0000000" />
        <field name="govcdm_name" value="Secure Identity Verification Service" />
        <field name="govcdm_lifecyclestage" value="166840002" />
        <field name="govcdm_itsystemid" value="482f473f-20b9-f011-bbd2-001dd8098bdb" />
        <field name="govcdm_description" value="&amp;lt;div class=&amp;quot;ck-content&amp;quot; data-wrapper=&amp;quot;true&amp;quot; dir=&amp;quot;ltr&amp;quot; style=&amp;quot;--ck-image-style-spacing: 1.5em; --ck-inline-image-style-spacing: calc(var(--ck-image-style-spacing) / 2); font-family: Segoe UI; font-size: 11pt;&amp;quot;&amp;gt;&amp;lt;p style=&amp;quot;margin: 0;&amp;quot;&amp;gt;Provides identity proofing, authentication, and access management for enterprise applications and remote workers.&amp;lt;/p&amp;gt;&amp;lt;/div&amp;gt;" />
        <field name="govcdm_criticality" value="166840000" />
        <field name="govcdm_catalogstatus" value="166840002" />
        <field name="govcdm_abbreviation" value="SIVS" />
      </record>
      <record id="4a2f473f-20b9-f011-bbd2-001dd8098bdb">
        <field name="govcdm_url" value="https://www.agency.gov/icg" />
        <field name="govcdm_visibility" value="166840002" />
        <field name="govcdm_primaryithostingmodel" value="166840003" />
        <field name="govcdm_operationalstatus" value="166840000" />
        <field name="govcdm_nextreviewdate" value="2026-01-08T00:00:00.0000000" />
        <field name="govcdm_name" value="Interagency Communications Gateway" />
        <field name="govcdm_lifecyclestage" value="166840002" />
        <field name="govcdm_itsystemid" value="4a2f473f-20b9-f011-bbd2-001dd8098bdb" />
        <field name="govcdm_description" value="&amp;lt;div class=&amp;quot;ck-content&amp;quot; data-wrapper=&amp;quot;true&amp;quot; dir=&amp;quot;ltr&amp;quot; style=&amp;quot;--ck-image-style-spacing: 1.5em; --ck-inline-image-style-spacing: calc(var(--ck-image-style-spacing) / 2); font-family: Segoe UI; font-size: 11pt;&amp;quot;&amp;gt;&amp;lt;p style=&amp;quot;margin: 0;&amp;quot;&amp;gt;Secure communication hub enabling cross-agency data exchange, encrypted messaging, and collaborative information sharing.&amp;lt;/p&amp;gt;&amp;lt;/div&amp;gt;" />
        <field name="govcdm_criticality" value="166840000" />
        <field name="govcdm_catalogstatus" value="166840002" />
        <field name="govcdm_abbreviation" value="ICG" />
      </record>
      <record id="4c2f473f-20b9-f011-bbd2-001dd8098bdb">
        <field name="govcdm_url" value="https://www.agency.gov/iden" />
        <field name="govcdm_visibility" value="166840002" />
        <field name="govcdm_primaryithostingmodel" value="166840002" />
        <field name="govcdm_operationalstatus" value="166840000" />
        <field name="govcdm_nextreviewdate" value="2026-01-12T00:00:00.0000000" />
        <field name="govcdm_name" value="Intelligence Data Exchange Network" />
        <field name="govcdm_lifecyclestage" value="166840002" />
        <field name="govcdm_itsystemid" value="4c2f473f-20b9-f011-bbd2-001dd8098bdb" />
        <field name="govcdm_description" value="&amp;lt;div class=&amp;quot;ck-content&amp;quot; data-wrapper=&amp;quot;true&amp;quot; dir=&amp;quot;ltr&amp;quot; style=&amp;quot;--ck-image-style-spacing: 1.5em; --ck-inline-image-style-spacing: calc(var(--ck-image-style-spacing) / 2); font-family: Segoe UI; font-size: 11pt;&amp;quot;&amp;gt;&amp;lt;p style=&amp;quot;margin: 0;&amp;quot;&amp;gt;High-security platform for ingesting, correlating, and distributing intelligence data across designated mission partners.&amp;lt;/p&amp;gt;&amp;lt;/div&amp;gt;" />
        <field name="govcdm_criticality" value="166840000" />
        <field name="govcdm_catalogstatus" value="166840002" />
        <field name="govcdm_abbreviation" value="IDEN" />
      </record>
      <record id="4e2f473f-20b9-f011-bbd2-001dd8098bdb">
        <field name="govcdm_url" value="https://www.agency.gov/fols" />
        <field name="govcdm_visibility" value="166840002" />
        <field name="govcdm_primaryithostingmodel" value="166840002" />
        <field name="govcdm_operationalstatus" value="166840000" />
        <field name="govcdm_nextreviewdate" value="2025-10-16T00:00:00.0000000" />
        <field name="govcdm_name" value="Field Operations Logistics System" />
        <field name="govcdm_lifecyclestage" value="166840002" />
        <field name="govcdm_itsystemid" value="4e2f473f-20b9-f011-bbd2-001dd8098bdb" />
        <field name="govcdm_description" value="&amp;lt;div class=&amp;quot;ck-content&amp;quot; data-wrapper=&amp;quot;true&amp;quot; dir=&amp;quot;ltr&amp;quot; style=&amp;quot;--ck-image-style-spacing: 1.5em; --ck-inline-image-style-spacing: calc(var(--ck-image-style-spacing) / 2); font-family: Segoe UI; font-size: 11pt;&amp;quot;&amp;gt;&amp;lt;p style=&amp;quot;margin: 0;&amp;quot;&amp;gt;Supports field teams with equipment requests, deployment scheduling, supply chain tracking, and mobile status updates.&amp;lt;/p&amp;gt;&amp;lt;/div&amp;gt;" />
        <field name="govcdm_criticality" value="166840000" />
        <field name="govcdm_catalogstatus" value="166840002" />
        <field name="govcdm_abbreviation" value="FOLS" />
      </record>
      <record id="502f473f-20b9-f011-bbd2-001dd8098bdb">
        <field name="govcdm_url" value="https://www.agency.gov/srap" />
        <field name="govcdm_visibility" value="166840002" />
        <field name="govcdm_primaryithostingmodel" value="166840003" />
        <field name="govcdm_operationalstatus" value="166840000" />
        <field name="govcdm_nextreviewdate" value="2025-10-16T00:00:00.0000000" />
        <field name="govcdm_name" value="Secure Records Access Portal" />
        <field name="govcdm_lifecyclestage" value="166840002" />
        <field name="govcdm_itsystemid" value="502f473f-20b9-f011-bbd2-001dd8098bdb" />
        <field name="govcdm_description" value="&amp;lt;div class=&amp;quot;ck-content&amp;quot; data-wrapper=&amp;quot;true&amp;quot; dir=&amp;quot;ltr&amp;quot; style=&amp;quot;--ck-image-style-spacing: 1.5em; --ck-inline-image-style-spacing: calc(var(--ck-image-style-spacing) / 2); font-family: Segoe UI; font-size: 11pt;&amp;quot;&amp;gt;&amp;lt;p style=&amp;quot;margin: 0;&amp;quot;&amp;gt;Web-based interface that provides authorized users controlled access to sensitive case files, historical archives, and restricted reports.&amp;lt;/p&amp;gt;&amp;lt;/div&amp;gt;" />
        <field name="govcdm_criticality" value="166840000" />
        <field name="govcdm_catalogstatus" value="166840002" />
        <field name="govcdm_abbreviation" value="SRAP" />
      </record>
      <record id="60c6f547-05d5-f011-8543-001dd809df93">
        <field name="govcdm_visibility" value="166840002" />
        <field name="govcdm_securityclassification" value="166840003" />
        <field name="govcdm_operationalstatus" value="166840000" />
        <field name="govcdm_name" value="Classified Document Workflow System" />
        <field name="govcdm_lifecyclestage" value="166840002" />
        <field name="govcdm_itsystemid" value="60c6f547-05d5-f011-8543-001dd809df93" />
        <field name="govcdm_description" value="&amp;lt;div class=&amp;quot;ck-content&amp;quot; data-wrapper=&amp;quot;true&amp;quot; dir=&amp;quot;ltr&amp;quot; style=&amp;quot;--ck-image-style-spacing: 1.5em; --ck-inline-image-style-spacing: calc(var(--ck-image-style-spacing) / 2); font-family: Segoe UI; font-size: 11pt;&amp;quot;&amp;gt;&amp;lt;p style=&amp;quot;margin: 0;&amp;quot;&amp;gt;Supports drafting, reviewing, versioning, and controlled distribution of classified documents within secure boundaries.&amp;lt;/p&amp;gt;&amp;lt;/div&amp;gt;" />
        <field name="govcdm_criticality" value="166840000" />
        <field name="govcdm_catalogstatus" value="166840002" />
        <field name="govcdm_abbreviation" value="CDWS" />
      </record>
      <record id="04a7176f-05d5-f011-8543-001dd809df93">
        <field name="govcdm_visibility" value="166840001" />
        <field name="govcdm_securityclassification" value="166840002" />
        <field name="govcdm_operationalstatus" value="166840000" />
        <field name="govcdm_name" value="Procurement &amp;amp; Budget Automation Tool" />
        <field name="govcdm_lifecyclestage" value="166840003" />
        <field name="govcdm_itsystemid" value="04a7176f-05d5-f011-8543-001dd809df93" />
        <field name="govcdm_description" value="&amp;lt;div class=&amp;quot;ck-content&amp;quot; data-wrapper=&amp;quot;true&amp;quot; dir=&amp;quot;ltr&amp;quot; style=&amp;quot;--ck-image-style-spacing: 1.5em; --ck-inline-image-style-spacing: calc(var(--ck-image-style-spacing) / 2); font-family: Segoe UI; font-size: 11pt;&amp;quot;&amp;gt;&amp;lt;p style=&amp;quot;margin: 0;&amp;quot;&amp;gt;Facilitates acquisition planning, contract workflow, budgeting cycles, and financial tracking for program offices.&amp;lt;/p&amp;gt;&amp;lt;/div&amp;gt;" />
        <field name="govcdm_catalogstatus" value="166840000" />
        <field name="govcdm_abbreviation" value="PBAT" />
      </record>
      <record id="0699728b-05d5-f011-8543-001dd809df93">
        <field name="govcdm_visibility" value="166840003" />
        <field name="govcdm_securityclassification" value="166840002" />
        <field name="govcdm_name" value="Emergency Response Coordination Hub" />
        <field name="govcdm_lifecyclestage" value="166840002" />
        <field name="govcdm_itsystemid" value="0699728b-05d5-f011-8543-001dd809df93" />
        <field name="govcdm_description" value="&amp;lt;div class=&amp;quot;ck-content&amp;quot; data-wrapper=&amp;quot;true&amp;quot; dir=&amp;quot;ltr&amp;quot; style=&amp;quot;--ck-image-style-spacing: 1.5em; --ck-inline-image-style-spacing: calc(var(--ck-image-style-spacing) / 2); font-family: Segoe UI; font-size: 11pt;&amp;quot;&amp;gt;&amp;lt;p style=&amp;quot;margin: 0;&amp;quot;&amp;gt;Enables situational awareness, emergency alerting, incident reporting, and coordination among response teams.&amp;lt;/p&amp;gt;&amp;lt;/div&amp;gt;" />
        <field name="govcdm_catalogstatus" value="166840000" />
        <field name="govcdm_abbreviation" value="ERCH" />
      </record>
      <record id="2cad83af-05d5-f011-8543-001dd809df93">
        <field name="govcdm_visibility" value="166840001" />
        <field name="govcdm_securityclassification" value="166840000" />
        <field name="govcdm_name" value="Network Vulnerability Analytics Platform" />
        <field name="govcdm_lifecyclestage" value="166840001" />
        <field name="govcdm_itsystemid" value="2cad83af-05d5-f011-8543-001dd809df93" />
        <field name="govcdm_description" value="&amp;lt;div class=&amp;quot;ck-content&amp;quot; data-wrapper=&amp;quot;true&amp;quot; dir=&amp;quot;ltr&amp;quot; style=&amp;quot;--ck-image-style-spacing: 1.5em; --ck-inline-image-style-spacing: calc(var(--ck-image-style-spacing) / 2); font-family: Segoe UI; font-size: 11pt;&amp;quot;&amp;gt;&amp;lt;p style=&amp;quot;margin: 0;&amp;quot;&amp;gt;Conducts automated vulnerability scans, aggregates cybersecurity findings, and provides dashboards for risk analysts.&amp;lt;/p&amp;gt;&amp;lt;/div&amp;gt;" />
        <field name="govcdm_catalogstatus" value="166840001" />
        <field name="govcdm_abbreviation" value="NVAP" />
      </record>
      <record id="d53b6cc0-05d5-f011-8543-001dd809df93">
        <field name="govcdm_visibility" value="166840002" />
        <field name="govcdm_securityclassification" value="166840002" />
        <field name="govcdm_operationalstatus" value="166840000" />
        <field name="govcdm_name" value="Centralized Training &amp;amp; Certification System" />
        <field name="govcdm_lifecyclestage" value="166840003" />
        <field name="govcdm_itsystemid" value="d53b6cc0-05d5-f011-8543-001dd809df93" />
        <field name="govcdm_description" value="&amp;lt;div class=&amp;quot;ck-content&amp;quot; data-wrapper=&amp;quot;true&amp;quot; dir=&amp;quot;ltr&amp;quot; style=&amp;quot;--ck-image-style-spacing: 1.5em; --ck-inline-image-style-spacing: calc(var(--ck-image-style-spacing) / 2); font-family: Segoe UI; font-size: 11pt;&amp;quot;&amp;gt;&amp;lt;p style=&amp;quot;margin: 0;&amp;quot;&amp;gt;Manages training catalogs, course enrollment, certification tracking, and compliance reporting for agency staff.&amp;lt;/p&amp;gt;&amp;lt;/div&amp;gt;" />
        <field name="govcdm_criticality" value="166840001" />
        <field name="govcdm_catalogstatus" value="166840002" />
        <field name="govcdm_abbreviation" value="CTCS" />
      </record>
    </records>
    <m2mrelationships />
  </entity>
  <entity name="govcdm_itsystemcomponenttype" displayname="IT System Component Type">
    <records>
      <record id="e28beab9-1ab9-f011-bbd2-001dd806e92f">
        <field name="govcdm_itsystemcomponenttypeid" value="e28beab9-1ab9-f011-bbd2-001dd806e92f" />
        <field name="govcdm_name" value="Database" />
      </record>
      <record id="7c7dc1c2-1ab9-f011-bbd2-001dd806e92f">
        <field name="govcdm_itsystemcomponenttypeid" value="7c7dc1c2-1ab9-f011-bbd2-001dd806e92f" />
        <field name="govcdm_name" value="Model" />
      </record>
      <record id="7d7dc1c2-1ab9-f011-bbd2-001dd806e92f">
        <field name="govcdm_itsystemcomponenttypeid" value="7d7dc1c2-1ab9-f011-bbd2-001dd806e92f" />
        <field name="govcdm_name" value="Dataset" />
      </record>
      <record id="025e92d2-1ab9-f011-bbd2-001dd806e92f">
        <field name="govcdm_itsystemcomponenttypeid" value="025e92d2-1ab9-f011-bbd2-001dd806e92f" />
        <field name="govcdm_name" value="Interface" />
      </record>
    </records>
    <m2mrelationships />
  </entity>
  <entity name="govcdm_ittechnology" displayname="IT Technology">
    <records>
      <record id="5bc611b9-eab9-f011-bbd2-001dd806e92f">
        <field name="govcdm_ittechnologyid" value="5bc611b9-eab9-f011-bbd2-001dd806e92f" />
        <field name="govcdm_ittechnologytype" value="81547a3f-eab9-f011-bbd2-001dd806e92f" lookupentity="govcdm_ittechnologytype" lookupentityname="Cloud Platform" />
        <field name="govcdm_vendor" value="5cc611b9-eab9-f011-bbd2-001dd806e92f" lookupentity="account" lookupentityname="Microsoft" />
        <field name="govcdm_name" value="Microsoft Azure" />
      </record>
      <record id="2d16b4ca-eab9-f011-bbd2-001dd806e92f">
        <field name="govcdm_ittechnologyid" value="2d16b4ca-eab9-f011-bbd2-001dd806e92f" />
        <field name="govcdm_ittechnologytype" value="1ecae689-eab9-f011-bbd2-001dd806e92f" lookupentity="govcdm_ittechnologytype" lookupentityname="Object Oriented Language" />
        <field name="govcdm_name" value="Python" />
      </record>
    </records>
    <m2mrelationships />
  </entity>
  <entity name="govcdm_ittechnologytype" displayname="IT Technology Type">
    <records>
      <record id="81547a3f-eab9-f011-bbd2-001dd806e92f">
        <field name="govcdm_ittechnologycategory" value="166840000" />
        <field name="govcdm_ittechnologytypeid" value="81547a3f-eab9-f011-bbd2-001dd806e92f" />
        <field name="govcdm_name" value="Cloud Platform" />
      </record>
      <record id="68456547-eab9-f011-bbd2-001dd806e92f">
        <field name="govcdm_ittechnologycategory" value="166840000" />
        <field name="govcdm_ittechnologytypeid" value="68456547-eab9-f011-bbd2-001dd806e92f" />
        <field name="govcdm_name" value="Hosting Model" />
      </record>
      <record id="1ecae689-eab9-f011-bbd2-001dd806e92f">
        <field name="govcdm_ittechnologycategory" value="166840001" />
        <field name="govcdm_ittechnologytypeid" value="1ecae689-eab9-f011-bbd2-001dd806e92f" />
        <field name="govcdm_name" value="Object Oriented Language" />
      </record>
      <record id="2e330f90-eab9-f011-bbd2-001dd806e92f">
        <field name="govcdm_ittechnologycategory" value="166840001" />
        <field name="govcdm_ittechnologytypeid" value="2e330f90-eab9-f011-bbd2-001dd806e92f" />
        <field name="govcdm_name" value="Functional Language" />
      </record>
      <record id="1ecf9597-eab9-f011-bbd2-001dd806e92f">
        <field name="govcdm_ittechnologycategory" value="166840002" />
        <field name="govcdm_ittechnologytypeid" value="1ecf9597-eab9-f011-bbd2-001dd806e92f" />
        <field name="govcdm_name" value="Web Framework" />
      </record>
      <record id="27cf9597-eab9-f011-bbd2-001dd806e92f">
        <field name="govcdm_ittechnologycategory" value="166840002" />
        <field name="govcdm_ittechnologytypeid" value="27cf9597-eab9-f011-bbd2-001dd806e92f" />
        <field name="govcdm_name" value="UI Framework" />
      </record>
      <record id="20ec82a7-eab9-f011-bbd2-001dd806e92f">
        <field name="govcdm_ittechnologycategory" value="166840003" />
        <field name="govcdm_ittechnologytypeid" value="20ec82a7-eab9-f011-bbd2-001dd806e92f" />
        <field name="govcdm_name" value="Data Science Toolkit" />
      </record>
      <record id="9a14e2f0-eab9-f011-bbd2-001dd806e92f">
        <field name="govcdm_ittechnologycategory" value="166840000" />
        <field name="govcdm_ittechnologytypeid" value="9a14e2f0-eab9-f011-bbd2-001dd806e92f" />
        <field name="govcdm_name" value="ERP System" />
      </record>
    </records>
    <m2mrelationships />
  </entity>
</entities>