
<entities xmlns:xsd="http://www.w3.org/2001/XMLSchema" xmlns:xsi="http://www.w3.org/2001/XMLSchema-instance" timestamp="2024-04-02T19:29:46.7509320Z">
  <entity name="govcdm_project" displayname="Project">
    <records>
      <record id="3d7bed65-c8d5-ee11-9079-000d3a3b9c87">
        <field name="govcdm_description" value="&amp;lt;div data-wrapper=&amp;quot;true&amp;quot; dir=&amp;quot;ltr&amp;quot; style=&amp;quot;font-size:9pt;font-family:&amp;#39;Segoe UI&amp;#39;,&amp;#39;Helvetica Neue&amp;#39;,sans-serif;&amp;quot;&amp;gt;&amp;lt;div&amp;gt;This project aims to modernize and rehabilitate critical infrastructure across the nation, focusing on bridges, roads, and public transportation systems to ensure safety, efficiency, and environmental sustainability.&amp;lt;/div&amp;gt;&amp;lt;/div&amp;gt;" />
        <field name="govcdm_name" value="Federal Infrastructure Renewal Initiative" />
        <field name="govcdm_projectid" value="3d7bed65-c8d5-ee11-9079-000d3a3b9c87" />
        <field name="govcdm_projectcode" value="FIRI" />
        <field name="statecode" value="0" />
        <field name="statuscode" value="1" />
      </record>
      <record id="d75fc86c-c8d5-ee11-9079-000d3a3b9c87">
        <field name="govcdm_description" value="&amp;lt;div data-wrapper=&amp;quot;true&amp;quot; dir=&amp;quot;ltr&amp;quot; style=&amp;quot;font-size:9pt;font-family:&amp;#39;Segoe UI&amp;#39;,&amp;#39;Helvetica Neue&amp;#39;,sans-serif;&amp;quot;&amp;gt;&amp;lt;div&amp;gt;A comprehensive effort to strengthen the cybersecurity posture of federal agencies by implementing advanced security protocols, training federal employees in cybersecurity best practices, and enhancing the government&amp;#39;s ability to respond to cyber threats.&amp;lt;/div&amp;gt;&amp;lt;/div&amp;gt;" />
        <field name="govcdm_name" value="National Cybersecurity Enhancement Program" />
        <field name="govcdm_projectid" value="d75fc86c-c8d5-ee11-9079-000d3a3b9c87" />
        <field name="govcdm_projectcode" value="NCEP" />
        <field name="statecode" value="0" />
        <field name="statuscode" value="1" />
      </record>
      <record id="caf9f972-c8d5-ee11-9079-000d3a3b9c87">
        <field name="govcdm_description" value="&amp;lt;div data-wrapper=&amp;quot;true&amp;quot; dir=&amp;quot;ltr&amp;quot; style=&amp;quot;font-family:&amp;#39;Segoe UI&amp;#39;,&amp;#39;Helvetica Neue&amp;#39;,sans-serif; font-size:9pt&amp;quot;&amp;gt;Focuses on accelerating the federal government&amp;#39;s transition to clean energy sources, including solar and wind, by funding renewable energy projects, upgrading facilities to energy-efficient standards, and fostering public-private partnerships for innovation.&amp;lt;/div&amp;gt;" />
        <field name="govcdm_name" value="Clean Energy Transition Project" />
        <field name="govcdm_projectid" value="caf9f972-c8d5-ee11-9079-000d3a3b9c87" />
        <field name="govcdm_projectcode" value="CETP" />
        <field name="statecode" value="0" />
        <field name="statuscode" value="1" />
      </record>
      <record id="5765ca85-c8d5-ee11-9079-000d3a3b9c87">
        <field name="govcdm_description" value="&amp;lt;div data-wrapper=&amp;quot;true&amp;quot; dir=&amp;quot;ltr&amp;quot; style=&amp;quot;font-size:9pt;font-family:&amp;#39;Segoe UI&amp;#39;,&amp;#39;Helvetica Neue&amp;#39;,sans-serif;&amp;quot;&amp;gt;&amp;lt;div&amp;gt;Enhances national security measures through advanced surveillance and monitoring technologies, increased border security protocols, and the development of rapid response teams to address domestic and international threats.&amp;lt;/div&amp;gt;&amp;lt;/div&amp;gt;" />
        <field name="govcdm_name" value="Homeland Security Strengthening Project" />
        <field name="govcdm_projectid" value="5765ca85-c8d5-ee11-9079-000d3a3b9c87" />
        <field name="govcdm_projectcode" value="HSSP" />
        <field name="statecode" value="0" />
        <field name="statuscode" value="1" />
      </record>
      <record id="b1fafd91-c8d5-ee11-9079-000d3a3b9c87">
        <field name="govcdm_description" value="&amp;lt;div data-wrapper=&amp;quot;true&amp;quot; dir=&amp;quot;ltr&amp;quot; style=&amp;quot;font-size:9pt;font-family:&amp;#39;Segoe UI&amp;#39;,&amp;#39;Helvetica Neue&amp;#39;,sans-serif;&amp;quot;&amp;gt;&amp;lt;div&amp;gt;Focuses on the integration of digital technologies into government operations to improve service delivery, increase transparency, and facilitate citizen engagement through online platforms and mobile applications.&amp;lt;/div&amp;gt;&amp;lt;/div&amp;gt;" />
        <field name="govcdm_name" value="Digital Government Integration Project" />
        <field name="govcdm_projectid" value="b1fafd91-c8d5-ee11-9079-000d3a3b9c87" />
        <field name="govcdm_projectcode" value="DGIP" />
        <field name="statecode" value="0" />
        <field name="statuscode" value="1" />
      </record>
    </records>
    <m2mrelationships />
  </entity>
</entities>