﻿<?xml version="1.0" encoding="utf-8"?>
<ImportExportXml xmlns:xsi="http://www.w3.org/2001/XMLSchema-instance">
  <Entities>
    <Entity>
      <Name LocalizedName="Court Case" OriginalName="Court Case">govcdm_CourtCase</Name>
      <FormXml>
        <forms type="main">
          <systemform>
            <formid>{a82702ff-cef1-ee11-904b-000d3a8cbc95}</formid>
            <IntroducedVersion>1.0</IntroducedVersion>
            <FormPresentation>1</FormPresentation>
            <FormActivationState>1</FormActivationState>
            <form headerdensity="HighWithControls">
              <tabs>
                <tab verticallayout="true" id="{9e93eee2-5b04-4001-87e1-057472b4ec4f}" IsUserDefined="1" labelid="{80dc4c3d-5577-4c61-8148-db3d793bfa7e}">
                  <labels>
                    <label description="General" languagecode="1033" />
                  </labels>
                  <columns>
                    <column width="100%">
                      <sections>
                        <section showlabel="false" showbar="false" IsUserDefined="0" id="{df6818b2-f7f5-4a17-85dc-47c71186cc5f}" labelid="{1a50c473-a074-4bbf-b19e-3e64a8a6ee63}">
                          <labels>
                            <label description="General" languagecode="1033" />
                          </labels>
                          <rows>
                            <row>
                              <cell id="{ab2c6380-3939-452a-a416-6454ce3e6b05}" labelid="{275fecec-7a98-4dd6-ade4-a0aebb2d4642}">
                                <labels>
                                  <label description="Name" languagecode="1033" />
                                </labels>
                                <control id="govcdm_name" classid="{4273EDBD-AC1D-40d3-9FB2-095C621B552D}" datafieldname="govcdm_name" />
                              </cell>
                            </row>
                            <row>
                              <cell id="{076d2e56-11be-4b76-8225-6c1d037981ad}" labelid="{d6ae6629-2512-4112-bf23-a2d91df06b5c}">
                                <labels>
                                  <label description="Owner" languagecode="1033" />
                                </labels>
                                <control id="ownerid" classid="{270BD3DB-D9AF-4782-9025-509E298DEC0A}" datafieldname="ownerid" />
                              </cell>
                            </row>
                          </rows>
                        </section>
                      </sections>
                    </column>
                  </columns>
                </tab>
              </tabs>
              <header id="{81ba63cc-8ddb-4feb-932e-0acda0b42844}" celllabelposition="Top" columns="111" labelwidth="115" celllabelalignment="Left">
                <rows>
                  <row>
                    <cell id="{7063c015-d503-43bf-bf32-2c55e62e4473}" showlabel="false" labelid="{00bc4ca9-34c5-49a8-9df5-d72ea16af9a2}">
                      <labels>
                        <label description="" languagecode="1033" />
                      </labels>
                    </cell>
                    <cell id="{51d19b55-d4f9-4c6b-80b4-8d62f409ed11}" showlabel="false" labelid="{32583e1f-fc6c-483b-8187-b355349c4993}">
                      <labels>
                        <label description="" languagecode="1033" />
                      </labels>
                    </cell>
                    <cell id="{fb9a9a40-ed32-4f69-9d07-a11c9c0a5eb6}" showlabel="false" labelid="{94cc35b6-36d1-4cfd-9bc4-1600f705e641}">
                      <labels>
                        <label description="" languagecode="1033" />
                      </labels>
                    </cell>
                  </row>
                </rows>
              </header>
              <footer id="{805a2dbc-1b52-42c1-b930-fe41106b5468}" celllabelposition="Top" columns="111" labelwidth="115" celllabelalignment="Left">
                <rows>
                  <row>
                    <cell id="{794038a8-c01f-403f-b513-62f053202125}" showlabel="false" labelid="{a7d6ca10-d361-47fb-ad92-5046d6d42595}">
                      <labels>
                        <label description="" languagecode="1033" />
                      </labels>
                    </cell>
                    <cell id="{488be529-5e0a-4883-8490-4b9b2f168534}" showlabel="false" labelid="{be5d832d-2361-47d3-bfd9-d76d919c77d8}">
                      <labels>
                        <label description="" languagecode="1033" />
                      </labels>
                    </cell>
                    <cell id="{7a5df1db-9ee4-446a-a381-af19affad6eb}" showlabel="false" labelid="{fd2fb759-2864-48d1-990a-db2a67fc3b52}">
                      <labels>
                        <label description="" languagecode="1033" />
                      </labels>
                    </cell>
                  </row>
                </rows>
              </footer>
              <DisplayConditions Order="1" FallbackForm="true">
                <Role Id="{627090ff-40a3-4053-8790-584edc5be201}" />
                <Role Id="{119f245c-3cc8-4b62-b31c-d1a046ced15d}" />
              </DisplayConditions>
            </form>
            <IsCustomizable>1</IsCustomizable>
            <CanBeDeleted>1</CanBeDeleted>
            <LocalizedNames>
              <LocalizedName description="Main" languagecode="1033" />
            </LocalizedNames>
            <Descriptions>
              <Description description="A form for this entity." languagecode="1033" />
            </Descriptions>
          </systemform>
        </forms>
      </FormXml>
      <RibbonDiffXml>
        <CustomActions />
        <Templates>
          <RibbonTemplates Id="Mscrm.Templates"></RibbonTemplates>
        </Templates>
        <CommandDefinitions />
        <RuleDefinitions>
          <TabDisplayRules />
          <DisplayRules />
          <EnableRules />
        </RuleDefinitions>
        <LocLabels />
      </RibbonDiffXml>
    </Entity>
    <Entity>
      <Name LocalizedName="Court Case Party" OriginalName="Court Case Party">govcdm_CourtCaseParty</Name>
      <FormXml>
        <forms type="main">
          <systemform>
            <formid>{2e63d70e-cff1-ee11-904b-000d3a8cbc95}</formid>
            <IntroducedVersion>1.0</IntroducedVersion>
            <FormPresentation>1</FormPresentation>
            <FormActivationState>1</FormActivationState>
            <form headerdensity="HighWithControls">
              <tabs>
                <tab verticallayout="true" id="{25b125f1-fa8a-4c3f-8224-2061223bb4a9}" IsUserDefined="1" labelid="{25fbb02e-055b-4cfa-bec5-7ebcb48ae6ac}">
                  <labels>
                    <label description="General" languagecode="1033" />
                  </labels>
                  <columns>
                    <column width="100%">
                      <sections>
                        <section showlabel="false" showbar="false" IsUserDefined="0" id="{edc00298-a6ec-41c5-8546-b5f8799e43f5}" labelid="{4c80ff23-c5be-4385-a44e-c20c091b282f}">
                          <labels>
                            <label description="General" languagecode="1033" />
                          </labels>
                          <rows>
                            <row>
                              <cell id="{e385d1b7-c7b9-4aa1-abd5-6dd15bcfe9ec}" labelid="{d2ed4bde-3248-4733-9de4-900329fdbe2e}">
                                <labels>
                                  <label description="Name" languagecode="1033" />
                                </labels>
                                <control id="govcdm_name" classid="{4273EDBD-AC1D-40d3-9FB2-095C621B552D}" datafieldname="govcdm_name" />
                              </cell>
                            </row>
                            <row>
                              <cell id="{15a1c3a8-5a4c-4c05-903f-cc61acb33011}" labelid="{fceae141-102b-4963-ad98-973c1557e482}">
                                <labels>
                                  <label description="Owner" languagecode="1033" />
                                </labels>
                                <control id="ownerid" classid="{270BD3DB-D9AF-4782-9025-509E298DEC0A}" datafieldname="ownerid" />
                              </cell>
                            </row>
                          </rows>
                        </section>
                      </sections>
                    </column>
                  </columns>
                </tab>
              </tabs>
              <header id="{77d20a78-4673-495e-a132-32b5f67001e4}" celllabelposition="Top" columns="111" labelwidth="115" celllabelalignment="Left">
                <rows>
                  <row>
                    <cell id="{b6b08a89-99f4-403b-b2db-53647afc343f}" showlabel="false" labelid="{8b8dfa3d-ff61-41df-8e4f-5848179666c5}">
                      <labels>
                        <label description="" languagecode="1033" />
                      </labels>
                    </cell>
                    <cell id="{a913a839-cf5e-4368-a007-efb1361f1630}" showlabel="false" labelid="{46928e71-b7d4-4076-a71c-5c23ac634865}">
                      <labels>
                        <label description="" languagecode="1033" />
                      </labels>
                    </cell>
                    <cell id="{ab488bb2-4388-40bf-848a-9ba712ced53f}" showlabel="false" labelid="{949428fc-7aad-4cdc-9f73-f2bef92944e6}">
                      <labels>
                        <label description="" languagecode="1033" />
                      </labels>
                    </cell>
                  </row>
                </rows>
              </header>
              <footer id="{dfcb0df8-f0fe-4346-88d8-cdd25669c653}" celllabelposition="Top" columns="111" labelwidth="115" celllabelalignment="Left">
                <rows>
                  <row>
                    <cell id="{5593aadf-48ff-4d91-aaa5-34198b03b27b}" showlabel="false" labelid="{6584763e-6397-4a3f-afe6-bce7ea4d91d2}">
                      <labels>
                        <label description="" languagecode="1033" />
                      </labels>
                    </cell>
                    <cell id="{06407259-3f6b-40d3-a7e9-3739368af54c}" showlabel="false" labelid="{a5b8ddc1-56e0-4af5-b59e-2102c18ca5cb}">
                      <labels>
                        <label description="" languagecode="1033" />
                      </labels>
                    </cell>
                    <cell id="{92ce63ca-aef5-417f-8223-5d7581976c4b}" showlabel="false" labelid="{b649ca3e-57d7-479b-8536-b74ffe6efb3d}">
                      <labels>
                        <label description="" languagecode="1033" />
                      </labels>
                    </cell>
                  </row>
                </rows>
              </footer>
              <DisplayConditions Order="1" FallbackForm="true">
                <Role Id="{627090ff-40a3-4053-8790-584edc5be201}" />
                <Role Id="{119f245c-3cc8-4b62-b31c-d1a046ced15d}" />
              </DisplayConditions>
            </form>
            <IsCustomizable>1</IsCustomizable>
            <CanBeDeleted>1</CanBeDeleted>
            <LocalizedNames>
              <LocalizedName description="Main" languagecode="1033" />
            </LocalizedNames>
            <Descriptions>
              <Description description="A form for this entity." languagecode="1033" />
            </Descriptions>
          </systemform>
        </forms>
      </FormXml>
      <RibbonDiffXml>
        <CustomActions />
        <Templates>
          <RibbonTemplates Id="Mscrm.Templates"></RibbonTemplates>
        </Templates>
        <CommandDefinitions />
        <RuleDefinitions>
          <TabDisplayRules />
          <DisplayRules />
          <EnableRules />
        </RuleDefinitions>
        <LocLabels />
      </RibbonDiffXml>
    </Entity>
    <Entity>
      <Name LocalizedName="Court Document" OriginalName="Court Document">govcdm_CourtDocument</Name>
      <FormXml>
        <forms type="main">
          <systemform>
            <formid>{b1d9c920-cff1-ee11-904b-000d3a8cbc95}</formid>
            <IntroducedVersion>1.0</IntroducedVersion>
            <FormPresentation>1</FormPresentation>
            <FormActivationState>1</FormActivationState>
            <form headerdensity="HighWithControls">
              <tabs>
                <tab verticallayout="true" id="{746751f1-012d-4d30-83f0-d0e997f53ffe}" IsUserDefined="1" labelid="{01ce2ad5-6e4b-4bfc-a638-7104220ff715}">
                  <labels>
                    <label description="General" languagecode="1033" />
                  </labels>
                  <columns>
                    <column width="100%">
                      <sections>
                        <section showlabel="false" showbar="false" IsUserDefined="0" id="{e58df8d5-0070-4fa3-990f-dc8f35076d35}" labelid="{afc2147e-14b8-462d-9dd8-94edc437948c}">
                          <labels>
                            <label description="General" languagecode="1033" />
                          </labels>
                          <rows>
                            <row>
                              <cell id="{f7796ab4-5d41-45d8-8d4f-b74187e5b923}" labelid="{8e0713d0-45e0-41e7-b78f-39ae603daf5e}">
                                <labels>
                                  <label description="Name" languagecode="1033" />
                                </labels>
                                <control id="govcdm_name" classid="{4273EDBD-AC1D-40d3-9FB2-095C621B552D}" datafieldname="govcdm_name" />
                              </cell>
                            </row>
                            <row>
                              <cell id="{06369cfe-52ec-4883-b196-aa8eaaa737a5}" labelid="{8301d694-e4b1-487d-bfc0-ab17213a7717}">
                                <labels>
                                  <label description="Owner" languagecode="1033" />
                                </labels>
                                <control id="ownerid" classid="{270BD3DB-D9AF-4782-9025-509E298DEC0A}" datafieldname="ownerid" />
                              </cell>
                            </row>
                          </rows>
                        </section>
                      </sections>
                    </column>
                  </columns>
                </tab>
              </tabs>
              <header id="{5d2c7773-f7e8-4d1b-a95c-bb8f50f9ebcc}" celllabelposition="Top" columns="111" labelwidth="115" celllabelalignment="Left">
                <rows>
                  <row>
                    <cell id="{62482962-1d0e-43c6-9b0c-46043e74c58c}" showlabel="false" labelid="{5204e9df-8c61-4fff-bd46-71f232dc4dd2}">
                      <labels>
                        <label description="" languagecode="1033" />
                      </labels>
                    </cell>
                    <cell id="{13da7865-0bca-4727-b440-0955a7ee9698}" showlabel="false" labelid="{162e5f53-a1bf-49ac-b1b2-608de815fec9}">
                      <labels>
                        <label description="" languagecode="1033" />
                      </labels>
                    </cell>
                    <cell id="{5864c3a3-107a-44a8-a5ca-0047b8cdf3e8}" showlabel="false" labelid="{4953adee-9561-4e55-bf85-6b459e88b7f9}">
                      <labels>
                        <label description="" languagecode="1033" />
                      </labels>
                    </cell>
                  </row>
                </rows>
              </header>
              <footer id="{c296b199-8cbf-4442-a271-e65257456e89}" celllabelposition="Top" columns="111" labelwidth="115" celllabelalignment="Left">
                <rows>
                  <row>
                    <cell id="{5d4c5252-d709-43bf-bc00-ff72672ca31d}" showlabel="false" labelid="{1021546a-5c98-4851-9429-6d2277ccffdc}">
                      <labels>
                        <label description="" languagecode="1033" />
                      </labels>
                    </cell>
                    <cell id="{a312cef4-cd7e-4a0a-8489-c966224bddd0}" showlabel="false" labelid="{e0660b8b-47d3-49d7-a32e-d3ad17aefd68}">
                      <labels>
                        <label description="" languagecode="1033" />
                      </labels>
                    </cell>
                    <cell id="{0d6f4eab-3900-4ea3-b9de-5bfc9f44f410}" showlabel="false" labelid="{95474294-98b2-4b42-b4e5-1111b528c778}">
                      <labels>
                        <label description="" languagecode="1033" />
                      </labels>
                    </cell>
                  </row>
                </rows>
              </footer>
              <DisplayConditions Order="1" FallbackForm="true">
                <Role Id="{627090ff-40a3-4053-8790-584edc5be201}" />
                <Role Id="{119f245c-3cc8-4b62-b31c-d1a046ced15d}" />
              </DisplayConditions>
            </form>
            <IsCustomizable>1</IsCustomizable>
            <CanBeDeleted>1</CanBeDeleted>
            <LocalizedNames>
              <LocalizedName description="Main" languagecode="1033" />
            </LocalizedNames>
            <Descriptions>
              <Description description="A form for this entity." languagecode="1033" />
            </Descriptions>
          </systemform>
        </forms>
      </FormXml>
      <RibbonDiffXml>
        <CustomActions />
        <Templates>
          <RibbonTemplates Id="Mscrm.Templates"></RibbonTemplates>
        </Templates>
        <CommandDefinitions />
        <RuleDefinitions>
          <TabDisplayRules />
          <DisplayRules />
          <EnableRules />
        </RuleDefinitions>
        <LocLabels />
      </RibbonDiffXml>
    </Entity>
    <Entity>
      <Name LocalizedName="Court Hearing" OriginalName="Court Hearing">govcdm_CourtHearing</Name>
      <FormXml>
        <forms type="main">
          <systemform>
            <formid>{dad24737-cff1-ee11-904b-000d3a8cbc95}</formid>
            <IntroducedVersion>1.0</IntroducedVersion>
            <FormPresentation>1</FormPresentation>
            <FormActivationState>1</FormActivationState>
            <form headerdensity="HighWithControls">
              <tabs>
                <tab verticallayout="true" id="{e79e1fab-4cb1-479d-a4e1-9a1e6e126954}" IsUserDefined="1" labelid="{1cee62e7-1271-49b5-9451-21b464205db7}">
                  <labels>
                    <label description="General" languagecode="1033" />
                  </labels>
                  <columns>
                    <column width="100%">
                      <sections>
                        <section showlabel="false" showbar="false" IsUserDefined="0" id="{dade2048-deb4-4515-8925-8e22ea62f51c}" labelid="{0867e810-64f3-4858-9a6b-e2d4c7be87fc}">
                          <labels>
                            <label description="General" languagecode="1033" />
                          </labels>
                          <rows>
                            <row>
                              <cell id="{61980347-8a90-419d-8f98-f6a9e8f4ec5c}" labelid="{cecdff44-55c2-4b01-bced-265e667d1225}">
                                <labels>
                                  <label description="Name" languagecode="1033" />
                                </labels>
                                <control id="govcdm_name" classid="{4273EDBD-AC1D-40d3-9FB2-095C621B552D}" datafieldname="govcdm_name" />
                              </cell>
                            </row>
                            <row>
                              <cell id="{81a7031b-403c-498d-addb-350931405505}" labelid="{fb31595c-27ed-4da6-91b1-f8e82289a129}">
                                <labels>
                                  <label description="Owner" languagecode="1033" />
                                </labels>
                                <control id="ownerid" classid="{270BD3DB-D9AF-4782-9025-509E298DEC0A}" datafieldname="ownerid" />
                              </cell>
                            </row>
                          </rows>
                        </section>
                      </sections>
                    </column>
                  </columns>
                </tab>
              </tabs>
              <header id="{88a13975-cd6d-433a-b12a-f64cda26ae03}" celllabelposition="Top" columns="111" labelwidth="115" celllabelalignment="Left">
                <rows>
                  <row>
                    <cell id="{d794ad62-d528-42bf-94cc-d40bfa9f26cc}" showlabel="false" labelid="{49c6df3d-11ec-4c3f-b80e-d57390eb468b}">
                      <labels>
                        <label description="" languagecode="1033" />
                      </labels>
                    </cell>
                    <cell id="{2ddcdd38-ba3e-4b2e-a31d-e1c1b39dda55}" showlabel="false" labelid="{8f9d204c-4d79-46e4-8faa-42b2f8c18ca5}">
                      <labels>
                        <label description="" languagecode="1033" />
                      </labels>
                    </cell>
                    <cell id="{9c893942-68b5-45e6-a58f-84101beabbdd}" showlabel="false" labelid="{01d8cdda-8d63-4cba-9047-2c9b1bc2ad30}">
                      <labels>
                        <label description="" languagecode="1033" />
                      </labels>
                    </cell>
                  </row>
                </rows>
              </header>
              <footer id="{0a44e587-6ca0-44ab-896a-535fcacf0a4f}" celllabelposition="Top" columns="111" labelwidth="115" celllabelalignment="Left">
                <rows>
                  <row>
                    <cell id="{f333930d-9818-4e5c-92a0-399457293c95}" showlabel="false" labelid="{b9eb93a5-0867-4076-b813-70b7b079c5b7}">
                      <labels>
                        <label description="" languagecode="1033" />
                      </labels>
                    </cell>
                    <cell id="{ba9ae2d9-8a08-4425-a018-029a454e8d0e}" showlabel="false" labelid="{4dbe6217-7ebe-4eee-acfc-f07cd7e1a7a9}">
                      <labels>
                        <label description="" languagecode="1033" />
                      </labels>
                    </cell>
                    <cell id="{9f1c217e-6ef0-4c82-975f-7cc97d3688e6}" showlabel="false" labelid="{533a304c-dcda-4796-ada7-5629148026b6}">
                      <labels>
                        <label description="" languagecode="1033" />
                      </labels>
                    </cell>
                  </row>
                </rows>
              </footer>
              <DisplayConditions Order="1" FallbackForm="true">
                <Role Id="{627090ff-40a3-4053-8790-584edc5be201}" />
                <Role Id="{119f245c-3cc8-4b62-b31c-d1a046ced15d}" />
              </DisplayConditions>
            </form>
            <IsCustomizable>1</IsCustomizable>
            <CanBeDeleted>1</CanBeDeleted>
            <LocalizedNames>
              <LocalizedName description="Main" languagecode="1033" />
            </LocalizedNames>
            <Descriptions>
              <Description description="A form for this entity." languagecode="1033" />
            </Descriptions>
          </systemform>
        </forms>
      </FormXml>
      <RibbonDiffXml>
        <CustomActions />
        <Templates>
          <RibbonTemplates Id="Mscrm.Templates"></RibbonTemplates>
        </Templates>
        <CommandDefinitions />
        <RuleDefinitions>
          <TabDisplayRules />
          <DisplayRules />
          <EnableRules />
        </RuleDefinitions>
        <LocLabels />
      </RibbonDiffXml>
    </Entity>
    <Entity>
      <Name LocalizedName="Court Motion" OriginalName="Court Motion">govcdm_CourtMotion</Name>
      <FormXml>
        <forms type="main">
          <systemform>
            <formid>{21db6a48-cff1-ee11-904b-000d3a8cbc95}</formid>
            <IntroducedVersion>1.0</IntroducedVersion>
            <FormPresentation>1</FormPresentation>
            <FormActivationState>1</FormActivationState>
            <form headerdensity="HighWithControls">
              <tabs>
                <tab verticallayout="true" id="{01b740fb-1394-44f8-bcb2-e3c99e7cfb2b}" IsUserDefined="1" labelid="{c1f0fc57-49c2-4ce2-b5cc-10af060a1f98}">
                  <labels>
                    <label description="General" languagecode="1033" />
                  </labels>
                  <columns>
                    <column width="100%">
                      <sections>
                        <section showlabel="false" showbar="false" IsUserDefined="0" id="{318a81d7-3e0b-42ec-9583-03b346dad720}" labelid="{773d6738-21c9-41c3-aa46-af9c8b56fdc6}">
                          <labels>
                            <label description="General" languagecode="1033" />
                          </labels>
                          <rows>
                            <row>
                              <cell id="{7d692644-6900-41ed-9ec7-cfcee8e422f9}" labelid="{4340a5a7-45a1-405c-9ed3-a13ebd09c46b}">
                                <labels>
                                  <label description="Name" languagecode="1033" />
                                </labels>
                                <control id="govcdm_name" classid="{4273EDBD-AC1D-40d3-9FB2-095C621B552D}" datafieldname="govcdm_name" />
                              </cell>
                            </row>
                            <row>
                              <cell id="{47fbd668-fd09-44f4-af58-249918278485}" labelid="{1257160b-24e4-46b7-8de8-bb978c084b0d}">
                                <labels>
                                  <label description="Owner" languagecode="1033" />
                                </labels>
                                <control id="ownerid" classid="{270BD3DB-D9AF-4782-9025-509E298DEC0A}" datafieldname="ownerid" />
                              </cell>
                            </row>
                          </rows>
                        </section>
                      </sections>
                    </column>
                  </columns>
                </tab>
              </tabs>
              <header id="{a1a7448e-4492-4019-a5a7-f52b262c5bbe}" celllabelposition="Top" columns="111" labelwidth="115" celllabelalignment="Left">
                <rows>
                  <row>
                    <cell id="{e361dafd-1061-4708-913c-a817518803ea}" showlabel="false" labelid="{e5930bf3-a1a9-4339-9cb3-264083d49e63}">
                      <labels>
                        <label description="" languagecode="1033" />
                      </labels>
                    </cell>
                    <cell id="{7cafb6d8-6b2b-47eb-a226-6946d417864c}" showlabel="false" labelid="{8ee7aae6-b265-4bfe-8937-2929e0bb7c92}">
                      <labels>
                        <label description="" languagecode="1033" />
                      </labels>
                    </cell>
                    <cell id="{480b0294-8fd7-4c58-aed9-847856268c34}" showlabel="false" labelid="{df410156-747f-4003-be7c-e6e1c28e2122}">
                      <labels>
                        <label description="" languagecode="1033" />
                      </labels>
                    </cell>
                  </row>
                </rows>
              </header>
              <footer id="{409e8d23-d881-46b5-a5a1-2597ebeb1b24}" celllabelposition="Top" columns="111" labelwidth="115" celllabelalignment="Left">
                <rows>
                  <row>
                    <cell id="{dcaafd7e-020e-4da7-a7f0-e056fda81ef4}" showlabel="false" labelid="{e2fd446e-8f0b-4b31-8e36-47a4716152f8}">
                      <labels>
                        <label description="" languagecode="1033" />
                      </labels>
                    </cell>
                    <cell id="{e135898c-7e60-4d49-aef2-b2844d595eae}" showlabel="false" labelid="{b485739a-8920-405a-815e-0303322fdd47}">
                      <labels>
                        <label description="" languagecode="1033" />
                      </labels>
                    </cell>
                    <cell id="{01c1fce3-8077-49d2-a5a8-760796e4439e}" showlabel="false" labelid="{dd4b980e-d09e-4118-8964-4fed76461eaf}">
                      <labels>
                        <label description="" languagecode="1033" />
                      </labels>
                    </cell>
                  </row>
                </rows>
              </footer>
              <DisplayConditions Order="1" FallbackForm="true">
                <Role Id="{627090ff-40a3-4053-8790-584edc5be201}" />
                <Role Id="{119f245c-3cc8-4b62-b31c-d1a046ced15d}" />
              </DisplayConditions>
            </form>
            <IsCustomizable>1</IsCustomizable>
            <CanBeDeleted>1</CanBeDeleted>
            <LocalizedNames>
              <LocalizedName description="Main" languagecode="1033" />
            </LocalizedNames>
            <Descriptions>
              <Description description="A form for this entity." languagecode="1033" />
            </Descriptions>
          </systemform>
        </forms>
      </FormXml>
      <RibbonDiffXml>
        <CustomActions />
        <Templates>
          <RibbonTemplates Id="Mscrm.Templates"></RibbonTemplates>
        </Templates>
        <CommandDefinitions />
        <RuleDefinitions>
          <TabDisplayRules />
          <DisplayRules />
          <EnableRules />
        </RuleDefinitions>
        <LocLabels />
      </RibbonDiffXml>
    </Entity>
    <Entity>
      <Name LocalizedName="Court Order" OriginalName="Court Order">govcdm_CourtOrder</Name>
      <FormXml>
        <forms type="main">
          <systemform>
            <formid>{e4278b54-cff1-ee11-904b-000d3a8cbc95}</formid>
            <IntroducedVersion>1.0</IntroducedVersion>
            <FormPresentation>1</FormPresentation>
            <FormActivationState>1</FormActivationState>
            <form headerdensity="HighWithControls">
              <tabs>
                <tab verticallayout="true" id="{37ca1a54-bbec-4451-8f31-7d27c2bce7f4}" IsUserDefined="1" labelid="{b93d7708-a1b3-49b4-9905-ca85ce7ee0a9}">
                  <labels>
                    <label description="General" languagecode="1033" />
                  </labels>
                  <columns>
                    <column width="100%">
                      <sections>
                        <section showlabel="false" showbar="false" IsUserDefined="0" id="{0dd0d062-3645-4671-a536-0169c5e2d602}" labelid="{013b13d9-aab2-418e-882f-082f698dfb28}">
                          <labels>
                            <label description="General" languagecode="1033" />
                          </labels>
                          <rows>
                            <row>
                              <cell id="{20cc44aa-eeb2-49a0-9afa-d6e2e636fce7}" labelid="{8ddd6444-6ca8-4ef6-8e6c-57ddec402853}">
                                <labels>
                                  <label description="Name" languagecode="1033" />
                                </labels>
                                <control id="govcdm_name" classid="{4273EDBD-AC1D-40d3-9FB2-095C621B552D}" datafieldname="govcdm_name" />
                              </cell>
                            </row>
                            <row>
                              <cell id="{3ad67288-fc03-496d-980f-8f931ab034a6}" labelid="{083329db-b29d-41b0-bc7a-6c1102068257}">
                                <labels>
                                  <label description="Owner" languagecode="1033" />
                                </labels>
                                <control id="ownerid" classid="{270BD3DB-D9AF-4782-9025-509E298DEC0A}" datafieldname="ownerid" />
                              </cell>
                            </row>
                          </rows>
                        </section>
                      </sections>
                    </column>
                  </columns>
                </tab>
              </tabs>
              <header id="{07d99a5a-512a-4777-b3b1-c7f7a88d28ad}" celllabelposition="Top" columns="111" labelwidth="115" celllabelalignment="Left">
                <rows>
                  <row>
                    <cell id="{eee32eb1-1b2e-4b48-a8eb-8e989b93da54}" showlabel="false" labelid="{65368bb1-fed7-45de-938f-ec451c98eec4}">
                      <labels>
                        <label description="" languagecode="1033" />
                      </labels>
                    </cell>
                    <cell id="{50ddc80f-7376-4945-82d7-96a5141b23fb}" showlabel="false" labelid="{0ea2d688-a5dc-421c-9cb9-febbe5d957ad}">
                      <labels>
                        <label description="" languagecode="1033" />
                      </labels>
                    </cell>
                    <cell id="{fab5b72c-b43a-45bb-a2d4-3424f6a833d1}" showlabel="false" labelid="{beffcd75-36b6-4a60-830a-964927bc9a73}">
                      <labels>
                        <label description="" languagecode="1033" />
                      </labels>
                    </cell>
                  </row>
                </rows>
              </header>
              <footer id="{abf83fb5-6efe-40bf-b51f-0fa811b74337}" celllabelposition="Top" columns="111" labelwidth="115" celllabelalignment="Left">
                <rows>
                  <row>
                    <cell id="{012fe6ba-7c6d-4ed9-b27c-c0433b05a7b1}" showlabel="false" labelid="{38f048ff-ca97-4bb0-9609-19d402ee7bd1}">
                      <labels>
                        <label description="" languagecode="1033" />
                      </labels>
                    </cell>
                    <cell id="{6358c812-eb21-440e-91c0-3822337df841}" showlabel="false" labelid="{1a6bd543-c504-4aaf-aacc-18c2b595d4e8}">
                      <labels>
                        <label description="" languagecode="1033" />
                      </labels>
                    </cell>
                    <cell id="{75bfd9ae-ce90-476e-ad6b-c24e923a7a50}" showlabel="false" labelid="{97ed4435-98d3-47a5-9f92-d232e4682739}">
                      <labels>
                        <label description="" languagecode="1033" />
                      </labels>
                    </cell>
                  </row>
                </rows>
              </footer>
              <DisplayConditions Order="1" FallbackForm="true">
                <Role Id="{627090ff-40a3-4053-8790-584edc5be201}" />
                <Role Id="{119f245c-3cc8-4b62-b31c-d1a046ced15d}" />
              </DisplayConditions>
            </form>
            <IsCustomizable>1</IsCustomizable>
            <CanBeDeleted>1</CanBeDeleted>
            <LocalizedNames>
              <LocalizedName description="Main" languagecode="1033" />
            </LocalizedNames>
            <Descriptions>
              <Description description="A form for this entity." languagecode="1033" />
            </Descriptions>
          </systemform>
        </forms>
      </FormXml>
      <RibbonDiffXml>
        <CustomActions />
        <Templates>
          <RibbonTemplates Id="Mscrm.Templates"></RibbonTemplates>
        </Templates>
        <CommandDefinitions />
        <RuleDefinitions>
          <TabDisplayRules />
          <DisplayRules />
          <EnableRules />
        </RuleDefinitions>
        <LocLabels />
      </RibbonDiffXml>
    </Entity>
    <Entity>
      <Name LocalizedName="Court Session" OriginalName="Court Session">govcdm_CourtSession</Name>
      <FormXml>
        <forms type="main">
          <systemform>
            <formid>{c54e8e66-cff1-ee11-904b-000d3a8cbc95}</formid>
            <IntroducedVersion>1.0</IntroducedVersion>
            <FormPresentation>1</FormPresentation>
            <FormActivationState>1</FormActivationState>
            <form headerdensity="HighWithControls">
              <tabs>
                <tab verticallayout="true" id="{467898c7-df42-41ec-8e3c-4328df906f39}" IsUserDefined="1" labelid="{6cc960ca-aad2-4c39-a624-31382bb4fec2}">
                  <labels>
                    <label description="General" languagecode="1033" />
                  </labels>
                  <columns>
                    <column width="100%">
                      <sections>
                        <section showlabel="false" showbar="false" IsUserDefined="0" id="{6a950a92-540d-4c7c-a8f3-7bed201e539c}" labelid="{4212cf1f-d778-4f39-b8be-179345834571}">
                          <labels>
                            <label description="General" languagecode="1033" />
                          </labels>
                          <rows>
                            <row>
                              <cell id="{ea3f7f32-048e-4f63-aedd-2c73cbd0bc92}" labelid="{a7386011-9d69-4bbd-96a0-50983e90b9fe}">
                                <labels>
                                  <label description="Name" languagecode="1033" />
                                </labels>
                                <control id="govcdm_name" classid="{4273EDBD-AC1D-40d3-9FB2-095C621B552D}" datafieldname="govcdm_name" />
                              </cell>
                            </row>
                            <row>
                              <cell id="{c40e33a3-7221-4f90-b2e4-3a24a1425a1f}" labelid="{7b8b4e74-8a5c-4f08-b223-be4d28fbd43a}">
                                <labels>
                                  <label description="Owner" languagecode="1033" />
                                </labels>
                                <control id="ownerid" classid="{270BD3DB-D9AF-4782-9025-509E298DEC0A}" datafieldname="ownerid" />
                              </cell>
                            </row>
                          </rows>
                        </section>
                      </sections>
                    </column>
                  </columns>
                </tab>
              </tabs>
              <header id="{5fc4688f-4975-4b77-99df-b3f5d6356f3e}" celllabelposition="Top" columns="111" labelwidth="115" celllabelalignment="Left">
                <rows>
                  <row>
                    <cell id="{1b61b813-0020-4531-b047-3dc1d23c9355}" showlabel="false" labelid="{ef03bf6d-8b0e-4597-90ba-7d0747d1f5b5}">
                      <labels>
                        <label description="" languagecode="1033" />
                      </labels>
                    </cell>
                    <cell id="{963c3b34-6ec5-47f1-96d7-4bfa0ad985ce}" showlabel="false" labelid="{16be8a6c-3841-48d3-98a1-2a8059152ea0}">
                      <labels>
                        <label description="" languagecode="1033" />
                      </labels>
                    </cell>
                    <cell id="{b8a388cd-8195-4a82-a24c-b87ad3a99aa0}" showlabel="false" labelid="{fa24e8ba-5c1f-46db-acc3-1bf35c030175}">
                      <labels>
                        <label description="" languagecode="1033" />
                      </labels>
                    </cell>
                  </row>
                </rows>
              </header>
              <footer id="{4059a515-67a0-478f-8be4-13d9499ceb6e}" celllabelposition="Top" columns="111" labelwidth="115" celllabelalignment="Left">
                <rows>
                  <row>
                    <cell id="{43c8a792-8a74-424a-8e5f-236a9b5412c5}" showlabel="false" labelid="{6990ae3a-16f6-4e95-95c4-e994e461e596}">
                      <labels>
                        <label description="" languagecode="1033" />
                      </labels>
                    </cell>
                    <cell id="{9989b641-38fd-4914-b0ef-edbf6478096e}" showlabel="false" labelid="{562bf4eb-a606-4b8b-9961-0463a9adcd7e}">
                      <labels>
                        <label description="" languagecode="1033" />
                      </labels>
                    </cell>
                    <cell id="{7484fa7a-a44e-4477-89d7-b9ee026d3ae7}" showlabel="false" labelid="{6c086371-584a-4ce8-9dcf-3c70f3d0f8a3}">
                      <labels>
                        <label description="" languagecode="1033" />
                      </labels>
                    </cell>
                  </row>
                </rows>
              </footer>
              <DisplayConditions Order="1" FallbackForm="true">
                <Role Id="{627090ff-40a3-4053-8790-584edc5be201}" />
                <Role Id="{119f245c-3cc8-4b62-b31c-d1a046ced15d}" />
              </DisplayConditions>
            </form>
            <IsCustomizable>1</IsCustomizable>
            <CanBeDeleted>1</CanBeDeleted>
            <LocalizedNames>
              <LocalizedName description="Main" languagecode="1033" />
            </LocalizedNames>
            <Descriptions>
              <Description description="A form for this entity." languagecode="1033" />
            </Descriptions>
          </systemform>
        </forms>
      </FormXml>
      <RibbonDiffXml>
        <CustomActions />
        <Templates>
          <RibbonTemplates Id="Mscrm.Templates"></RibbonTemplates>
        </Templates>
        <CommandDefinitions />
        <RuleDefinitions>
          <TabDisplayRules />
          <DisplayRules />
          <EnableRules />
        </RuleDefinitions>
        <LocLabels />
      </RibbonDiffXml>
    </Entity>
  </Entities>
  <Roles />
  <Workflows />
  <FieldSecurityProfiles />
  <Templates />
  <EntityMaps />
  <EntityRelationships />
  <OrganizationSettings />
  <optionsets />
  <CustomControls />
  <AppModuleSiteMaps>
    <AppModuleSiteMap>
      <SiteMapUniqueName>msfed_CourtCaseManagement</SiteMapUniqueName>
      <EnableCollapsibleGroups>False</EnableCollapsibleGroups>
      <ShowHome>True</ShowHome>
      <ShowPinned>True</ShowPinned>
      <ShowRecents>True</ShowRecents>
      <SiteMap IntroducedVersion="7.0.0.0">
        <Area Id="area_ea7a4de8" ResourceId="SitemapDesigner.NewTitle" DescriptionResourceId="SitemapDesigner.NewTitle" ShowGroups="true" IntroducedVersion="7.0.0.0">
          <Titles>
            <Title LCID="1033" Title="Area1" />
          </Titles>
          <Group Id="group_12783da6" ResourceId="SitemapDesigner.NewGroup" DescriptionResourceId="SitemapDesigner.NewGroup" IntroducedVersion="7.0.0.0" IsProfile="false" ToolTipResourseId="SitemapDesigner.Unknown">
            <SubArea Id="subarea_3ab38e07" Icon="/_imgs/imagestrips/transparent_spacer.gif" Entity="govcdm_courtcase" Client="All,Outlook,OutlookLaptopClient,OutlookWorkstationClient,Web" AvailableOffline="true" PassParams="false" Sku="All,OnPremise,Live,SPLA" />
            <SubArea Id="subarea_c38e401e" Icon="/_imgs/imagestrips/transparent_spacer.gif" Entity="govcdm_courtcaseparty" Client="All,Outlook,OutlookLaptopClient,OutlookWorkstationClient,Web" AvailableOffline="true" PassParams="false" Sku="All,OnPremise,Live,SPLA" />
            <SubArea Id="subarea_6010ce94" Icon="/_imgs/imagestrips/transparent_spacer.gif" Entity="govcdm_courtdocument" Client="All,Outlook,OutlookLaptopClient,OutlookWorkstationClient,Web" AvailableOffline="true" PassParams="false" Sku="All,OnPremise,Live,SPLA" />
            <SubArea Id="subarea_b0651220" Icon="/_imgs/imagestrips/transparent_spacer.gif" Entity="govcdm_courthearing" Client="All,Outlook,OutlookLaptopClient,OutlookWorkstationClient,Web" AvailableOffline="true" PassParams="false" Sku="All,OnPremise,Live,SPLA" />
            <SubArea Id="subarea_120e4edc" Icon="/_imgs/imagestrips/transparent_spacer.gif" Entity="govcdm_courtmotion" Client="All,Outlook,OutlookLaptopClient,OutlookWorkstationClient,Web" AvailableOffline="true" PassParams="false" Sku="All,OnPremise,Live,SPLA" />
            <SubArea Id="subarea_8d68b389" Icon="/_imgs/imagestrips/transparent_spacer.gif" Entity="govcdm_courtorder" Client="All,Outlook,OutlookLaptopClient,OutlookWorkstationClient,Web" AvailableOffline="true" PassParams="false" Sku="All,OnPremise,Live,SPLA" />
            <SubArea Id="subarea_c8ca0c9a" Icon="/_imgs/imagestrips/transparent_spacer.gif" Entity="govcdm_courtsession" Client="All,Outlook,OutlookLaptopClient,OutlookWorkstationClient,Web" AvailableOffline="true" PassParams="false" Sku="All,OnPremise,Live,SPLA" />
          </Group>
        </Area>
      </SiteMap>
      <LocalizedNames>
        <LocalizedName description="Court Case Management" languagecode="1033" />
      </LocalizedNames>
    </AppModuleSiteMap>
  </AppModuleSiteMaps>
  <AppModules>
    <AppModule>
      <UniqueName>msfed_CourtCaseManagement</UniqueName>
      <IntroducedVersion>1.0</IntroducedVersion>
      <WebResourceId>953b9fac-1e5e-e611-80d6-00155ded156f</WebResourceId>
      <OptimizedFor></OptimizedFor>
      <statecode>0</statecode>
      <statuscode>1</statuscode>
      <FormFactor>1</FormFactor>
      <ClientType>4</ClientType>
      <NavigationType>0</NavigationType>
      <AppModuleComponents>
        <AppModuleComponent type="1" schemaName="govcdm_courtcase" />
        <AppModuleComponent type="1" schemaName="govcdm_courtcaseparty" />
        <AppModuleComponent type="1" schemaName="govcdm_courtdocument" />
        <AppModuleComponent type="1" schemaName="govcdm_courthearing" />
        <AppModuleComponent type="1" schemaName="govcdm_courtmotion" />
        <AppModuleComponent type="1" schemaName="govcdm_courtorder" />
        <AppModuleComponent type="1" schemaName="govcdm_courtsession" />
        <AppModuleComponent type="60" id="{a82702ff-cef1-ee11-904b-000d3a8cbc95}" />
        <AppModuleComponent type="60" id="{2e63d70e-cff1-ee11-904b-000d3a8cbc95}" />
        <AppModuleComponent type="60" id="{b1d9c920-cff1-ee11-904b-000d3a8cbc95}" />
        <AppModuleComponent type="60" id="{dad24737-cff1-ee11-904b-000d3a8cbc95}" />
        <AppModuleComponent type="60" id="{21db6a48-cff1-ee11-904b-000d3a8cbc95}" />
        <AppModuleComponent type="60" id="{e4278b54-cff1-ee11-904b-000d3a8cbc95}" />
        <AppModuleComponent type="60" id="{c54e8e66-cff1-ee11-904b-000d3a8cbc95}" />
        <AppModuleComponent type="62" schemaName="msfed_CourtCaseManagement" />
      </AppModuleComponents>
      <AppModuleRoleMaps>
        <Role id="{627090ff-40a3-4053-8790-584edc5be201}" />
        <Role id="{119f245c-3cc8-4b62-b31c-d1a046ced15d}" />
      </AppModuleRoleMaps>
      <LocalizedNames>
        <LocalizedName description="Court Case Management" languagecode="1033" />
      </LocalizedNames>
      <appsettings>
        <appsetting settingdefinitionid.uniquename="AppChannel">
          <iscustomizable>1</iscustomizable>
          <value>1</value>
        </appsetting>
      </appsettings>
    </AppModule>
  </AppModules>
  <EntityDataProviders />
  <Languages>
    <Language>1033</Language>
  </Languages>
</ImportExportXml>