<powerpagecomponent powerpagecomponentid="acb91d01-d009-c209-5e5a-f67cfed471a7">
  <content>{
  "display_name": "links/logout",
  "type": 756150000,
  "value": "Sign Out"
}</content>
  <iscustomizable>1</iscustomizable>
  <name>links/logout</name>
  <powerpagecomponenttype>7</powerpagecomponenttype>
  <powerpagesiteid>
    <powerpagesiteid>add6fceb-252c-456e-bead-89dbed3b19c5</powerpagesiteid>
  </powerpagesiteid>
  <powerpagesitelanguageid>
    <powerpagesitelanguageid>478b893f-eef8-4927-ac86-ba2f4f37d706</powerpagesitelanguageid>
  </powerpagesitelanguageid>
  <statecode>0</statecode>
  <statuscode>1</statuscode>
</powerpagecomponent>