﻿<?xml version="1.0" encoding="utf-8"?>
<ImportExportXml version="9.2.23083.184" SolutionPackageVersion="9.2" languagecode="1033" generatedBy="CrmLive" xmlns:xsi="http://www.w3.org/2001/XMLSchema-instance">
  <SolutionManifest>
    <UniqueName>msfed_hradministration</UniqueName>
    <LocalizedNames>
      <LocalizedName description="Microsoft Federal - HR Administration" languagecode="1033" />
    </LocalizedNames>
    <Descriptions />
    <Version>1.0</Version>
    <Managed>0</Managed>
    <Publisher>
      <UniqueName>microsoftfederal</UniqueName>
      <LocalizedNames>
        <LocalizedName description="microsoftfederal" languagecode="1033" />
      </LocalizedNames>
      <Descriptions>
        <Description description="microsoftfederal" languagecode="1033" />
      </Descriptions>
      <EMailAddress xsi:nil="true"></EMailAddress>
      <SupportingWebsiteUrl xsi:nil="true"></SupportingWebsiteUrl>
      <CustomizationPrefix>msfed</CustomizationPrefix>
      <CustomizationOptionValuePrefix>18844</CustomizationOptionValuePrefix>
      <Addresses>
        <Address>
          <AddressNumber>1</AddressNumber>
          <AddressTypeCode>1</AddressTypeCode>
          <City xsi:nil="true"></City>
          <County xsi:nil="true"></County>
          <Country xsi:nil="true"></Country>
          <Fax xsi:nil="true"></Fax>
          <FreightTermsCode xsi:nil="true"></FreightTermsCode>
          <ImportSequenceNumber xsi:nil="true"></ImportSequenceNumber>
          <Latitude xsi:nil="true"></Latitude>
          <Line1 xsi:nil="true"></Line1>
          <Line2 xsi:nil="true"></Line2>
          <Line3 xsi:nil="true"></Line3>
          <Longitude xsi:nil="true"></Longitude>
          <Name xsi:nil="true"></Name>
          <PostalCode xsi:nil="true"></PostalCode>
          <PostOfficeBox xsi:nil="true"></PostOfficeBox>
          <PrimaryContactName xsi:nil="true"></PrimaryContactName>
          <ShippingMethodCode>1</ShippingMethodCode>
          <StateOrProvince xsi:nil="true"></StateOrProvince>
          <Telephone1 xsi:nil="true"></Telephone1>
          <Telephone2 xsi:nil="true"></Telephone2>
          <Telephone3 xsi:nil="true"></Telephone3>
          <TimeZoneRuleVersionNumber xsi:nil="true"></TimeZoneRuleVersionNumber>
          <UPSZone xsi:nil="true"></UPSZone>
          <UTCOffset xsi:nil="true"></UTCOffset>
          <UTCConversionTimeZoneCode xsi:nil="true"></UTCConversionTimeZoneCode>
        </Address>
        <Address>
          <AddressNumber>2</AddressNumber>
          <AddressTypeCode>1</AddressTypeCode>
          <City xsi:nil="true"></City>
          <County xsi:nil="true"></County>
          <Country xsi:nil="true"></Country>
          <Fax xsi:nil="true"></Fax>
          <FreightTermsCode xsi:nil="true"></FreightTermsCode>
          <ImportSequenceNumber xsi:nil="true"></ImportSequenceNumber>
          <Latitude xsi:nil="true"></Latitude>
          <Line1 xsi:nil="true"></Line1>
          <Line2 xsi:nil="true"></Line2>
          <Line3 xsi:nil="true"></Line3>
          <Longitude xsi:nil="true"></Longitude>
          <Name xsi:nil="true"></Name>
          <PostalCode xsi:nil="true"></PostalCode>
          <PostOfficeBox xsi:nil="true"></PostOfficeBox>
          <PrimaryContactName xsi:nil="true"></PrimaryContactName>
          <ShippingMethodCode>1</ShippingMethodCode>
          <StateOrProvince xsi:nil="true"></StateOrProvince>
          <Telephone1 xsi:nil="true"></Telephone1>
          <Telephone2 xsi:nil="true"></Telephone2>
          <Telephone3 xsi:nil="true"></Telephone3>
          <TimeZoneRuleVersionNumber xsi:nil="true"></TimeZoneRuleVersionNumber>
          <UPSZone xsi:nil="true"></UPSZone>
          <UTCOffset xsi:nil="true"></UTCOffset>
          <UTCConversionTimeZoneCode xsi:nil="true"></UTCConversionTimeZoneCode>
        </Address>
      </Addresses>
    </Publisher>
    <RootComponents>
      <RootComponent type="1" schemaName="govcdm_actionassignment" behavior="1" />
      <RootComponent type="1" schemaName="govcdm_hrchangerequest" behavior="2" />
      <RootComponent type="1" schemaName="govcdm_hrchangerequesttype" behavior="2" />
      <RootComponent type="1" schemaName="govcdm_hrcompovertimerequest" behavior="2" />
      <RootComponent type="1" schemaName="govcdm_hrevent" behavior="2" />
      <RootComponent type="1" schemaName="govcdm_hrgpcrequest" behavior="2" />
      <RootComponent type="1" schemaName="govcdm_hrreasonableaccommodation" behavior="2" />
      <RootComponent type="1" schemaName="govcdm_hrteleworkrequest" behavior="2" />
      <RootComponent type="300" schemaName="msfed_teleworkrequest_0ffaf" behavior="0" />
      <RootComponent type="60" id="{7973fe64-253d-ee11-bdf4-000d3a119632}" behavior="0" />
      <RootComponent type="62" schemaName="msfed_HRAdministration" behavior="0" />
      <RootComponent type="80" schemaName="msfed_HRAdministration" behavior="0" />
    </RootComponents>
    <MissingDependencies>
      <MissingDependency>
        <Required type="1" schemaName="govcdm_actionassignment" displayName="Action Assignment" solution="govcdm_processandtasking (1.0.0.4)" />
        <Dependent type="1" schemaName="govcdm_actionassignment" displayName="Action Assignment" />
      </MissingDependency>
      <MissingDependency>
        <Required type="1" schemaName="govcdm_actionassignment" displayName="Action Assignment" solution="govcdm_processandtasking (1.0.0.4)" />
        <Dependent type="10" schemaName="msfed_govcdm_hrteleworkrequest_ActionAssignment" displayName="msfed_govcdm_hrteleworkrequest_ActionAssignment" parentSchemaName="govcdm_actionassignment" parentDisplayName="Action Assignment" />
      </MissingDependency>
      <MissingDependency>
        <Required type="1" schemaName="govcdm_actionassignment" displayName="Action Assignment" solution="govcdm_processandtasking (1.0.0.4)" />
        <Dependent type="300" schemaName="msfed_teleworkrequest_0ffaf" displayName="Telework Request" />
      </MissingDependency>
      <MissingDependency>
        <Required type="1" schemaName="govcdm_hrchangerequest" displayName="HR Change Request" solution="govcdm_hradministration (1.0.0.1)" />
        <Dependent type="1" schemaName="govcdm_hrchangerequest" displayName="HR Change Request" />
      </MissingDependency>
      <MissingDependency>
        <Required type="1" schemaName="govcdm_hrchangerequest" displayName="HR Change Request" solution="govcdm_hradministration (1.0.0.1)" />
        <Dependent type="59" schemaName="HR Change Requests by Type" displayName="HR Change Requests by Type" parentSchemaName="govcdm_hrchangerequest" parentDisplayName="HR Change Request" id="{f3281b68-263d-ee11-bdf4-000d3a119632}" />
      </MissingDependency>
      <MissingDependency>
        <Required type="1" schemaName="govcdm_hrchangerequest" displayName="HR Change Request" solution="govcdm_hradministration (1.0.0.1)" />
        <Dependent type="60" displayName="HR Personnel Change Requests - Admin" id="{7973fe64-253d-ee11-bdf4-000d3a119632}" />
      </MissingDependency>
      <MissingDependency>
        <Required type="1" schemaName="govcdm_hrchangerequest" displayName="HR Change Request" solution="govcdm_hradministration (1.0.0.1)" />
        <Dependent type="62" schemaName="msfed_HRAdministration" />
      </MissingDependency>
      <MissingDependency>
        <Required type="1" schemaName="govcdm_hrchangerequest" displayName="HR Change Request" solution="govcdm_hradministration (1.0.0.1)" />
        <Dependent type="80" schemaName="msfed_HRAdministration" displayName="HR Administration" />
      </MissingDependency>
      <MissingDependency>
        <Required type="1" schemaName="govcdm_hrchangerequesttype" displayName="HR Change Request Type" solution="govcdm_hradministration (1.0.0.1)" />
        <Dependent type="1" schemaName="govcdm_hrchangerequesttype" displayName="HR Change Request Type" />
      </MissingDependency>
      <MissingDependency>
        <Required type="1" schemaName="govcdm_hrchangerequesttype" displayName="HR Change Request Type" solution="govcdm_hradministration (1.0.0.1)" />
        <Dependent type="62" schemaName="msfed_HRAdministration" />
      </MissingDependency>
      <MissingDependency>
        <Required type="1" schemaName="govcdm_hrchangerequesttype" displayName="HR Change Request Type" solution="govcdm_hradministration (1.0.0.1)" />
        <Dependent type="80" schemaName="msfed_HRAdministration" displayName="HR Administration" />
      </MissingDependency>
      <MissingDependency>
        <Required type="1" schemaName="govcdm_hrcompovertimerequest" displayName="HR Comp Overtime Request" solution="govcdm_hradministration (1.0.0.1)" />
        <Dependent type="1" schemaName="govcdm_hrcompovertimerequest" displayName="HR Comp Overtime Request" />
      </MissingDependency>
      <MissingDependency>
        <Required type="1" schemaName="govcdm_hrevent" displayName="HR Event" solution="govcdm_hradministration (1.0.0.1)" />
        <Dependent type="1" schemaName="govcdm_hrevent" displayName="HR Event" />
      </MissingDependency>
      <MissingDependency>
        <Required type="1" schemaName="govcdm_hrgpcrequest" displayName="HR GPC Request" solution="govcdm_hradministration (1.0.0.1)" />
        <Dependent type="1" schemaName="govcdm_hrgpcrequest" displayName="HR GPC Request" />
      </MissingDependency>
      <MissingDependency>
        <Required type="1" schemaName="govcdm_hrreasonableaccommodation" displayName="HR Reasonable Accommodation" solution="govcdm_hradministration (1.0.0.1)" />
        <Dependent type="1" schemaName="govcdm_hrreasonableaccommodation" displayName="HR Reasonable Accommodation" />
      </MissingDependency>
      <MissingDependency>
        <Required type="1" schemaName="govcdm_hrteleworkrequest" displayName="HR Telework Request" solution="govcdm_hradministration (1.0.0.1)" />
        <Dependent type="1" schemaName="govcdm_hrteleworkrequest" displayName="HR Telework Request" />
      </MissingDependency>
      <MissingDependency>
        <Required type="1" schemaName="govcdm_hrteleworkrequest" displayName="HR Telework Request" solution="govcdm_hradministration (1.0.0.1)" />
        <Dependent type="10" schemaName="msfed_govcdm_hrteleworkrequest_ActionAssignment" displayName="msfed_govcdm_hrteleworkrequest_ActionAssignment" parentSchemaName="govcdm_actionassignment" parentDisplayName="Action Assignment" />
      </MissingDependency>
      <MissingDependency>
        <Required type="1" schemaName="govcdm_hrteleworkrequest" displayName="HR Telework Request" solution="govcdm_hradministration (1.0.0.1)" />
        <Dependent type="2" schemaName="msfed_actionassignment" displayName="Action Assignment" parentSchemaName="govcdm_hrteleworkrequest" parentDisplayName="HR Telework Request" />
      </MissingDependency>
      <MissingDependency>
        <Required type="1" schemaName="govcdm_hrteleworkrequest" displayName="HR Telework Request" solution="govcdm_hradministration (1.0.0.1)" />
        <Dependent type="300" schemaName="msfed_teleworkrequest_0ffaf" displayName="Telework Request" />
      </MissingDependency>
      <MissingDependency>
        <Required type="1" schemaName="govcdm_hrteleworkrequest" displayName="HR Telework Request" solution="govcdm_hradministration (1.0.0.1)" />
        <Dependent type="62" schemaName="msfed_HRAdministration" />
      </MissingDependency>
      <MissingDependency>
        <Required type="1" schemaName="govcdm_hrteleworkrequest" displayName="HR Telework Request" solution="govcdm_hradministration (1.0.0.1)" />
        <Dependent type="80" schemaName="msfed_HRAdministration" displayName="HR Administration" />
      </MissingDependency>
      <MissingDependency>
        <Required type="1" schemaName="govcdm_processstep" displayName="Process Step" solution="govcdm_processandtasking (1.0.0.4)" />
        <Dependent type="62" schemaName="msfed_HRAdministration" />
      </MissingDependency>
      <MissingDependency>
        <Required type="1" schemaName="govcdm_processstep" displayName="Process Step" solution="govcdm_processandtasking (1.0.0.4)" />
        <Dependent type="80" schemaName="msfed_HRAdministration" displayName="HR Administration" />
      </MissingDependency>
      <MissingDependency>
        <Required type="10" schemaName="govcdm_govcdm_hrteleworkrequest_Employee_contact" displayName="govcdm_govcdm_hrteleworkrequest_Employee_contact" parentSchemaName="govcdm_hrteleworkrequest" parentDisplayName="HR Telework Request" solution="govcdm_hradministration (1.0.0.1)" />
        <Dependent type="60" displayName="Information" parentDisplayName="HR Telework Request" id="{f67cb430-9176-4491-9649-04c9afcacc5d}" />
      </MissingDependency>
      <MissingDependency>
        <Required type="2" schemaName="activityid" displayName="Activity" parentSchemaName="govcdm_actionassignment" parentDisplayName="Action Assignment" solution="Active" />
        <Dependent type="10" schemaName="msfed_govcdm_hrteleworkrequest_ActionAssignment" displayName="msfed_govcdm_hrteleworkrequest_ActionAssignment" parentSchemaName="govcdm_actionassignment" parentDisplayName="Action Assignment" />
      </MissingDependency>
      <MissingDependency>
        <Required type="2" schemaName="createdon" displayName="Created On" parentSchemaName="govcdm_hrchangerequest" parentDisplayName="HR Change Request" solution="govcdm_hradministration (1.0.0.1)" />
        <Dependent type="26" schemaName="Active HR Change Requests" displayName="Active HR Change Requests" parentSchemaName="govcdm_hrchangerequest" parentDisplayName="HR Change Request" id="{6343121a-ad15-4c33-9fc8-19fcd8d5948e}" />
      </MissingDependency>
      <MissingDependency>
        <Required type="2" schemaName="govcdm_alternateworkdays" displayName="Alternate Work Days" parentSchemaName="govcdm_hrteleworkrequest" parentDisplayName="HR Telework Request" solution="govcdm_hradministration (1.0.0.1)" />
        <Dependent type="60" displayName="Information" parentDisplayName="HR Telework Request" id="{f67cb430-9176-4491-9649-04c9afcacc5d}" />
      </MissingDependency>
      <MissingDependency>
        <Required type="2" schemaName="govcdm_alternateworksiteaddress" displayName="Alternate Worksite Address" parentSchemaName="govcdm_hrteleworkrequest" parentDisplayName="HR Telework Request" solution="govcdm_hradministration (1.0.0.1)" />
        <Dependent type="60" displayName="Information" parentDisplayName="HR Telework Request" id="{f67cb430-9176-4491-9649-04c9afcacc5d}" />
      </MissingDependency>
      <MissingDependency>
        <Required type="2" schemaName="govcdm_alternateworksiteemail" displayName="Alternate Worksite Email" parentSchemaName="govcdm_hrteleworkrequest" parentDisplayName="HR Telework Request" solution="govcdm_hradministration (1.0.0.1)" />
        <Dependent type="60" displayName="Information" parentDisplayName="HR Telework Request" id="{f67cb430-9176-4491-9649-04c9afcacc5d}" />
      </MissingDependency>
      <MissingDependency>
        <Required type="2" schemaName="govcdm_alternateworksitephone" displayName="Alternate Worksite Phone" parentSchemaName="govcdm_hrteleworkrequest" parentDisplayName="HR Telework Request" solution="govcdm_hradministration (1.0.0.1)" />
        <Dependent type="60" displayName="Information" parentDisplayName="HR Telework Request" id="{f67cb430-9176-4491-9649-04c9afcacc5d}" />
      </MissingDependency>
      <MissingDependency>
        <Required type="2" schemaName="govcdm_approvalstatus" displayName="Approval Status" parentSchemaName="govcdm_hrchangerequest" parentDisplayName="HR Change Request" solution="govcdm_hradministration (1.0.0.1)" />
        <Dependent type="26" schemaName="Active HR Change Requests" displayName="Active HR Change Requests" parentSchemaName="govcdm_hrchangerequest" parentDisplayName="HR Change Request" id="{6343121a-ad15-4c33-9fc8-19fcd8d5948e}" />
      </MissingDependency>
      <MissingDependency>
        <Required type="2" schemaName="govcdm_cancellationdate" displayName="Cancellation Date" parentSchemaName="govcdm_hrteleworkrequest" parentDisplayName="HR Telework Request" solution="govcdm_hradministration (1.0.0.1)" />
        <Dependent type="60" displayName="Information" parentDisplayName="HR Telework Request" id="{f67cb430-9176-4491-9649-04c9afcacc5d}" />
      </MissingDependency>
      <MissingDependency>
        <Required type="2" schemaName="govcdm_cancellationreason" displayName="Cancellation Reason" parentSchemaName="govcdm_hrteleworkrequest" parentDisplayName="HR Telework Request" solution="govcdm_hradministration (1.0.0.1)" />
        <Dependent type="60" displayName="Information" parentDisplayName="HR Telework Request" id="{f67cb430-9176-4491-9649-04c9afcacc5d}" />
      </MissingDependency>
      <MissingDependency>
        <Required type="2" schemaName="govcdm_employee" displayName="Employee" parentSchemaName="govcdm_hrteleworkrequest" parentDisplayName="HR Telework Request" solution="govcdm_hradministration (1.0.0.1)" />
        <Dependent type="60" displayName="Information" parentDisplayName="HR Telework Request" id="{f67cb430-9176-4491-9649-04c9afcacc5d}" />
      </MissingDependency>
      <MissingDependency>
        <Required type="2" schemaName="govcdm_hrchangerequestid" displayName="HR Change Request" parentSchemaName="govcdm_hrchangerequest" parentDisplayName="HR Change Request" solution="govcdm_hradministration (1.0.0.1)" />
        <Dependent type="26" schemaName="Active HR Change Requests" displayName="Active HR Change Requests" parentSchemaName="govcdm_hrchangerequest" parentDisplayName="HR Change Request" id="{6343121a-ad15-4c33-9fc8-19fcd8d5948e}" />
      </MissingDependency>
      <MissingDependency>
        <Required type="2" schemaName="govcdm_hrchangerequesttype" displayName="HR Change Request Type" parentSchemaName="govcdm_hrchangerequest" parentDisplayName="HR Change Request" solution="govcdm_hradministration (1.0.0.1)" />
        <Dependent type="26" schemaName="Active HR Change Requests" displayName="Active HR Change Requests" parentSchemaName="govcdm_hrchangerequest" parentDisplayName="HR Change Request" id="{6343121a-ad15-4c33-9fc8-19fcd8d5948e}" />
      </MissingDependency>
      <MissingDependency>
        <Required type="2" schemaName="govcdm_hrchangerequesttype" displayName="HR Change Request Type" parentSchemaName="govcdm_hrchangerequest" parentDisplayName="HR Change Request" solution="govcdm_hradministration (1.0.0.1)" />
        <Dependent type="59" schemaName="HR Change Requests by Type" displayName="HR Change Requests by Type" parentSchemaName="govcdm_hrchangerequest" parentDisplayName="HR Change Request" id="{f3281b68-263d-ee11-bdf4-000d3a119632}" />
      </MissingDependency>
      <MissingDependency>
        <Required type="2" schemaName="govcdm_name" displayName="Name" parentSchemaName="govcdm_hrchangerequest" parentDisplayName="HR Change Request" solution="govcdm_hradministration (1.0.0.1)" />
        <Dependent type="26" schemaName="Active HR Change Requests" displayName="Active HR Change Requests" parentSchemaName="govcdm_hrchangerequest" parentDisplayName="HR Change Request" id="{6343121a-ad15-4c33-9fc8-19fcd8d5948e}" />
      </MissingDependency>
      <MissingDependency>
        <Required type="2" schemaName="govcdm_name" displayName="Name" parentSchemaName="govcdm_hrteleworkrequest" parentDisplayName="HR Telework Request" solution="govcdm_hradministration (1.0.0.1)" />
        <Dependent type="60" displayName="Information" parentDisplayName="HR Telework Request" id="{f67cb430-9176-4491-9649-04c9afcacc5d}" />
      </MissingDependency>
      <MissingDependency>
        <Required type="2" schemaName="govcdm_numberdaysperperiod" displayName="Number Days Per Period" parentSchemaName="govcdm_hrteleworkrequest" parentDisplayName="HR Telework Request" solution="govcdm_hradministration (1.0.0.1)" />
        <Dependent type="60" displayName="Information" parentDisplayName="HR Telework Request" id="{f67cb430-9176-4491-9649-04c9afcacc5d}" />
      </MissingDependency>
      <MissingDependency>
        <Required type="2" schemaName="govcdm_person" displayName="Person" parentSchemaName="govcdm_hrchangerequest" parentDisplayName="HR Change Request" solution="govcdm_hradministration (1.0.0.1)" />
        <Dependent type="26" schemaName="Active HR Change Requests" displayName="Active HR Change Requests" parentSchemaName="govcdm_hrchangerequest" parentDisplayName="HR Change Request" id="{6343121a-ad15-4c33-9fc8-19fcd8d5948e}" />
      </MissingDependency>
      <MissingDependency>
        <Required type="2" schemaName="govcdm_regularworksiteaddress" displayName="Regular Worksite Address" parentSchemaName="govcdm_hrteleworkrequest" parentDisplayName="HR Telework Request" solution="govcdm_hradministration (1.0.0.1)" />
        <Dependent type="60" displayName="Information" parentDisplayName="HR Telework Request" id="{f67cb430-9176-4491-9649-04c9afcacc5d}" />
      </MissingDependency>
      <MissingDependency>
        <Required type="2" schemaName="govcdm_requestedeffectivedate" displayName="Requested Effective Date" parentSchemaName="govcdm_hrchangerequest" parentDisplayName="HR Change Request" solution="govcdm_hradministration (1.0.0.1)" />
        <Dependent type="26" schemaName="Active HR Change Requests" displayName="Active HR Change Requests" parentSchemaName="govcdm_hrchangerequest" parentDisplayName="HR Change Request" id="{6343121a-ad15-4c33-9fc8-19fcd8d5948e}" />
      </MissingDependency>
      <MissingDependency>
        <Required type="2" schemaName="govcdm_teleworkarrangementtype" displayName="Telework Arrangement Type" parentSchemaName="govcdm_hrteleworkrequest" parentDisplayName="HR Telework Request" solution="govcdm_hradministration (1.0.0.1)" />
        <Dependent type="60" displayName="Information" parentDisplayName="HR Telework Request" id="{f67cb430-9176-4491-9649-04c9afcacc5d}" />
      </MissingDependency>
      <MissingDependency>
        <Required type="2" schemaName="govcdm_teleworkenddate" displayName="Telework End Date" parentSchemaName="govcdm_hrteleworkrequest" parentDisplayName="HR Telework Request" solution="govcdm_hradministration (1.0.0.1)" />
        <Dependent type="60" displayName="Information" parentDisplayName="HR Telework Request" id="{f67cb430-9176-4491-9649-04c9afcacc5d}" />
      </MissingDependency>
      <MissingDependency>
        <Required type="2" schemaName="govcdm_teleworkstartdate" displayName="Telework Start Date" parentSchemaName="govcdm_hrteleworkrequest" parentDisplayName="HR Telework Request" solution="govcdm_hradministration (1.0.0.1)" />
        <Dependent type="60" displayName="Information" parentDisplayName="HR Telework Request" id="{f67cb430-9176-4491-9649-04c9afcacc5d}" />
      </MissingDependency>
      <MissingDependency>
        <Required type="2" schemaName="ownerid" displayName="Owner" parentSchemaName="govcdm_hrteleworkrequest" parentDisplayName="HR Telework Request" solution="Active" />
        <Dependent type="60" displayName="Information" parentDisplayName="HR Telework Request" id="{f67cb430-9176-4491-9649-04c9afcacc5d}" />
      </MissingDependency>
      <MissingDependency>
        <Required type="2" schemaName="statecode" displayName="Status" parentSchemaName="govcdm_hrchangerequest" parentDisplayName="HR Change Request" solution="govcdm_hradministration (1.0.0.1)" />
        <Dependent type="26" schemaName="Active HR Change Requests" displayName="Active HR Change Requests" parentSchemaName="govcdm_hrchangerequest" parentDisplayName="HR Change Request" id="{6343121a-ad15-4c33-9fc8-19fcd8d5948e}" />
      </MissingDependency>
      <MissingDependency>
        <Required type="2" schemaName="subject" displayName="Subject" parentSchemaName="govcdm_actionassignment" parentDisplayName="Action Assignment" solution="govcdm_processandtasking (1.0.0.4)" />
        <Dependent type="10" schemaName="msfed_govcdm_hrteleworkrequest_ActionAssignment" displayName="msfed_govcdm_hrteleworkrequest_ActionAssignment" parentSchemaName="govcdm_actionassignment" parentDisplayName="Action Assignment" />
      </MissingDependency>
      <MissingDependency>
        <Required type="26" schemaName="Active HR Change Requests" displayName="Active HR Change Requests" parentSchemaName="govcdm_hrchangerequest" parentDisplayName="HR Change Request" solution="govcdm_hradministration (1.0.0.1)" id="{6343121a-ad15-4c33-9fc8-19fcd8d5948e}" />
        <Dependent type="26" schemaName="Active HR Change Requests" displayName="Active HR Change Requests" parentSchemaName="govcdm_hrchangerequest" parentDisplayName="HR Change Request" id="{6343121a-ad15-4c33-9fc8-19fcd8d5948e}" />
      </MissingDependency>
      <MissingDependency>
        <Required type="26" schemaName="Process / Step Advanced Find View" displayName="Process / Step Advanced Find View" parentSchemaName="govcdm_processstep" parentDisplayName="Process Step" solution="govcdm_processandtasking (1.0.0.4)" id="{7dab73c7-6ae1-4739-8f85-48ef1a814709}" />
        <Dependent type="80" schemaName="msfed_HRAdministration" displayName="HR Administration" />
      </MissingDependency>
      <MissingDependency>
        <Required type="26" schemaName="Process / Step Associated View" displayName="Process / Step Associated View" parentSchemaName="govcdm_processstep" parentDisplayName="Process Step" solution="govcdm_processandtasking (1.0.0.4)" id="{0b10e62b-c88c-4f08-96f8-5b5223524f8f}" />
        <Dependent type="80" schemaName="msfed_HRAdministration" displayName="HR Administration" />
      </MissingDependency>
      <MissingDependency>
        <Required type="26" schemaName="Process / Step Lookup View" displayName="Process / Step Lookup View" parentSchemaName="govcdm_processstep" parentDisplayName="Process Step" solution="govcdm_processandtasking (1.0.0.4)" id="{bb894760-9ed2-4342-83f3-e59a11acf6d0}" />
        <Dependent type="80" schemaName="msfed_HRAdministration" displayName="HR Administration" />
      </MissingDependency>
      <MissingDependency>
        <Required type="26" schemaName="Process Templates" displayName="Process Templates" parentSchemaName="govcdm_processstep" parentDisplayName="Process Step" solution="msfed_processandtasking (1.0.0.3)" id="{c7c56eeb-5d40-ee11-bdf3-000d3a5a7dcf}" />
        <Dependent type="80" schemaName="msfed_HRAdministration" displayName="HR Administration" />
      </MissingDependency>
      <MissingDependency>
        <Required type="26" schemaName="Quick Find Active Processes / Steps" displayName="Quick Find Active Processes / Steps" parentSchemaName="govcdm_processstep" parentDisplayName="Process Step" solution="govcdm_processandtasking (1.0.0.4)" id="{02fe129d-ce83-43d6-afba-950ed066948c}" />
        <Dependent type="80" schemaName="msfed_HRAdministration" displayName="HR Administration" />
      </MissingDependency>
      <MissingDependency>
        <Required type="60" displayName="Information" parentDisplayName="HR Change Request" solution="govcdm_hradministration (1.0.0.1)" id="{28f22b1f-302d-4127-8551-b47950b8f986}" />
        <Dependent type="60" displayName="Information" parentDisplayName="HR Change Request" id="{28f22b1f-302d-4127-8551-b47950b8f986}" />
      </MissingDependency>
      <MissingDependency>
        <Required type="60" displayName="Information" parentDisplayName="HR Telework Request" solution="govcdm_hradministration (1.0.0.1)" id="{f67cb430-9176-4491-9649-04c9afcacc5d}" />
        <Dependent type="60" displayName="Information" parentDisplayName="HR Telework Request" id="{f67cb430-9176-4491-9649-04c9afcacc5d}" />
      </MissingDependency>
      <MissingDependency>
        <Required type="61" schemaName="msdyn_/Images/AppModule_Default_Icon.png" displayName="msdyn_/Images/AppModule_Default_Icon.png" solution="AppModuleWebResources (2.5)" />
        <Dependent type="80" schemaName="msfed_HRAdministration" displayName="HR Administration" />
      </MissingDependency>
    </MissingDependencies>
  </SolutionManifest>
</ImportExportXml>