﻿<?xml version="1.0" encoding="utf-8"?>
<ImportExportXml xmlns:xsi="http://www.w3.org/2001/XMLSchema-instance">
  <Entities>
    <Entity>
      <Name LocalizedName="IT Assigned Entitlements" OriginalName="IT Assigned Entitlements">govcdm_ITAssignedEntitlements</Name>
      <FormXml>
        <forms type="main">
          <systemform>
            <formid>{afb6a73a-49f1-ee11-904b-000d3a8cbc95}</formid>
            <IntroducedVersion>1.0</IntroducedVersion>
            <FormPresentation>1</FormPresentation>
            <FormActivationState>1</FormActivationState>
            <form headerdensity="HighWithControls">
              <tabs>
                <tab verticallayout="true" id="{8407f15a-5298-4368-9fbe-729337985cb4}" IsUserDefined="1" labelid="{73dcb19c-c629-4753-9af8-785e90ddbe61}">
                  <labels>
                    <label description="General" languagecode="1033" />
                  </labels>
                  <columns>
                    <column width="100%">
                      <sections>
                        <section showlabel="false" showbar="false" IsUserDefined="0" id="{232c0cd7-6120-4e4e-b8bf-b433346d6743}" labelid="{456fcaec-129f-4567-ace9-da074409bb4c}">
                          <labels>
                            <label description="General" languagecode="1033" />
                          </labels>
                          <rows>
                            <row>
                              <cell id="{e3b90aed-259e-4e70-a6e5-71f50b6ea105}" labelid="{de99073f-d377-4c71-8aa5-0bfab19ae231}">
                                <labels>
                                  <label description="Name" languagecode="1033" />
                                </labels>
                                <control id="govcdm_name" classid="{4273EDBD-AC1D-40d3-9FB2-095C621B552D}" datafieldname="govcdm_name" />
                              </cell>
                            </row>
                            <row>
                              <cell id="{bd123dcc-44df-4eb2-92bd-ed7ab391cd64}" labelid="{dedc4592-3867-4c83-91ac-53fa238d5cc8}">
                                <labels>
                                  <label description="Owner" languagecode="1033" />
                                </labels>
                                <control id="ownerid" classid="{270BD3DB-D9AF-4782-9025-509E298DEC0A}" datafieldname="ownerid" />
                              </cell>
                            </row>
                          </rows>
                        </section>
                      </sections>
                    </column>
                  </columns>
                </tab>
              </tabs>
              <header id="{48fb6443-b7f4-4bc3-8d81-bcfe65a5e1b0}" celllabelposition="Top" columns="111" labelwidth="115" celllabelalignment="Left">
                <rows>
                  <row>
                    <cell id="{97af28d1-82d7-469c-99d9-c2628f32acfa}" showlabel="false" labelid="{d97f109d-df75-479b-aa77-7f57bcc66953}">
                      <labels>
                        <label description="" languagecode="1033" />
                      </labels>
                    </cell>
                    <cell id="{1f3f09a7-d21a-401f-b6da-4a592fb3e8c0}" showlabel="false" labelid="{10964315-41e6-468f-847d-afd78f973b79}">
                      <labels>
                        <label description="" languagecode="1033" />
                      </labels>
                    </cell>
                    <cell id="{15c6c514-3525-4d23-a67e-cb19f297f79e}" showlabel="false" labelid="{f22f5504-cb8e-4a26-9c0e-305f2045881d}">
                      <labels>
                        <label description="" languagecode="1033" />
                      </labels>
                    </cell>
                  </row>
                </rows>
              </header>
              <footer id="{304993a5-1420-485b-8db4-901a427da962}" celllabelposition="Top" columns="111" labelwidth="115" celllabelalignment="Left">
                <rows>
                  <row>
                    <cell id="{d1d8013e-fe7b-488c-9776-8804fe2ea462}" showlabel="false" labelid="{57d78da7-3469-4f9c-9ef6-5ed45b1b429b}">
                      <labels>
                        <label description="" languagecode="1033" />
                      </labels>
                    </cell>
                    <cell id="{3e906ef8-759e-4c8f-b803-bb660c7dc71b}" showlabel="false" labelid="{f3a93f39-cffe-4fe5-981d-8af8f49eb85f}">
                      <labels>
                        <label description="" languagecode="1033" />
                      </labels>
                    </cell>
                    <cell id="{f0548e0e-ecd3-4f1a-8f60-5e8e24e7da35}" showlabel="false" labelid="{b4f2a43f-48ca-47c0-9cc0-3592faa1fe9f}">
                      <labels>
                        <label description="" languagecode="1033" />
                      </labels>
                    </cell>
                  </row>
                </rows>
              </footer>
              <DisplayConditions Order="1" FallbackForm="true">
                <Role Id="{627090ff-40a3-4053-8790-584edc5be201}" />
                <Role Id="{119f245c-3cc8-4b62-b31c-d1a046ced15d}" />
              </DisplayConditions>
            </form>
            <IsCustomizable>1</IsCustomizable>
            <CanBeDeleted>1</CanBeDeleted>
            <LocalizedNames>
              <LocalizedName description="Main" languagecode="1033" />
            </LocalizedNames>
            <Descriptions>
              <Description description="A form for this entity." languagecode="1033" />
            </Descriptions>
          </systemform>
        </forms>
      </FormXml>
      <RibbonDiffXml>
        <CustomActions />
        <Templates>
          <RibbonTemplates Id="Mscrm.Templates"></RibbonTemplates>
        </Templates>
        <CommandDefinitions />
        <RuleDefinitions>
          <TabDisplayRules />
          <DisplayRules />
          <EnableRules />
        </RuleDefinitions>
        <LocLabels />
      </RibbonDiffXml>
    </Entity>
    <Entity>
      <Name LocalizedName="IT Datacenter" OriginalName="IT Datacenter">govcdm_ITDatacenter</Name>
      <FormXml>
        <forms type="main">
          <systemform>
            <formid>{ad92044e-49f1-ee11-904b-000d3a8cbc95}</formid>
            <IntroducedVersion>1.0</IntroducedVersion>
            <FormPresentation>1</FormPresentation>
            <FormActivationState>1</FormActivationState>
            <form headerdensity="HighWithControls">
              <tabs>
                <tab verticallayout="true" id="{31039d21-b9cc-4b3c-9a60-88f5d4d4e812}" IsUserDefined="1" labelid="{22c18da2-e000-493a-82c4-1e3d84b069c6}">
                  <labels>
                    <label description="General" languagecode="1033" />
                  </labels>
                  <columns>
                    <column width="100%">
                      <sections>
                        <section showlabel="false" showbar="false" IsUserDefined="0" id="{4e71e4e8-5238-455d-90c2-59f9ccdba96f}" labelid="{2765dbfb-de23-4135-ada4-c3bad4b58a77}">
                          <labels>
                            <label description="General" languagecode="1033" />
                          </labels>
                          <rows>
                            <row>
                              <cell id="{fb0c45ff-e62d-4fc0-8a7d-80a1f28e66b2}" labelid="{564cf442-097e-486b-ad5c-dbb901de9546}">
                                <labels>
                                  <label description="Name" languagecode="1033" />
                                </labels>
                                <control id="govcdm_name" classid="{4273EDBD-AC1D-40d3-9FB2-095C621B552D}" datafieldname="govcdm_name" />
                              </cell>
                            </row>
                            <row>
                              <cell id="{d7062f48-125c-4bf6-8afd-a10523a57f59}" labelid="{3a205e52-e61a-4223-b70c-47458fa12a5e}">
                                <labels>
                                  <label description="Owner" languagecode="1033" />
                                </labels>
                                <control id="ownerid" classid="{270BD3DB-D9AF-4782-9025-509E298DEC0A}" datafieldname="ownerid" />
                              </cell>
                            </row>
                          </rows>
                        </section>
                      </sections>
                    </column>
                  </columns>
                </tab>
              </tabs>
              <header id="{f56a1cf5-b778-4ddf-9ee4-461eccb46dda}" celllabelposition="Top" columns="111" labelwidth="115" celllabelalignment="Left">
                <rows>
                  <row>
                    <cell id="{781c1d29-3ca9-40bd-8c27-8ac729f4f91b}" showlabel="false" labelid="{a51a853d-0ce3-4292-b491-0c0321c78293}">
                      <labels>
                        <label description="" languagecode="1033" />
                      </labels>
                    </cell>
                    <cell id="{ec8fc153-7fc8-4e3c-acd2-77b9706240b0}" showlabel="false" labelid="{63b6b76b-0efd-4cc8-a42f-728b6481868a}">
                      <labels>
                        <label description="" languagecode="1033" />
                      </labels>
                    </cell>
                    <cell id="{c9b9d3e6-05f4-4e92-9247-b5bb5d9f4a27}" showlabel="false" labelid="{ce2a6dfb-0d70-40e7-9d1d-5d27e4d7153c}">
                      <labels>
                        <label description="" languagecode="1033" />
                      </labels>
                    </cell>
                  </row>
                </rows>
              </header>
              <footer id="{7c1d0415-4067-4f34-beb5-a39d2bd94bad}" celllabelposition="Top" columns="111" labelwidth="115" celllabelalignment="Left">
                <rows>
                  <row>
                    <cell id="{37fac4c3-b884-48cb-b2a4-7f3ea0b1c272}" showlabel="false" labelid="{efa88989-ac1e-498d-b531-b8342fe22d54}">
                      <labels>
                        <label description="" languagecode="1033" />
                      </labels>
                    </cell>
                    <cell id="{cdb85aa2-8f9b-425b-8c13-6593b8c69b21}" showlabel="false" labelid="{2c661be9-50c2-49a6-9760-e9482af2fc36}">
                      <labels>
                        <label description="" languagecode="1033" />
                      </labels>
                    </cell>
                    <cell id="{ace73430-b4e1-49c2-bcfd-24a3dda661ac}" showlabel="false" labelid="{7c198f76-4d42-458b-a28d-db81c3a7939b}">
                      <labels>
                        <label description="" languagecode="1033" />
                      </labels>
                    </cell>
                  </row>
                </rows>
              </footer>
              <DisplayConditions Order="1" FallbackForm="true">
                <Role Id="{627090ff-40a3-4053-8790-584edc5be201}" />
                <Role Id="{119f245c-3cc8-4b62-b31c-d1a046ced15d}" />
              </DisplayConditions>
            </form>
            <IsCustomizable>1</IsCustomizable>
            <CanBeDeleted>1</CanBeDeleted>
            <LocalizedNames>
              <LocalizedName description="Main" languagecode="1033" />
            </LocalizedNames>
            <Descriptions>
              <Description description="A form for this entity." languagecode="1033" />
            </Descriptions>
          </systemform>
        </forms>
      </FormXml>
      <RibbonDiffXml>
        <CustomActions />
        <Templates>
          <RibbonTemplates Id="Mscrm.Templates"></RibbonTemplates>
        </Templates>
        <CommandDefinitions />
        <RuleDefinitions>
          <TabDisplayRules />
          <DisplayRules />
          <EnableRules />
        </RuleDefinitions>
        <LocLabels />
      </RibbonDiffXml>
    </Entity>
    <Entity>
      <Name LocalizedName="IT Product Entitlement" OriginalName="IT Product Entitlement">govcdm_ITProductEntitlement</Name>
      <FormXml>
        <forms type="main">
          <systemform>
            <formid>{2628fa61-49f1-ee11-904b-000d3a8cbc95}</formid>
            <IntroducedVersion>1.0</IntroducedVersion>
            <FormPresentation>1</FormPresentation>
            <FormActivationState>1</FormActivationState>
            <form headerdensity="HighWithControls">
              <tabs>
                <tab verticallayout="true" id="{8ba5b682-2b45-42ed-a0ad-580d7c6d644c}" IsUserDefined="1" labelid="{b3caada8-5d45-436c-84c4-567ea6325ebf}">
                  <labels>
                    <label description="General" languagecode="1033" />
                  </labels>
                  <columns>
                    <column width="100%">
                      <sections>
                        <section showlabel="false" showbar="false" IsUserDefined="0" id="{fc40b721-062b-4617-b858-690a19003fc7}" labelid="{8b2b1848-ef89-47ff-b5f6-e0dfbe5b4410}">
                          <labels>
                            <label description="General" languagecode="1033" />
                          </labels>
                          <rows>
                            <row>
                              <cell id="{a6f65af6-805c-44fa-9518-95913701dc49}" labelid="{cfcbc5e1-0995-4712-8fca-5c533667523f}">
                                <labels>
                                  <label description="Name" languagecode="1033" />
                                </labels>
                                <control id="govcdm_name" classid="{4273EDBD-AC1D-40d3-9FB2-095C621B552D}" datafieldname="govcdm_name" />
                              </cell>
                            </row>
                            <row>
                              <cell id="{c7691ff7-e88a-4f4a-8b0f-16212ba37d7e}" labelid="{1052e7d5-ce4a-4b99-9fa9-f1f92d61bef0}">
                                <labels>
                                  <label description="Owner" languagecode="1033" />
                                </labels>
                                <control id="ownerid" classid="{270BD3DB-D9AF-4782-9025-509E298DEC0A}" datafieldname="ownerid" />
                              </cell>
                            </row>
                          </rows>
                        </section>
                      </sections>
                    </column>
                  </columns>
                </tab>
              </tabs>
              <header id="{21fbda79-eeeb-4113-8100-78a967b4b1f0}" celllabelposition="Top" columns="111" labelwidth="115" celllabelalignment="Left">
                <rows>
                  <row>
                    <cell id="{5b55510e-250a-447c-8eea-26fe0fe6d7f3}" showlabel="false" labelid="{3f850f1a-6ea3-4f02-8d49-fc9c4fd8f9a8}">
                      <labels>
                        <label description="" languagecode="1033" />
                      </labels>
                    </cell>
                    <cell id="{462d6f62-4693-4e49-b05d-3683795102fc}" showlabel="false" labelid="{acd386ff-6419-4448-87cc-7d14a6d1f71c}">
                      <labels>
                        <label description="" languagecode="1033" />
                      </labels>
                    </cell>
                    <cell id="{0273c5c8-1aba-48c9-b59d-6358e7c69b34}" showlabel="false" labelid="{a3b76648-a161-4c04-b2ae-c18f908f58d4}">
                      <labels>
                        <label description="" languagecode="1033" />
                      </labels>
                    </cell>
                  </row>
                </rows>
              </header>
              <footer id="{2a3034aa-8de4-4e3c-b308-ef7022e375a1}" celllabelposition="Top" columns="111" labelwidth="115" celllabelalignment="Left">
                <rows>
                  <row>
                    <cell id="{4072f630-d407-46d7-b211-eaf0151ae7c1}" showlabel="false" labelid="{ec473c7f-60a4-4db5-8bff-b8349e954f54}">
                      <labels>
                        <label description="" languagecode="1033" />
                      </labels>
                    </cell>
                    <cell id="{606625bf-a5ad-42b1-b70e-bec1c9bbe9a9}" showlabel="false" labelid="{c20b441b-8454-424b-b664-020f36ae99bd}">
                      <labels>
                        <label description="" languagecode="1033" />
                      </labels>
                    </cell>
                    <cell id="{9995a6a7-9162-4c58-997b-0ab3303122a6}" showlabel="false" labelid="{aeb7a3bd-1778-435f-a0ce-a0810bc2f0e2}">
                      <labels>
                        <label description="" languagecode="1033" />
                      </labels>
                    </cell>
                  </row>
                </rows>
              </footer>
              <DisplayConditions Order="1" FallbackForm="true">
                <Role Id="{627090ff-40a3-4053-8790-584edc5be201}" />
                <Role Id="{119f245c-3cc8-4b62-b31c-d1a046ced15d}" />
              </DisplayConditions>
            </form>
            <IsCustomizable>1</IsCustomizable>
            <CanBeDeleted>1</CanBeDeleted>
            <LocalizedNames>
              <LocalizedName description="Main" languagecode="1033" />
            </LocalizedNames>
            <Descriptions>
              <Description description="A form for this entity." languagecode="1033" />
            </Descriptions>
          </systemform>
        </forms>
      </FormXml>
      <RibbonDiffXml>
        <CustomActions />
        <Templates>
          <RibbonTemplates Id="Mscrm.Templates"></RibbonTemplates>
        </Templates>
        <CommandDefinitions />
        <RuleDefinitions>
          <TabDisplayRules />
          <DisplayRules />
          <EnableRules />
        </RuleDefinitions>
        <LocLabels />
      </RibbonDiffXml>
    </Entity>
    <Entity>
      <Name LocalizedName="IT Provisioning Request" OriginalName="IT Provisioning Request">govcdm_ITProvisioningRequest</Name>
      <FormXml>
        <forms type="main">
          <systemform>
            <formid>{2942bb75-49f1-ee11-904b-000d3a8cbc95}</formid>
            <IntroducedVersion>1.0</IntroducedVersion>
            <FormPresentation>1</FormPresentation>
            <FormActivationState>1</FormActivationState>
            <form headerdensity="HighWithControls">
              <tabs>
                <tab verticallayout="true" id="{ace72ca8-2c01-46a9-8c0c-fb99c9328dc9}" IsUserDefined="1" labelid="{86182356-ac9f-4d02-ad91-7f0f9ccbdaf2}">
                  <labels>
                    <label description="General" languagecode="1033" />
                  </labels>
                  <columns>
                    <column width="100%">
                      <sections>
                        <section showlabel="false" showbar="false" IsUserDefined="0" id="{daef408d-b0d2-4906-a57b-194354f8aa9f}" labelid="{63c3d795-8e17-4d0b-94f9-2ab54905960e}">
                          <labels>
                            <label description="General" languagecode="1033" />
                          </labels>
                          <rows>
                            <row>
                              <cell id="{a16516b1-d45b-4904-a734-5550990b66cc}" labelid="{33795336-8295-4702-9508-79fe337ddc45}">
                                <labels>
                                  <label description="Name" languagecode="1033" />
                                </labels>
                                <control id="govcdm_name" classid="{4273EDBD-AC1D-40d3-9FB2-095C621B552D}" datafieldname="govcdm_name" />
                              </cell>
                            </row>
                            <row>
                              <cell id="{a8614669-930a-4504-9521-d7e4eaea27f8}" labelid="{8f82505e-989e-4ace-a5de-793dbd11b4d3}">
                                <labels>
                                  <label description="Owner" languagecode="1033" />
                                </labels>
                                <control id="ownerid" classid="{270BD3DB-D9AF-4782-9025-509E298DEC0A}" datafieldname="ownerid" />
                              </cell>
                            </row>
                          </rows>
                        </section>
                      </sections>
                    </column>
                  </columns>
                </tab>
              </tabs>
              <header id="{3aa1e3ce-21bd-439f-8c78-8b4c04ac9e2e}" celllabelposition="Top" columns="111" labelwidth="115" celllabelalignment="Left">
                <rows>
                  <row>
                    <cell id="{7abf8f8e-a4a6-40e5-8de7-e16251ed44c3}" showlabel="false" labelid="{7a320c31-7b61-48fd-9034-f3405e7e7c2e}">
                      <labels>
                        <label description="" languagecode="1033" />
                      </labels>
                    </cell>
                    <cell id="{778f31d1-982a-4dce-9569-d8e7bccebfd7}" showlabel="false" labelid="{fef5df1c-8882-4da5-ac5b-79c8fd3c191b}">
                      <labels>
                        <label description="" languagecode="1033" />
                      </labels>
                    </cell>
                    <cell id="{03d5b4b6-9669-497f-9f4a-6746ce8b0dfa}" showlabel="false" labelid="{c2c11dc4-683c-442f-8a4f-63efc0d73cd0}">
                      <labels>
                        <label description="" languagecode="1033" />
                      </labels>
                    </cell>
                  </row>
                </rows>
              </header>
              <footer id="{391111a7-5b47-4de0-a2b4-8a9d3260136c}" celllabelposition="Top" columns="111" labelwidth="115" celllabelalignment="Left">
                <rows>
                  <row>
                    <cell id="{5d68ab11-acbf-4f6e-89c8-ac33f95073a1}" showlabel="false" labelid="{376e0b33-d7b4-42df-9362-7eede9f0b6c6}">
                      <labels>
                        <label description="" languagecode="1033" />
                      </labels>
                    </cell>
                    <cell id="{f5dcfad5-d0e8-4553-b1f1-1f1fd55bc7bd}" showlabel="false" labelid="{16d220f7-995b-4d86-b8f6-c1b5252a6f8e}">
                      <labels>
                        <label description="" languagecode="1033" />
                      </labels>
                    </cell>
                    <cell id="{d5b0925b-1549-476a-8e44-9a723105085a}" showlabel="false" labelid="{c421e453-4f10-450e-83e5-b26019c48443}">
                      <labels>
                        <label description="" languagecode="1033" />
                      </labels>
                    </cell>
                  </row>
                </rows>
              </footer>
              <DisplayConditions Order="1" FallbackForm="true">
                <Role Id="{627090ff-40a3-4053-8790-584edc5be201}" />
                <Role Id="{119f245c-3cc8-4b62-b31c-d1a046ced15d}" />
              </DisplayConditions>
            </form>
            <IsCustomizable>1</IsCustomizable>
            <CanBeDeleted>1</CanBeDeleted>
            <LocalizedNames>
              <LocalizedName description="Main" languagecode="1033" />
            </LocalizedNames>
            <Descriptions>
              <Description description="A form for this entity." languagecode="1033" />
            </Descriptions>
          </systemform>
        </forms>
      </FormXml>
      <RibbonDiffXml>
        <CustomActions />
        <Templates>
          <RibbonTemplates Id="Mscrm.Templates"></RibbonTemplates>
        </Templates>
        <CommandDefinitions />
        <RuleDefinitions>
          <TabDisplayRules />
          <DisplayRules />
          <EnableRules />
        </RuleDefinitions>
        <LocLabels />
      </RibbonDiffXml>
    </Entity>
    <Entity>
      <Name LocalizedName="IT Service Request" OriginalName="IT Service Request">govcdm_ITServiceRequest</Name>
      <FormXml>
        <forms type="main">
          <systemform>
            <formid>{7b112893-49f1-ee11-904b-000d3a8cbc95}</formid>
            <IntroducedVersion>1.0</IntroducedVersion>
            <FormPresentation>1</FormPresentation>
            <FormActivationState>1</FormActivationState>
            <form headerdensity="HighWithControls">
              <tabs>
                <tab verticallayout="true" id="{7de53ebb-4ed9-4cc7-b49f-518bedbd0b30}" IsUserDefined="1" labelid="{942236d7-d780-4e1c-85aa-f1d4f4344f12}">
                  <labels>
                    <label description="General" languagecode="1033" />
                  </labels>
                  <columns>
                    <column width="100%">
                      <sections>
                        <section showlabel="false" showbar="false" IsUserDefined="0" id="{b12c0d04-18ca-4949-abf0-b2e638d0c124}" labelid="{89a472bb-5807-43ad-b3a4-e2463f4024a2}">
                          <labels>
                            <label description="General" languagecode="1033" />
                          </labels>
                          <rows>
                            <row>
                              <cell id="{20c386f2-2379-4a95-8381-cb0a2caf1e0c}" labelid="{98bbe7fd-b2c8-4bbb-a0aa-89d864a037c3}">
                                <labels>
                                  <label description="Name" languagecode="1033" />
                                </labels>
                                <control id="govcdm_name" classid="{4273EDBD-AC1D-40d3-9FB2-095C621B552D}" datafieldname="govcdm_name" />
                              </cell>
                            </row>
                            <row>
                              <cell id="{eb378d10-16cb-467b-8d00-b731a03f26d2}" labelid="{6b52e1ce-a334-49bf-b239-1105ebbbe8e3}">
                                <labels>
                                  <label description="Owner" languagecode="1033" />
                                </labels>
                                <control id="ownerid" classid="{270BD3DB-D9AF-4782-9025-509E298DEC0A}" datafieldname="ownerid" />
                              </cell>
                            </row>
                          </rows>
                        </section>
                      </sections>
                    </column>
                  </columns>
                </tab>
              </tabs>
              <header id="{0cc39e24-908c-404c-ac96-3cc2ceee4738}" celllabelposition="Top" columns="111" labelwidth="115" celllabelalignment="Left">
                <rows>
                  <row>
                    <cell id="{28352393-85c2-45ba-b1aa-eb11d6b5e4cc}" showlabel="false" labelid="{e3724007-b83f-4155-9b70-85a43cbd8f7b}">
                      <labels>
                        <label description="" languagecode="1033" />
                      </labels>
                    </cell>
                    <cell id="{831ebdf6-1683-4612-ad20-331f6ebfebd1}" showlabel="false" labelid="{e09220d9-e115-41c0-b821-06bfa30b492b}">
                      <labels>
                        <label description="" languagecode="1033" />
                      </labels>
                    </cell>
                    <cell id="{afef0109-3498-4bb2-afc1-75f2708c772c}" showlabel="false" labelid="{e6a8c3d2-ca15-4681-be77-a565994b038c}">
                      <labels>
                        <label description="" languagecode="1033" />
                      </labels>
                    </cell>
                  </row>
                </rows>
              </header>
              <footer id="{3413a5fc-bf8c-40ef-a5b5-e90356f36251}" celllabelposition="Top" columns="111" labelwidth="115" celllabelalignment="Left">
                <rows>
                  <row>
                    <cell id="{ad287fe0-c367-4134-acdd-74ef77075c91}" showlabel="false" labelid="{cac74834-0e89-48ce-9d1f-ed4ee55f6f3e}">
                      <labels>
                        <label description="" languagecode="1033" />
                      </labels>
                    </cell>
                    <cell id="{d066caa7-9bdf-452b-96f2-8a6699c51a2a}" showlabel="false" labelid="{911af000-16f8-43dd-9a93-9b580dc5fb63}">
                      <labels>
                        <label description="" languagecode="1033" />
                      </labels>
                    </cell>
                    <cell id="{ebde6e57-ff56-46ff-9d6f-c111793f5c7f}" showlabel="false" labelid="{37ada750-c911-4628-8ccb-df6704915dc3}">
                      <labels>
                        <label description="" languagecode="1033" />
                      </labels>
                    </cell>
                  </row>
                </rows>
              </footer>
              <DisplayConditions Order="1" FallbackForm="true">
                <Role Id="{627090ff-40a3-4053-8790-584edc5be201}" />
                <Role Id="{119f245c-3cc8-4b62-b31c-d1a046ced15d}" />
              </DisplayConditions>
            </form>
            <IsCustomizable>1</IsCustomizable>
            <CanBeDeleted>1</CanBeDeleted>
            <LocalizedNames>
              <LocalizedName description="Main" languagecode="1033" />
            </LocalizedNames>
            <Descriptions>
              <Description description="A form for this entity." languagecode="1033" />
            </Descriptions>
          </systemform>
        </forms>
      </FormXml>
      <RibbonDiffXml>
        <CustomActions />
        <Templates>
          <RibbonTemplates Id="Mscrm.Templates"></RibbonTemplates>
        </Templates>
        <CommandDefinitions />
        <RuleDefinitions>
          <TabDisplayRules />
          <DisplayRules />
          <EnableRules />
        </RuleDefinitions>
        <LocLabels />
      </RibbonDiffXml>
    </Entity>
    <Entity>
      <Name LocalizedName="IT System" OriginalName="IT System">govcdm_ITSystem</Name>
      <FormXml>
        <forms type="main">
          <systemform>
            <formid>{fd6443aa-49f1-ee11-904b-000d3a8cbc95}</formid>
            <IntroducedVersion>1.0</IntroducedVersion>
            <FormPresentation>1</FormPresentation>
            <FormActivationState>1</FormActivationState>
            <form headerdensity="HighWithControls">
              <tabs>
                <tab verticallayout="true" id="{45022a02-4ecd-4444-a974-44ecba665c16}" IsUserDefined="1" labelid="{10d57ef8-5ed8-47a6-af18-8eff286993b1}">
                  <labels>
                    <label description="General" languagecode="1033" />
                  </labels>
                  <columns>
                    <column width="100%">
                      <sections>
                        <section showlabel="false" showbar="false" IsUserDefined="0" id="{6c98e617-2d7a-4fa6-bf3d-74b88ccc7c09}" labelid="{c5bf5aba-ca72-435c-b620-242663b6b95e}">
                          <labels>
                            <label description="General" languagecode="1033" />
                          </labels>
                          <rows>
                            <row>
                              <cell id="{abe26f76-3a8c-4196-ad5c-5ddb85d5442b}" labelid="{dea86abb-ee11-490d-b71a-de5ad515d63b}">
                                <labels>
                                  <label description="Name" languagecode="1033" />
                                </labels>
                                <control id="govcdm_name" classid="{4273EDBD-AC1D-40d3-9FB2-095C621B552D}" datafieldname="govcdm_name" />
                              </cell>
                            </row>
                            <row>
                              <cell id="{1c2c98b1-1153-458b-851b-2358ab774058}" labelid="{a7471234-34e2-4197-8ae4-c1930e8c1ea3}">
                                <labels>
                                  <label description="Owner" languagecode="1033" />
                                </labels>
                                <control id="ownerid" classid="{270BD3DB-D9AF-4782-9025-509E298DEC0A}" datafieldname="ownerid" />
                              </cell>
                            </row>
                          </rows>
                        </section>
                      </sections>
                    </column>
                  </columns>
                </tab>
              </tabs>
              <header id="{20646833-951e-43fa-9a64-d4e9620da74e}" celllabelposition="Top" columns="111" labelwidth="115" celllabelalignment="Left">
                <rows>
                  <row>
                    <cell id="{d17f5a2c-193e-4a5f-8f63-00186f7cfb96}" showlabel="false" labelid="{fcc45941-a169-4ef0-aca3-9ba172cbaf81}">
                      <labels>
                        <label description="" languagecode="1033" />
                      </labels>
                    </cell>
                    <cell id="{583cb05d-fb8d-481a-b0f1-9914d486c8b2}" showlabel="false" labelid="{ebd82b8b-6700-423e-a749-241e027feb31}">
                      <labels>
                        <label description="" languagecode="1033" />
                      </labels>
                    </cell>
                    <cell id="{4acd2463-48a2-47c9-8ca7-dcd7af182e4d}" showlabel="false" labelid="{68b8a87e-5d99-4f51-a087-3e2fca0dde94}">
                      <labels>
                        <label description="" languagecode="1033" />
                      </labels>
                    </cell>
                  </row>
                </rows>
              </header>
              <footer id="{1b3a92a2-e44e-46ad-b233-4d124510dfc1}" celllabelposition="Top" columns="111" labelwidth="115" celllabelalignment="Left">
                <rows>
                  <row>
                    <cell id="{8c59ed17-2fa8-4361-9a6b-bc237214c7c8}" showlabel="false" labelid="{ac2bd111-b5f2-4f79-9bbc-a4e16ab614b1}">
                      <labels>
                        <label description="" languagecode="1033" />
                      </labels>
                    </cell>
                    <cell id="{240e0b3f-7baa-4b95-bdb4-9b4fd3da1804}" showlabel="false" labelid="{49c1d3a7-6888-4de0-85d7-3c57a6cc23bf}">
                      <labels>
                        <label description="" languagecode="1033" />
                      </labels>
                    </cell>
                    <cell id="{eb8b2a0c-b8bd-4a75-85c0-4d7a899c4fda}" showlabel="false" labelid="{0f7132b3-4efc-4f36-9f6a-608f93db8d8d}">
                      <labels>
                        <label description="" languagecode="1033" />
                      </labels>
                    </cell>
                  </row>
                </rows>
              </footer>
              <DisplayConditions Order="1" FallbackForm="true">
                <Role Id="{627090ff-40a3-4053-8790-584edc5be201}" />
                <Role Id="{119f245c-3cc8-4b62-b31c-d1a046ced15d}" />
              </DisplayConditions>
            </form>
            <IsCustomizable>1</IsCustomizable>
            <CanBeDeleted>1</CanBeDeleted>
            <LocalizedNames>
              <LocalizedName description="Main" languagecode="1033" />
            </LocalizedNames>
            <Descriptions>
              <Description description="A form for this entity." languagecode="1033" />
            </Descriptions>
          </systemform>
        </forms>
      </FormXml>
      <RibbonDiffXml>
        <CustomActions />
        <Templates>
          <RibbonTemplates Id="Mscrm.Templates"></RibbonTemplates>
        </Templates>
        <CommandDefinitions />
        <RuleDefinitions>
          <TabDisplayRules />
          <DisplayRules />
          <EnableRules />
        </RuleDefinitions>
        <LocLabels />
      </RibbonDiffXml>
    </Entity>
    <Entity>
      <Name LocalizedName="IT System Access Request" OriginalName="IT System Access Request">govcdm_ITSystemAccessRequest</Name>
      <FormXml>
        <forms type="main">
          <systemform>
            <formid>{a9ca74c3-49f1-ee11-904b-000d3a8cbc95}</formid>
            <IntroducedVersion>1.0</IntroducedVersion>
            <FormPresentation>1</FormPresentation>
            <FormActivationState>1</FormActivationState>
            <form headerdensity="HighWithControls">
              <tabs>
                <tab verticallayout="true" id="{d16b263a-3c38-4a23-8c34-d6e435acc1ec}" IsUserDefined="1" labelid="{3ec0fd8b-67d6-439f-858c-53989d7290ce}">
                  <labels>
                    <label description="General" languagecode="1033" />
                  </labels>
                  <columns>
                    <column width="100%">
                      <sections>
                        <section showlabel="false" showbar="false" IsUserDefined="0" id="{8b98be40-92d7-40a0-b451-81a36d95b38f}" labelid="{8e3ab336-c382-4918-b911-ee944bb3f673}">
                          <labels>
                            <label description="General" languagecode="1033" />
                          </labels>
                          <rows>
                            <row>
                              <cell id="{768a0439-fe8b-49aa-af0f-87089af98f95}" labelid="{e15d612b-1b20-460a-9291-0dd15d9708c7}">
                                <labels>
                                  <label description="Name" languagecode="1033" />
                                </labels>
                                <control id="govcdm_name" classid="{4273EDBD-AC1D-40d3-9FB2-095C621B552D}" datafieldname="govcdm_name" />
                              </cell>
                            </row>
                            <row>
                              <cell id="{04df62ab-24d4-423c-a501-3c039235f8d7}" labelid="{45862c20-d57b-499a-bd42-d1e8fe97f87b}">
                                <labels>
                                  <label description="Owner" languagecode="1033" />
                                </labels>
                                <control id="ownerid" classid="{270BD3DB-D9AF-4782-9025-509E298DEC0A}" datafieldname="ownerid" />
                              </cell>
                            </row>
                          </rows>
                        </section>
                      </sections>
                    </column>
                  </columns>
                </tab>
              </tabs>
              <header id="{2ab6645f-3a38-4e85-97ca-92842447333b}" celllabelposition="Top" columns="111" labelwidth="115" celllabelalignment="Left">
                <rows>
                  <row>
                    <cell id="{ca2f76ab-a7ed-4e4e-9507-013db232ec9e}" showlabel="false" labelid="{63af12ac-5d0b-4cdf-9eb1-ab0a9e7bcedd}">
                      <labels>
                        <label description="" languagecode="1033" />
                      </labels>
                    </cell>
                    <cell id="{d9340e01-2513-4bca-93ad-829ae54c8dc9}" showlabel="false" labelid="{13fcb8dd-a191-4ac1-b036-dc094b6f2b1d}">
                      <labels>
                        <label description="" languagecode="1033" />
                      </labels>
                    </cell>
                    <cell id="{61a13dec-7655-413a-b742-7dec537a4102}" showlabel="false" labelid="{e8a68455-ee3e-4484-8cc5-ce341d3cf55f}">
                      <labels>
                        <label description="" languagecode="1033" />
                      </labels>
                    </cell>
                  </row>
                </rows>
              </header>
              <footer id="{499ef16d-8e56-4d3a-a585-90f6bae63160}" celllabelposition="Top" columns="111" labelwidth="115" celllabelalignment="Left">
                <rows>
                  <row>
                    <cell id="{62d91a5b-b5fe-44c2-89d9-e3049eebf83b}" showlabel="false" labelid="{666854e1-dc0d-41b9-a416-9072d08da73e}">
                      <labels>
                        <label description="" languagecode="1033" />
                      </labels>
                    </cell>
                    <cell id="{a1f76f3d-222b-459a-a7d9-6afad364781d}" showlabel="false" labelid="{370980a2-090c-49e7-bfdb-8a58f17c15d1}">
                      <labels>
                        <label description="" languagecode="1033" />
                      </labels>
                    </cell>
                    <cell id="{084adb3e-839f-4b8d-a4a4-01b5fd1af6e5}" showlabel="false" labelid="{98f76622-c505-493d-a461-f6396e276a80}">
                      <labels>
                        <label description="" languagecode="1033" />
                      </labels>
                    </cell>
                  </row>
                </rows>
              </footer>
              <DisplayConditions Order="1" FallbackForm="true">
                <Role Id="{627090ff-40a3-4053-8790-584edc5be201}" />
                <Role Id="{119f245c-3cc8-4b62-b31c-d1a046ced15d}" />
              </DisplayConditions>
            </form>
            <IsCustomizable>1</IsCustomizable>
            <CanBeDeleted>1</CanBeDeleted>
            <LocalizedNames>
              <LocalizedName description="Main" languagecode="1033" />
            </LocalizedNames>
            <Descriptions>
              <Description description="A form for this entity." languagecode="1033" />
            </Descriptions>
          </systemform>
        </forms>
      </FormXml>
      <RibbonDiffXml>
        <CustomActions />
        <Templates>
          <RibbonTemplates Id="Mscrm.Templates"></RibbonTemplates>
        </Templates>
        <CommandDefinitions />
        <RuleDefinitions>
          <TabDisplayRules />
          <DisplayRules />
          <EnableRules />
        </RuleDefinitions>
        <LocLabels />
      </RibbonDiffXml>
    </Entity>
    <Entity>
      <Name LocalizedName="IT System Component" OriginalName="IT System Component">govcdm_ITSystemComponent</Name>
      <FormXml>
        <forms type="main">
          <systemform>
            <formid>{b39c72db-49f1-ee11-904b-000d3a8cbc95}</formid>
            <IntroducedVersion>1.0</IntroducedVersion>
            <FormPresentation>1</FormPresentation>
            <FormActivationState>1</FormActivationState>
            <form headerdensity="HighWithControls">
              <tabs>
                <tab verticallayout="true" id="{a88a3a08-9f92-422e-b172-804a0a43a209}" IsUserDefined="1" labelid="{fdbc6dcf-5f92-42dd-8305-41d917dee910}">
                  <labels>
                    <label description="General" languagecode="1033" />
                  </labels>
                  <columns>
                    <column width="100%">
                      <sections>
                        <section showlabel="false" showbar="false" IsUserDefined="0" id="{d093f365-e764-4d23-9ec4-921da3f5d213}" labelid="{967366c3-439d-40d3-8958-35eea52006c9}">
                          <labels>
                            <label description="General" languagecode="1033" />
                          </labels>
                          <rows>
                            <row>
                              <cell id="{c2e3c83f-5fd2-402b-8736-66d3c22c6a40}" labelid="{c6072872-c2f0-4aa4-add2-b83835baf4f7}">
                                <labels>
                                  <label description="Name" languagecode="1033" />
                                </labels>
                                <control id="govcdm_name" classid="{4273EDBD-AC1D-40d3-9FB2-095C621B552D}" datafieldname="govcdm_name" />
                              </cell>
                            </row>
                            <row>
                              <cell id="{fdd84efe-5a38-4e63-893e-2b6853635744}" labelid="{daf2a517-ae7d-413a-8733-5d4137eef9c4}">
                                <labels>
                                  <label description="Owner" languagecode="1033" />
                                </labels>
                                <control id="ownerid" classid="{270BD3DB-D9AF-4782-9025-509E298DEC0A}" datafieldname="ownerid" />
                              </cell>
                            </row>
                          </rows>
                        </section>
                      </sections>
                    </column>
                  </columns>
                </tab>
              </tabs>
              <header id="{28d6f2b0-bf4f-407f-b5a8-b94d707c05c4}" celllabelposition="Top" columns="111" labelwidth="115" celllabelalignment="Left">
                <rows>
                  <row>
                    <cell id="{49a97b0d-8f2f-43ad-be2d-351606d62a43}" showlabel="false" labelid="{c7911955-26a6-4c11-82c8-2541ac1a93d1}">
                      <labels>
                        <label description="" languagecode="1033" />
                      </labels>
                    </cell>
                    <cell id="{19688345-dc95-4b3b-9a9b-3a56437cf802}" showlabel="false" labelid="{7c911d45-f1c8-454c-afe6-890c9d4b2b7a}">
                      <labels>
                        <label description="" languagecode="1033" />
                      </labels>
                    </cell>
                    <cell id="{ec7bd3a7-30d3-403e-85f5-a6830a1f7b90}" showlabel="false" labelid="{8483f481-814f-469a-9917-01cdb8622131}">
                      <labels>
                        <label description="" languagecode="1033" />
                      </labels>
                    </cell>
                  </row>
                </rows>
              </header>
              <footer id="{b33a503c-c182-4eb0-9e4b-a057efaf70e5}" celllabelposition="Top" columns="111" labelwidth="115" celllabelalignment="Left">
                <rows>
                  <row>
                    <cell id="{56eb5e4c-f0ad-480c-978e-71f0b96761ae}" showlabel="false" labelid="{2c6c8204-2ace-4774-adec-407bf1730e50}">
                      <labels>
                        <label description="" languagecode="1033" />
                      </labels>
                    </cell>
                    <cell id="{47fa2669-5b8c-45bf-96ab-9038ab74148f}" showlabel="false" labelid="{1d70a5c0-b974-4c11-a0e1-256b913f7fca}">
                      <labels>
                        <label description="" languagecode="1033" />
                      </labels>
                    </cell>
                    <cell id="{e95ad23d-b662-4003-bbc1-908dc40cd89f}" showlabel="false" labelid="{dc17a486-1296-4a4d-a32e-97f11e4d3afd}">
                      <labels>
                        <label description="" languagecode="1033" />
                      </labels>
                    </cell>
                  </row>
                </rows>
              </footer>
              <DisplayConditions Order="1" FallbackForm="true">
                <Role Id="{627090ff-40a3-4053-8790-584edc5be201}" />
                <Role Id="{119f245c-3cc8-4b62-b31c-d1a046ced15d}" />
              </DisplayConditions>
            </form>
            <IsCustomizable>1</IsCustomizable>
            <CanBeDeleted>1</CanBeDeleted>
            <LocalizedNames>
              <LocalizedName description="Main" languagecode="1033" />
            </LocalizedNames>
            <Descriptions>
              <Description description="A form for this entity." languagecode="1033" />
            </Descriptions>
          </systemform>
        </forms>
      </FormXml>
      <RibbonDiffXml>
        <CustomActions />
        <Templates>
          <RibbonTemplates Id="Mscrm.Templates"></RibbonTemplates>
        </Templates>
        <CommandDefinitions />
        <RuleDefinitions>
          <TabDisplayRules />
          <DisplayRules />
          <EnableRules />
        </RuleDefinitions>
        <LocLabels />
      </RibbonDiffXml>
    </Entity>
  </Entities>
  <Roles />
  <Workflows />
  <FieldSecurityProfiles />
  <Templates />
  <EntityMaps />
  <EntityRelationships />
  <OrganizationSettings />
  <optionsets />
  <CustomControls />
  <AppModuleSiteMaps>
    <AppModuleSiteMap>
      <SiteMapUniqueName>msfed_ITServiceManagement</SiteMapUniqueName>
      <EnableCollapsibleGroups>False</EnableCollapsibleGroups>
      <ShowHome>True</ShowHome>
      <ShowPinned>True</ShowPinned>
      <ShowRecents>True</ShowRecents>
      <SiteMap IntroducedVersion="7.0.0.0">
        <Area Id="area_bbe24546" ResourceId="SitemapDesigner.NewTitle" DescriptionResourceId="SitemapDesigner.NewTitle" ShowGroups="true" IntroducedVersion="7.0.0.0">
          <Titles>
            <Title LCID="1033" Title="Area1" />
          </Titles>
          <Group Id="group_efea45d9" ResourceId="SitemapDesigner.NewGroup" DescriptionResourceId="SitemapDesigner.NewGroup" IntroducedVersion="7.0.0.0" IsProfile="false" ToolTipResourseId="SitemapDesigner.Unknown">
            <Titles>
              <Title LCID="1033" Title="IT Service Management" />
            </Titles>
            <SubArea Id="subarea_226c5120" Icon="/_imgs/imagestrips/transparent_spacer.gif" Entity="govcdm_itassignedentitlements" Client="All,Outlook,OutlookLaptopClient,OutlookWorkstationClient,Web" AvailableOffline="true" PassParams="false" Sku="All,OnPremise,Live,SPLA" />
            <SubArea Id="subarea_26b0e2f2" Icon="/_imgs/imagestrips/transparent_spacer.gif" Entity="govcdm_itdatacenter" Client="All,Outlook,OutlookLaptopClient,OutlookWorkstationClient,Web" AvailableOffline="true" PassParams="false" Sku="All,OnPremise,Live,SPLA" />
            <SubArea Id="subarea_553eda1f" Icon="/_imgs/imagestrips/transparent_spacer.gif" Entity="govcdm_itproductentitlement" Client="All,Outlook,OutlookLaptopClient,OutlookWorkstationClient,Web" AvailableOffline="true" PassParams="false" Sku="All,OnPremise,Live,SPLA" />
            <SubArea Id="subarea_15231d0a" Icon="/_imgs/imagestrips/transparent_spacer.gif" Entity="govcdm_itprovisioningrequest" Client="All,Outlook,OutlookLaptopClient,OutlookWorkstationClient,Web" AvailableOffline="true" PassParams="false" Sku="All,OnPremise,Live,SPLA" />
            <SubArea Id="subarea_dbe9d786" Icon="/_imgs/imagestrips/transparent_spacer.gif" Entity="govcdm_itservicerequest" Client="All,Outlook,OutlookLaptopClient,OutlookWorkstationClient,Web" AvailableOffline="true" PassParams="false" Sku="All,OnPremise,Live,SPLA" />
            <SubArea Id="subarea_b864b1f0" Icon="/_imgs/imagestrips/transparent_spacer.gif" Entity="govcdm_itsystem" Client="All,Outlook,OutlookLaptopClient,OutlookWorkstationClient,Web" AvailableOffline="true" PassParams="false" Sku="All,OnPremise,Live,SPLA" />
            <SubArea Id="subarea_4c5f226e" Icon="/_imgs/imagestrips/transparent_spacer.gif" Entity="govcdm_itsystemaccessrequest" Client="All,Outlook,OutlookLaptopClient,OutlookWorkstationClient,Web" AvailableOffline="true" PassParams="false" Sku="All,OnPremise,Live,SPLA" />
            <SubArea Id="subarea_f8bd376f" Icon="/_imgs/imagestrips/transparent_spacer.gif" Entity="govcdm_itsystemcomponent" Client="All,Outlook,OutlookLaptopClient,OutlookWorkstationClient,Web" AvailableOffline="true" PassParams="false" Sku="All,OnPremise,Live,SPLA" />
          </Group>
        </Area>
      </SiteMap>
      <LocalizedNames>
        <LocalizedName description="IT Service Management" languagecode="1033" />
      </LocalizedNames>
    </AppModuleSiteMap>
  </AppModuleSiteMaps>
  <AppModules>
    <AppModule>
      <UniqueName>msfed_ITServiceManagement</UniqueName>
      <IntroducedVersion>1.0</IntroducedVersion>
      <WebResourceId>953b9fac-1e5e-e611-80d6-00155ded156f</WebResourceId>
      <OptimizedFor></OptimizedFor>
      <statecode>0</statecode>
      <statuscode>1</statuscode>
      <FormFactor>1</FormFactor>
      <ClientType>4</ClientType>
      <NavigationType>0</NavigationType>
      <AppModuleComponents>
        <AppModuleComponent type="1" schemaName="govcdm_itassignedentitlements" />
        <AppModuleComponent type="1" schemaName="govcdm_itdatacenter" />
        <AppModuleComponent type="1" schemaName="govcdm_itproductentitlement" />
        <AppModuleComponent type="1" schemaName="govcdm_itprovisioningrequest" />
        <AppModuleComponent type="1" schemaName="govcdm_itservicerequest" />
        <AppModuleComponent type="1" schemaName="govcdm_itsystem" />
        <AppModuleComponent type="1" schemaName="govcdm_itsystemaccessrequest" />
        <AppModuleComponent type="1" schemaName="govcdm_itsystemcomponent" />
        <AppModuleComponent type="60" id="{afb6a73a-49f1-ee11-904b-000d3a8cbc95}" />
        <AppModuleComponent type="60" id="{ad92044e-49f1-ee11-904b-000d3a8cbc95}" />
        <AppModuleComponent type="60" id="{2628fa61-49f1-ee11-904b-000d3a8cbc95}" />
        <AppModuleComponent type="60" id="{2942bb75-49f1-ee11-904b-000d3a8cbc95}" />
        <AppModuleComponent type="60" id="{7b112893-49f1-ee11-904b-000d3a8cbc95}" />
        <AppModuleComponent type="60" id="{fd6443aa-49f1-ee11-904b-000d3a8cbc95}" />
        <AppModuleComponent type="60" id="{a9ca74c3-49f1-ee11-904b-000d3a8cbc95}" />
        <AppModuleComponent type="60" id="{b39c72db-49f1-ee11-904b-000d3a8cbc95}" />
        <AppModuleComponent type="62" schemaName="msfed_ITServiceManagement" />
      </AppModuleComponents>
      <AppModuleRoleMaps>
        <Role id="{627090ff-40a3-4053-8790-584edc5be201}" />
        <Role id="{119f245c-3cc8-4b62-b31c-d1a046ced15d}" />
      </AppModuleRoleMaps>
      <LocalizedNames>
        <LocalizedName description="IT Service Management" languagecode="1033" />
      </LocalizedNames>
      <appsettings>
        <appsetting settingdefinitionid.uniquename="AppChannel">
          <iscustomizable>1</iscustomizable>
          <value>1</value>
        </appsetting>
      </appsettings>
    </AppModule>
  </AppModules>
  <EntityDataProviders />
  <Languages>
    <Language>1033</Language>
  </Languages>
</ImportExportXml>