﻿<?xml version="1.0" encoding="utf-8"?>
<ImportExportXml version="9.2.24032.208" SolutionPackageVersion="9.2" languagecode="1033" generatedBy="CrmLive" xmlns:xsi="http://www.w3.org/2001/XMLSchema-instance">
  <SolutionManifest>
    <UniqueName>msfed_itservicemanagement</UniqueName>
    <LocalizedNames>
      <LocalizedName description="Microsoft Federal - IT Service Management" languagecode="1033" />
    </LocalizedNames>
    <Descriptions />
    <Version>1.0.0.0</Version>
    <Managed>0</Managed>
    <Publisher>
      <UniqueName>microsoftfederal</UniqueName>
      <LocalizedNames>
        <LocalizedName description="Microsoft Federal" languagecode="1033" />
      </LocalizedNames>
      <Descriptions>
        <Description description="microsoftfederal" languagecode="1033" />
      </Descriptions>
      <EMailAddress xsi:nil="true"></EMailAddress>
      <SupportingWebsiteUrl xsi:nil="true"></SupportingWebsiteUrl>
      <CustomizationPrefix>msfed</CustomizationPrefix>
      <CustomizationOptionValuePrefix>18844</CustomizationOptionValuePrefix>
      <Addresses>
        <Address>
          <AddressNumber>1</AddressNumber>
          <AddressTypeCode>1</AddressTypeCode>
          <City xsi:nil="true"></City>
          <County xsi:nil="true"></County>
          <Country xsi:nil="true"></Country>
          <Fax xsi:nil="true"></Fax>
          <FreightTermsCode xsi:nil="true"></FreightTermsCode>
          <ImportSequenceNumber xsi:nil="true"></ImportSequenceNumber>
          <Latitude xsi:nil="true"></Latitude>
          <Line1 xsi:nil="true"></Line1>
          <Line2 xsi:nil="true"></Line2>
          <Line3 xsi:nil="true"></Line3>
          <Longitude xsi:nil="true"></Longitude>
          <Name xsi:nil="true"></Name>
          <PostalCode xsi:nil="true"></PostalCode>
          <PostOfficeBox xsi:nil="true"></PostOfficeBox>
          <PrimaryContactName xsi:nil="true"></PrimaryContactName>
          <ShippingMethodCode>1</ShippingMethodCode>
          <StateOrProvince xsi:nil="true"></StateOrProvince>
          <Telephone1 xsi:nil="true"></Telephone1>
          <Telephone2 xsi:nil="true"></Telephone2>
          <Telephone3 xsi:nil="true"></Telephone3>
          <TimeZoneRuleVersionNumber xsi:nil="true"></TimeZoneRuleVersionNumber>
          <UPSZone xsi:nil="true"></UPSZone>
          <UTCOffset xsi:nil="true"></UTCOffset>
          <UTCConversionTimeZoneCode xsi:nil="true"></UTCConversionTimeZoneCode>
        </Address>
        <Address>
          <AddressNumber>2</AddressNumber>
          <AddressTypeCode>1</AddressTypeCode>
          <City xsi:nil="true"></City>
          <County xsi:nil="true"></County>
          <Country xsi:nil="true"></Country>
          <Fax xsi:nil="true"></Fax>
          <FreightTermsCode xsi:nil="true"></FreightTermsCode>
          <ImportSequenceNumber xsi:nil="true"></ImportSequenceNumber>
          <Latitude xsi:nil="true"></Latitude>
          <Line1 xsi:nil="true"></Line1>
          <Line2 xsi:nil="true"></Line2>
          <Line3 xsi:nil="true"></Line3>
          <Longitude xsi:nil="true"></Longitude>
          <Name xsi:nil="true"></Name>
          <PostalCode xsi:nil="true"></PostalCode>
          <PostOfficeBox xsi:nil="true"></PostOfficeBox>
          <PrimaryContactName xsi:nil="true"></PrimaryContactName>
          <ShippingMethodCode>1</ShippingMethodCode>
          <StateOrProvince xsi:nil="true"></StateOrProvince>
          <Telephone1 xsi:nil="true"></Telephone1>
          <Telephone2 xsi:nil="true"></Telephone2>
          <Telephone3 xsi:nil="true"></Telephone3>
          <TimeZoneRuleVersionNumber xsi:nil="true"></TimeZoneRuleVersionNumber>
          <UPSZone xsi:nil="true"></UPSZone>
          <UTCOffset xsi:nil="true"></UTCOffset>
          <UTCConversionTimeZoneCode xsi:nil="true"></UTCConversionTimeZoneCode>
        </Address>
      </Addresses>
    </Publisher>
    <RootComponents>
      <RootComponent type="1" schemaName="govcdm_itassignedentitlements" behavior="2" />
      <RootComponent type="1" schemaName="govcdm_itdatacenter" behavior="2" />
      <RootComponent type="1" schemaName="govcdm_itproductentitlement" behavior="2" />
      <RootComponent type="1" schemaName="govcdm_itprovisioningrequest" behavior="2" />
      <RootComponent type="1" schemaName="govcdm_itservicerequest" behavior="2" />
      <RootComponent type="1" schemaName="govcdm_itsystem" behavior="2" />
      <RootComponent type="1" schemaName="govcdm_itsystemaccessrequest" behavior="2" />
      <RootComponent type="1" schemaName="govcdm_itsystemcomponent" behavior="2" />
      <RootComponent type="62" schemaName="msfed_ITServiceManagement" behavior="0" />
      <RootComponent type="80" schemaName="msfed_ITServiceManagement" behavior="0" />
    </RootComponents>
    <MissingDependencies>
      <MissingDependency>
        <Required type="1" schemaName="govcdm_itassignedentitlements" displayName="IT Assigned Entitlements" solution="govcdm_itservicemanagement (1.0.0.0)" />
        <Dependent type="1" schemaName="govcdm_itassignedentitlements" displayName="IT Assigned Entitlements" />
      </MissingDependency>
      <MissingDependency>
        <Required type="1" schemaName="govcdm_itassignedentitlements" displayName="IT Assigned Entitlements" solution="govcdm_itservicemanagement (1.0.0.0)" />
        <Dependent type="60" displayName="Main" parentDisplayName="IT Assigned Entitlements" id="{afb6a73a-49f1-ee11-904b-000d3a8cbc95}" />
      </MissingDependency>
      <MissingDependency>
        <Required type="1" schemaName="govcdm_itassignedentitlements" displayName="IT Assigned Entitlements" solution="govcdm_itservicemanagement (1.0.0.0)" />
        <Dependent type="62" schemaName="msfed_ITServiceManagement" />
      </MissingDependency>
      <MissingDependency>
        <Required type="1" schemaName="govcdm_itassignedentitlements" displayName="IT Assigned Entitlements" solution="govcdm_itservicemanagement (1.0.0.0)" />
        <Dependent type="80" schemaName="msfed_ITServiceManagement" displayName="IT Service Management" />
      </MissingDependency>
      <MissingDependency>
        <Required type="1" schemaName="govcdm_itdatacenter" displayName="IT Datacenter" solution="govcdm_itservicemanagement (1.0.0.0)" />
        <Dependent type="1" schemaName="govcdm_itdatacenter" displayName="IT Datacenter" />
      </MissingDependency>
      <MissingDependency>
        <Required type="1" schemaName="govcdm_itdatacenter" displayName="IT Datacenter" solution="govcdm_itservicemanagement (1.0.0.0)" />
        <Dependent type="60" displayName="Main" parentDisplayName="IT Datacenter" id="{ad92044e-49f1-ee11-904b-000d3a8cbc95}" />
      </MissingDependency>
      <MissingDependency>
        <Required type="1" schemaName="govcdm_itdatacenter" displayName="IT Datacenter" solution="govcdm_itservicemanagement (1.0.0.0)" />
        <Dependent type="62" schemaName="msfed_ITServiceManagement" />
      </MissingDependency>
      <MissingDependency>
        <Required type="1" schemaName="govcdm_itdatacenter" displayName="IT Datacenter" solution="govcdm_itservicemanagement (1.0.0.0)" />
        <Dependent type="80" schemaName="msfed_ITServiceManagement" displayName="IT Service Management" />
      </MissingDependency>
      <MissingDependency>
        <Required type="1" schemaName="govcdm_itproductentitlement" displayName="IT Product Entitlement" solution="govcdm_itservicemanagement (1.0.0.0)" />
        <Dependent type="1" schemaName="govcdm_itproductentitlement" displayName="IT Product Entitlement" />
      </MissingDependency>
      <MissingDependency>
        <Required type="1" schemaName="govcdm_itproductentitlement" displayName="IT Product Entitlement" solution="govcdm_itservicemanagement (1.0.0.0)" />
        <Dependent type="60" displayName="Main" parentDisplayName="IT Product Entitlement" id="{2628fa61-49f1-ee11-904b-000d3a8cbc95}" />
      </MissingDependency>
      <MissingDependency>
        <Required type="1" schemaName="govcdm_itproductentitlement" displayName="IT Product Entitlement" solution="govcdm_itservicemanagement (1.0.0.0)" />
        <Dependent type="62" schemaName="msfed_ITServiceManagement" />
      </MissingDependency>
      <MissingDependency>
        <Required type="1" schemaName="govcdm_itproductentitlement" displayName="IT Product Entitlement" solution="govcdm_itservicemanagement (1.0.0.0)" />
        <Dependent type="80" schemaName="msfed_ITServiceManagement" displayName="IT Service Management" />
      </MissingDependency>
      <MissingDependency>
        <Required type="1" schemaName="govcdm_itprovisioningrequest" displayName="IT Provisioning Request" solution="govcdm_itservicemanagement (1.0.0.0)" />
        <Dependent type="1" schemaName="govcdm_itprovisioningrequest" displayName="IT Provisioning Request" />
      </MissingDependency>
      <MissingDependency>
        <Required type="1" schemaName="govcdm_itprovisioningrequest" displayName="IT Provisioning Request" solution="govcdm_itservicemanagement (1.0.0.0)" />
        <Dependent type="60" displayName="Main" parentDisplayName="IT Provisioning Request" id="{2942bb75-49f1-ee11-904b-000d3a8cbc95}" />
      </MissingDependency>
      <MissingDependency>
        <Required type="1" schemaName="govcdm_itprovisioningrequest" displayName="IT Provisioning Request" solution="govcdm_itservicemanagement (1.0.0.0)" />
        <Dependent type="62" schemaName="msfed_ITServiceManagement" />
      </MissingDependency>
      <MissingDependency>
        <Required type="1" schemaName="govcdm_itprovisioningrequest" displayName="IT Provisioning Request" solution="govcdm_itservicemanagement (1.0.0.0)" />
        <Dependent type="80" schemaName="msfed_ITServiceManagement" displayName="IT Service Management" />
      </MissingDependency>
      <MissingDependency>
        <Required type="1" schemaName="govcdm_itservicerequest" displayName="IT Service Request" solution="govcdm_itservicemanagement (1.0.0.0)" />
        <Dependent type="1" schemaName="govcdm_itservicerequest" displayName="IT Service Request" />
      </MissingDependency>
      <MissingDependency>
        <Required type="1" schemaName="govcdm_itservicerequest" displayName="IT Service Request" solution="govcdm_itservicemanagement (1.0.0.0)" />
        <Dependent type="60" displayName="Main" parentDisplayName="IT Service Request" id="{7b112893-49f1-ee11-904b-000d3a8cbc95}" />
      </MissingDependency>
      <MissingDependency>
        <Required type="1" schemaName="govcdm_itservicerequest" displayName="IT Service Request" solution="govcdm_itservicemanagement (1.0.0.0)" />
        <Dependent type="62" schemaName="msfed_ITServiceManagement" />
      </MissingDependency>
      <MissingDependency>
        <Required type="1" schemaName="govcdm_itservicerequest" displayName="IT Service Request" solution="govcdm_itservicemanagement (1.0.0.0)" />
        <Dependent type="80" schemaName="msfed_ITServiceManagement" displayName="IT Service Management" />
      </MissingDependency>
      <MissingDependency>
        <Required type="1" schemaName="govcdm_itsystem" displayName="IT System" solution="govcdm_itservicemanagement (1.0.0.0)" />
        <Dependent type="1" schemaName="govcdm_itsystem" displayName="IT System" />
      </MissingDependency>
      <MissingDependency>
        <Required type="1" schemaName="govcdm_itsystem" displayName="IT System" solution="govcdm_itservicemanagement (1.0.0.0)" />
        <Dependent type="60" displayName="Main" parentDisplayName="IT System" id="{fd6443aa-49f1-ee11-904b-000d3a8cbc95}" />
      </MissingDependency>
      <MissingDependency>
        <Required type="1" schemaName="govcdm_itsystem" displayName="IT System" solution="govcdm_itservicemanagement (1.0.0.0)" />
        <Dependent type="62" schemaName="msfed_ITServiceManagement" />
      </MissingDependency>
      <MissingDependency>
        <Required type="1" schemaName="govcdm_itsystem" displayName="IT System" solution="govcdm_itservicemanagement (1.0.0.0)" />
        <Dependent type="80" schemaName="msfed_ITServiceManagement" displayName="IT Service Management" />
      </MissingDependency>
      <MissingDependency>
        <Required type="1" schemaName="govcdm_itsystemaccessrequest" displayName="IT System Access Request" solution="govcdm_itservicemanagement (1.0.0.0)" />
        <Dependent type="1" schemaName="govcdm_itsystemaccessrequest" displayName="IT System Access Request" />
      </MissingDependency>
      <MissingDependency>
        <Required type="1" schemaName="govcdm_itsystemaccessrequest" displayName="IT System Access Request" solution="govcdm_itservicemanagement (1.0.0.0)" />
        <Dependent type="60" displayName="Main" parentDisplayName="IT System Access Request" id="{a9ca74c3-49f1-ee11-904b-000d3a8cbc95}" />
      </MissingDependency>
      <MissingDependency>
        <Required type="1" schemaName="govcdm_itsystemaccessrequest" displayName="IT System Access Request" solution="govcdm_itservicemanagement (1.0.0.0)" />
        <Dependent type="62" schemaName="msfed_ITServiceManagement" />
      </MissingDependency>
      <MissingDependency>
        <Required type="1" schemaName="govcdm_itsystemaccessrequest" displayName="IT System Access Request" solution="govcdm_itservicemanagement (1.0.0.0)" />
        <Dependent type="80" schemaName="msfed_ITServiceManagement" displayName="IT Service Management" />
      </MissingDependency>
      <MissingDependency>
        <Required type="1" schemaName="govcdm_itsystemcomponent" displayName="IT System Component" solution="govcdm_itservicemanagement (1.0.0.0)" />
        <Dependent type="1" schemaName="govcdm_itsystemcomponent" displayName="IT System Component" />
      </MissingDependency>
      <MissingDependency>
        <Required type="1" schemaName="govcdm_itsystemcomponent" displayName="IT System Component" solution="govcdm_itservicemanagement (1.0.0.0)" />
        <Dependent type="60" displayName="Main" parentDisplayName="IT System Component" id="{b39c72db-49f1-ee11-904b-000d3a8cbc95}" />
      </MissingDependency>
      <MissingDependency>
        <Required type="1" schemaName="govcdm_itsystemcomponent" displayName="IT System Component" solution="govcdm_itservicemanagement (1.0.0.0)" />
        <Dependent type="62" schemaName="msfed_ITServiceManagement" />
      </MissingDependency>
      <MissingDependency>
        <Required type="1" schemaName="govcdm_itsystemcomponent" displayName="IT System Component" solution="govcdm_itservicemanagement (1.0.0.0)" />
        <Dependent type="80" schemaName="msfed_ITServiceManagement" displayName="IT Service Management" />
      </MissingDependency>
      <MissingDependency>
        <Required type="2" schemaName="govcdm_name" displayName="Name" parentSchemaName="govcdm_itassignedentitlements" parentDisplayName="IT Assigned Entitlements" solution="govcdm_itservicemanagement (1.0.0.0)" />
        <Dependent type="60" displayName="Main" parentDisplayName="IT Assigned Entitlements" id="{afb6a73a-49f1-ee11-904b-000d3a8cbc95}" />
      </MissingDependency>
      <MissingDependency>
        <Required type="2" schemaName="govcdm_name" displayName="Name" parentSchemaName="govcdm_itdatacenter" parentDisplayName="IT Datacenter" solution="govcdm_itservicemanagement (1.0.0.0)" />
        <Dependent type="60" displayName="Main" parentDisplayName="IT Datacenter" id="{ad92044e-49f1-ee11-904b-000d3a8cbc95}" />
      </MissingDependency>
      <MissingDependency>
        <Required type="2" schemaName="govcdm_name" displayName="Name" parentSchemaName="govcdm_itproductentitlement" parentDisplayName="IT Product Entitlement" solution="govcdm_itservicemanagement (1.0.0.0)" />
        <Dependent type="60" displayName="Main" parentDisplayName="IT Product Entitlement" id="{2628fa61-49f1-ee11-904b-000d3a8cbc95}" />
      </MissingDependency>
      <MissingDependency>
        <Required type="2" schemaName="govcdm_name" displayName="Name" parentSchemaName="govcdm_itprovisioningrequest" parentDisplayName="IT Provisioning Request" solution="govcdm_itservicemanagement (1.0.0.0)" />
        <Dependent type="60" displayName="Main" parentDisplayName="IT Provisioning Request" id="{2942bb75-49f1-ee11-904b-000d3a8cbc95}" />
      </MissingDependency>
      <MissingDependency>
        <Required type="2" schemaName="govcdm_name" displayName="Name" parentSchemaName="govcdm_itservicerequest" parentDisplayName="IT Service Request" solution="govcdm_itservicemanagement (1.0.0.0)" />
        <Dependent type="60" displayName="Main" parentDisplayName="IT Service Request" id="{7b112893-49f1-ee11-904b-000d3a8cbc95}" />
      </MissingDependency>
      <MissingDependency>
        <Required type="2" schemaName="govcdm_name" displayName="Name" parentSchemaName="govcdm_itsystem" parentDisplayName="IT System" solution="govcdm_itservicemanagement (1.0.0.0)" />
        <Dependent type="60" displayName="Main" parentDisplayName="IT System" id="{fd6443aa-49f1-ee11-904b-000d3a8cbc95}" />
      </MissingDependency>
      <MissingDependency>
        <Required type="2" schemaName="govcdm_name" displayName="Name" parentSchemaName="govcdm_itsystemaccessrequest" parentDisplayName="IT System Access Request" solution="govcdm_itservicemanagement (1.0.0.0)" />
        <Dependent type="60" displayName="Main" parentDisplayName="IT System Access Request" id="{a9ca74c3-49f1-ee11-904b-000d3a8cbc95}" />
      </MissingDependency>
      <MissingDependency>
        <Required type="2" schemaName="govcdm_name" displayName="Name" parentSchemaName="govcdm_itsystemcomponent" parentDisplayName="IT System Component" solution="govcdm_itservicemanagement (1.0.0.0)" />
        <Dependent type="60" displayName="Main" parentDisplayName="IT System Component" id="{b39c72db-49f1-ee11-904b-000d3a8cbc95}" />
      </MissingDependency>
      <MissingDependency>
        <Required type="2" schemaName="ownerid" displayName="Owner" parentSchemaName="govcdm_itassignedentitlements" parentDisplayName="IT Assigned Entitlements" solution="Active" />
        <Dependent type="60" displayName="Main" parentDisplayName="IT Assigned Entitlements" id="{afb6a73a-49f1-ee11-904b-000d3a8cbc95}" />
      </MissingDependency>
      <MissingDependency>
        <Required type="2" schemaName="ownerid" displayName="Owner" parentSchemaName="govcdm_itdatacenter" parentDisplayName="IT Datacenter" solution="Active" />
        <Dependent type="60" displayName="Main" parentDisplayName="IT Datacenter" id="{ad92044e-49f1-ee11-904b-000d3a8cbc95}" />
      </MissingDependency>
      <MissingDependency>
        <Required type="2" schemaName="ownerid" displayName="Owner" parentSchemaName="govcdm_itproductentitlement" parentDisplayName="IT Product Entitlement" solution="Active" />
        <Dependent type="60" displayName="Main" parentDisplayName="IT Product Entitlement" id="{2628fa61-49f1-ee11-904b-000d3a8cbc95}" />
      </MissingDependency>
      <MissingDependency>
        <Required type="2" schemaName="ownerid" displayName="Owner" parentSchemaName="govcdm_itprovisioningrequest" parentDisplayName="IT Provisioning Request" solution="Active" />
        <Dependent type="60" displayName="Main" parentDisplayName="IT Provisioning Request" id="{2942bb75-49f1-ee11-904b-000d3a8cbc95}" />
      </MissingDependency>
      <MissingDependency>
        <Required type="2" schemaName="ownerid" displayName="Owner" parentSchemaName="govcdm_itservicerequest" parentDisplayName="IT Service Request" solution="Active" />
        <Dependent type="60" displayName="Main" parentDisplayName="IT Service Request" id="{7b112893-49f1-ee11-904b-000d3a8cbc95}" />
      </MissingDependency>
      <MissingDependency>
        <Required type="2" schemaName="ownerid" displayName="Owner" parentSchemaName="govcdm_itsystem" parentDisplayName="IT System" solution="Active" />
        <Dependent type="60" displayName="Main" parentDisplayName="IT System" id="{fd6443aa-49f1-ee11-904b-000d3a8cbc95}" />
      </MissingDependency>
      <MissingDependency>
        <Required type="2" schemaName="ownerid" displayName="Owner" parentSchemaName="govcdm_itsystemaccessrequest" parentDisplayName="IT System Access Request" solution="Active" />
        <Dependent type="60" displayName="Main" parentDisplayName="IT System Access Request" id="{a9ca74c3-49f1-ee11-904b-000d3a8cbc95}" />
      </MissingDependency>
      <MissingDependency>
        <Required type="2" schemaName="ownerid" displayName="Owner" parentSchemaName="govcdm_itsystemcomponent" parentDisplayName="IT System Component" solution="Active" />
        <Dependent type="60" displayName="Main" parentDisplayName="IT System Component" id="{b39c72db-49f1-ee11-904b-000d3a8cbc95}" />
      </MissingDependency>
      <MissingDependency>
        <Required type="61" schemaName="msdyn_/Images/AppModule_Default_Icon.png" displayName="msdyn_/Images/AppModule_Default_Icon.png" solution="AppModuleWebResources (2.5)" />
        <Dependent type="80" schemaName="msfed_ITServiceManagement" displayName="IT Service Management" />
      </MissingDependency>
      <MissingDependency>
        <Required type="SettingDefinition" displayName="AppChannel" solution="msdyn_AppFrameworkInfraExtensions (1.0.0.7)" id.uniquename="AppChannel" />
        <Dependent type="AppSetting" displayName="parentappmoduleid.uniquename=msfed_ITServiceManagement,settingdefinitionid.uniquename=AppChannel" id.parentappmoduleid.uniquename="msfed_ITServiceManagement" id.settingdefinitionid.uniquename="AppChannel" />
      </MissingDependency>
    </MissingDependencies>
  </SolutionManifest>
</ImportExportXml>