<powerbireport uniquename="msfed_63f0abf3114d42a0a1d0072d12ce71f6">
  <datasetid>
    <uniquename>msfed_9a49100f54b249b69ae5266e4bd4e635</uniquename>
  </datasetid>
  <importpowerbicomponentsequencenumber>638333223013347636</importpowerbicomponentsequencenumber>
  <iscustomizable>1</iscustomizable>
  <name>Master Calendar</name>
  <package mimetype="application/zip">package.pbipkg</package>
  <reportobjectid>2594aaf9-abd4-40a2-aa3b-d2ac6ce4fd52</reportobjectid>
  <reportoriginalobjectid>9f3991c6-ea3c-4883-b0dd-0e17073bc7fa</reportoriginalobjectid>
  <statecode>0</statecode>
  <statuscode>1</statuscode>
  <workspaceobjectid>63f33f01-a3b7-480e-846d-e94f3ef29799</workspaceobjectid>
</powerbireport>