﻿<?xml version="1.0" encoding="utf-8"?>
<ImportExportXml xmlns:xsi="http://www.w3.org/2001/XMLSchema-instance" OrganizationVersion="9.2.25083.183" OrganizationSchemaType="Standard" CRMServerServiceabilityVersion="9.2.25084.00181">
  <Entities>
    <Entity>
      <Name LocalizedName="HR Application" OriginalName="HR Application">govcdm_HRApplication</Name>
      <FormXml>
        <forms type="main">
          <systemform>
            <formid>{b64c2bd8-47f1-ee11-904b-000d3a8cbc95}</formid>
            <IntroducedVersion>1.0</IntroducedVersion>
            <FormPresentation>1</FormPresentation>
            <FormActivationState>1</FormActivationState>
            <form headerdensity="HighWithControls">
              <tabs>
                <tab verticallayout="true" id="{420f11a4-4842-40c5-9d49-7fb11df38282}" IsUserDefined="1" labelid="{e2cd7892-4693-4dd9-95c2-9b6e40443346}">
                  <labels>
                    <label description="General" languagecode="1033" />
                  </labels>
                  <columns>
                    <column width="100%">
                      <sections>
                        <section showlabel="false" showbar="false" IsUserDefined="0" id="{9a1b51d3-7205-4fe8-925a-8d234efc0bf1}" labelid="{66ea0752-faa0-4c5c-b0aa-c7f5447fb30e}">
                          <labels>
                            <label description="General" languagecode="1033" />
                          </labels>
                          <rows>
                            <row>
                              <cell id="{8c7f7d62-ecbe-4dbe-bba7-e65439e8a52f}" labelid="{3cdbe3cc-4938-44ad-bcab-6edbb5e387be}">
                                <labels>
                                  <label description="Name" languagecode="1033" />
                                </labels>
                                <control id="govcdm_name" classid="{4273EDBD-AC1D-40d3-9FB2-095C621B552D}" datafieldname="govcdm_name" />
                              </cell>
                            </row>
                            <row>
                              <cell id="{5694617f-d106-448b-aca4-f365075d7543}" labelid="{ca691107-46a7-4f3b-9406-f4f80b165954}">
                                <labels>
                                  <label description="Owner" languagecode="1033" />
                                </labels>
                                <control id="ownerid" classid="{270BD3DB-D9AF-4782-9025-509E298DEC0A}" datafieldname="ownerid" />
                              </cell>
                            </row>
                          </rows>
                        </section>
                      </sections>
                    </column>
                  </columns>
                </tab>
              </tabs>
              <header id="{afec9719-974b-439d-8ee8-e876fb668d1b}" celllabelposition="Top" columns="111" labelwidth="115" celllabelalignment="Left">
                <rows>
                  <row>
                    <cell id="{cbfaf196-24ac-4d5c-83b9-4801f82ed404}" showlabel="false" labelid="{b4f36929-1f57-435a-8cef-500a968747f2}">
                      <labels>
                        <label description="" languagecode="1033" />
                      </labels>
                    </cell>
                    <cell id="{1b59cfde-4ace-4ad1-92ab-a4880fa16c43}" showlabel="false" labelid="{dce55376-8652-474f-a336-7986493f3788}">
                      <labels>
                        <label description="" languagecode="1033" />
                      </labels>
                    </cell>
                    <cell id="{5861a895-da57-497b-a8c5-50d5a251dcb1}" showlabel="false" labelid="{1450aef2-5f8a-41de-baa0-bb0992d1ce75}">
                      <labels>
                        <label description="" languagecode="1033" />
                      </labels>
                    </cell>
                  </row>
                </rows>
              </header>
              <footer id="{0ef1837f-2987-4b29-b39c-41c7f5194880}" celllabelposition="Top" columns="111" labelwidth="115" celllabelalignment="Left">
                <rows>
                  <row>
                    <cell id="{ad25952f-16e5-4683-9ea0-a7f18d6f678e}" showlabel="false" labelid="{3f68cf34-88b5-4a9c-9ffa-139ae118076d}">
                      <labels>
                        <label description="" languagecode="1033" />
                      </labels>
                    </cell>
                    <cell id="{2090e991-899c-482e-92f6-87a06ca3c89e}" showlabel="false" labelid="{f8d27389-8f80-46a9-8156-c0e92c775ff6}">
                      <labels>
                        <label description="" languagecode="1033" />
                      </labels>
                    </cell>
                    <cell id="{b64d7daf-ecb0-4af2-8555-cec1bd2fb756}" showlabel="false" labelid="{3838d306-26fb-4e42-a445-d86b2a31f283}">
                      <labels>
                        <label description="" languagecode="1033" />
                      </labels>
                    </cell>
                  </row>
                </rows>
              </footer>
              <DisplayConditions Order="1" FallbackForm="true">
                <Role Id="{627090ff-40a3-4053-8790-584edc5be201}" />
                <Role Id="{119f245c-3cc8-4b62-b31c-d1a046ced15d}" />
              </DisplayConditions>
            </form>
            <IsCustomizable>1</IsCustomizable>
            <CanBeDeleted>1</CanBeDeleted>
            <LocalizedNames>
              <LocalizedName description="Main" languagecode="1033" />
            </LocalizedNames>
            <Descriptions>
              <Description description="A form for this entity." languagecode="1033" />
            </Descriptions>
          </systemform>
        </forms>
      </FormXml>
      <RibbonDiffXml>
        <CustomActions />
        <Templates>
          <RibbonTemplates Id="Mscrm.Templates"></RibbonTemplates>
        </Templates>
        <CommandDefinitions />
        <RuleDefinitions>
          <TabDisplayRules />
          <DisplayRules />
          <EnableRules />
        </RuleDefinitions>
        <LocLabels />
      </RibbonDiffXml>
    </Entity>
    <Entity>
      <Name LocalizedName="HR Candidate" OriginalName="HR Candidate">govcdm_HRCandidate</Name>
      <FormXml>
        <forms type="main">
          <systemform>
            <formid>{f897fdf8-47f1-ee11-904b-000d3a8cbc95}</formid>
            <IntroducedVersion>1.0</IntroducedVersion>
            <FormPresentation>1</FormPresentation>
            <FormActivationState>1</FormActivationState>
            <form headerdensity="HighWithControls">
              <tabs>
                <tab verticallayout="true" id="{6c3887b2-60d7-497e-a45a-a7301411e847}" IsUserDefined="1" labelid="{9c6b9fd8-2573-4cda-8c77-c76ec1d7bcf2}">
                  <labels>
                    <label description="General" languagecode="1033" />
                  </labels>
                  <columns>
                    <column width="100%">
                      <sections>
                        <section showlabel="false" showbar="false" IsUserDefined="0" id="{dca9adf4-28c4-4522-a74a-9e0cb1295d3c}" labelid="{253a408e-071f-4bae-866e-541a5b8e2e21}">
                          <labels>
                            <label description="General" languagecode="1033" />
                          </labels>
                          <rows>
                            <row>
                              <cell id="{f4bb4889-683f-4075-bd7f-650169e8f605}" labelid="{23a1adba-9ad3-4acf-9bf5-f7b4cded9aaf}">
                                <labels>
                                  <label description="Name" languagecode="1033" />
                                </labels>
                                <control id="govcdm_name" classid="{4273EDBD-AC1D-40d3-9FB2-095C621B552D}" datafieldname="govcdm_name" />
                              </cell>
                            </row>
                            <row>
                              <cell id="{6e28ac3b-d387-43c9-9ceb-e7cb0e7a1dcb}" labelid="{49c96ed5-09a1-4ff8-bc35-c5d762e451d1}">
                                <labels>
                                  <label description="Owner" languagecode="1033" />
                                </labels>
                                <control id="ownerid" classid="{270BD3DB-D9AF-4782-9025-509E298DEC0A}" datafieldname="ownerid" />
                              </cell>
                            </row>
                          </rows>
                        </section>
                      </sections>
                    </column>
                  </columns>
                </tab>
              </tabs>
              <header id="{8e1654fe-f21f-4f59-8326-7c00040b687d}" celllabelposition="Top" columns="111" labelwidth="115" celllabelalignment="Left">
                <rows>
                  <row>
                    <cell id="{706fbe5f-b4f7-4c1c-9247-499cacfa7a59}" showlabel="false" labelid="{d8389a1d-04b2-41ea-a6fd-1d19b83dc2d5}">
                      <labels>
                        <label description="" languagecode="1033" />
                      </labels>
                    </cell>
                    <cell id="{612aec86-1811-4e8d-948f-e414ed66a57f}" showlabel="false" labelid="{3436c4e5-afc7-48bc-b188-ad53907d1214}">
                      <labels>
                        <label description="" languagecode="1033" />
                      </labels>
                    </cell>
                    <cell id="{d1d4b644-60e5-4524-ad41-a27eaf3e873c}" showlabel="false" labelid="{679e454b-7858-4d28-bd76-d59d0034c755}">
                      <labels>
                        <label description="" languagecode="1033" />
                      </labels>
                    </cell>
                  </row>
                </rows>
              </header>
              <footer id="{68f8c611-1d9e-4151-84e3-7225c227c639}" celllabelposition="Top" columns="111" labelwidth="115" celllabelalignment="Left">
                <rows>
                  <row>
                    <cell id="{049ccb81-15fb-4a53-8071-6a5fdf230c8a}" showlabel="false" labelid="{b45d5ceb-b92a-4b7f-8ca1-aefeedf30063}">
                      <labels>
                        <label description="" languagecode="1033" />
                      </labels>
                    </cell>
                    <cell id="{dbd1dbf4-9256-4ea7-b5be-3de7616f61a4}" showlabel="false" labelid="{534978fb-c153-478a-836d-b649462f6941}">
                      <labels>
                        <label description="" languagecode="1033" />
                      </labels>
                    </cell>
                    <cell id="{1608ebec-03cf-4cf1-85a5-60e265460676}" showlabel="false" labelid="{1e70068b-1299-4499-817d-93776a0ef4a0}">
                      <labels>
                        <label description="" languagecode="1033" />
                      </labels>
                    </cell>
                  </row>
                </rows>
              </footer>
              <DisplayConditions Order="1" FallbackForm="true">
                <Role Id="{627090ff-40a3-4053-8790-584edc5be201}" />
                <Role Id="{119f245c-3cc8-4b62-b31c-d1a046ced15d}" />
              </DisplayConditions>
            </form>
            <IsCustomizable>1</IsCustomizable>
            <CanBeDeleted>1</CanBeDeleted>
            <LocalizedNames>
              <LocalizedName description="Main" languagecode="1033" />
            </LocalizedNames>
            <Descriptions>
              <Description description="A form for this entity." languagecode="1033" />
            </Descriptions>
          </systemform>
        </forms>
      </FormXml>
      <RibbonDiffXml>
        <CustomActions />
        <Templates>
          <RibbonTemplates Id="Mscrm.Templates"></RibbonTemplates>
        </Templates>
        <CommandDefinitions />
        <RuleDefinitions>
          <TabDisplayRules />
          <DisplayRules />
          <EnableRules />
        </RuleDefinitions>
        <LocLabels />
      </RibbonDiffXml>
    </Entity>
    <Entity>
      <Name LocalizedName="HR Job Posting" OriginalName="HR Job Posting">govcdm_HRJobPosting</Name>
      <FormXml>
        <forms type="main">
          <systemform>
            <formid>{d8c68b15-48f1-ee11-904b-000d3a8cbc95}</formid>
            <IntroducedVersion>1.0</IntroducedVersion>
            <FormPresentation>1</FormPresentation>
            <FormActivationState>1</FormActivationState>
            <form headerdensity="HighWithControls">
              <tabs>
                <tab verticallayout="true" id="{87efacdb-a3bc-4339-8e92-f4a5c594e917}" IsUserDefined="1" labelid="{737f9475-0860-4617-8323-b4439479c1d0}">
                  <labels>
                    <label description="General" languagecode="1033" />
                  </labels>
                  <columns>
                    <column width="100%">
                      <sections>
                        <section showlabel="false" showbar="false" IsUserDefined="0" id="{ed1891d4-036a-41a8-9c4c-235aab48d432}" labelid="{631f34b7-8ea6-4292-86e8-e3eaf150260c}">
                          <labels>
                            <label description="General" languagecode="1033" />
                          </labels>
                          <rows>
                            <row>
                              <cell id="{f1871898-5452-45b5-9618-ee7a56b99855}" labelid="{31e12e2c-07c2-4d71-a9ce-e5e4cb4ca023}">
                                <labels>
                                  <label description="Name" languagecode="1033" />
                                </labels>
                                <control id="govcdm_name" classid="{4273EDBD-AC1D-40d3-9FB2-095C621B552D}" datafieldname="govcdm_name" />
                              </cell>
                            </row>
                            <row>
                              <cell id="{97922827-f046-424b-863b-099daee61bdb}" labelid="{efddae00-daf0-4a3a-b63a-32aff31781e9}">
                                <labels>
                                  <label description="Owner" languagecode="1033" />
                                </labels>
                                <control id="ownerid" classid="{270BD3DB-D9AF-4782-9025-509E298DEC0A}" datafieldname="ownerid" />
                              </cell>
                            </row>
                          </rows>
                        </section>
                      </sections>
                    </column>
                  </columns>
                </tab>
              </tabs>
              <header id="{580b4778-f7a1-42f9-8181-b3b03311bd07}" celllabelposition="Top" columns="111" labelwidth="115" celllabelalignment="Left">
                <rows>
                  <row>
                    <cell id="{003e066d-9a25-4bd2-adb4-80d449b17c8f}" showlabel="false" labelid="{d9322827-575e-4fed-8b22-8b1ed0fecb80}">
                      <labels>
                        <label description="" languagecode="1033" />
                      </labels>
                    </cell>
                    <cell id="{aa58f4f2-ad0e-4126-9265-2972015183d4}" showlabel="false" labelid="{f615d4ac-32aa-40bb-8299-8a8006574585}">
                      <labels>
                        <label description="" languagecode="1033" />
                      </labels>
                    </cell>
                    <cell id="{68612b2c-9ae8-49fc-b82d-f5b3204b013b}" showlabel="false" labelid="{bf24a03a-5751-46af-aaa2-b9f1f18c13d3}">
                      <labels>
                        <label description="" languagecode="1033" />
                      </labels>
                    </cell>
                  </row>
                </rows>
              </header>
              <footer id="{d6f5570c-d081-42ee-b207-67eb321d70b7}" celllabelposition="Top" columns="111" labelwidth="115" celllabelalignment="Left">
                <rows>
                  <row>
                    <cell id="{56f08518-2427-49aa-b315-6f476b87efb7}" showlabel="false" labelid="{64d2478e-6e4d-41c4-a4cd-550f11904bfa}">
                      <labels>
                        <label description="" languagecode="1033" />
                      </labels>
                    </cell>
                    <cell id="{5aa9a724-87af-405f-8f66-0aee8dbf2809}" showlabel="false" labelid="{f587f866-8e14-4ecc-a754-747936c38f4e}">
                      <labels>
                        <label description="" languagecode="1033" />
                      </labels>
                    </cell>
                    <cell id="{7ef6b9d2-f4c1-4537-95d3-1dc8b33fd565}" showlabel="false" labelid="{fbfd9425-024b-4f90-8866-5d4fc0f5e6fb}">
                      <labels>
                        <label description="" languagecode="1033" />
                      </labels>
                    </cell>
                  </row>
                </rows>
              </footer>
              <DisplayConditions Order="1" FallbackForm="true">
                <Role Id="{627090ff-40a3-4053-8790-584edc5be201}" />
                <Role Id="{119f245c-3cc8-4b62-b31c-d1a046ced15d}" />
              </DisplayConditions>
            </form>
            <IsCustomizable>1</IsCustomizable>
            <CanBeDeleted>1</CanBeDeleted>
            <LocalizedNames>
              <LocalizedName description="Main" languagecode="1033" />
            </LocalizedNames>
            <Descriptions>
              <Description description="A form for this entity." languagecode="1033" />
            </Descriptions>
          </systemform>
        </forms>
      </FormXml>
      <RibbonDiffXml>
        <CustomActions />
        <Templates>
          <RibbonTemplates Id="Mscrm.Templates"></RibbonTemplates>
        </Templates>
        <CommandDefinitions />
        <RuleDefinitions>
          <TabDisplayRules />
          <DisplayRules />
          <EnableRules />
        </RuleDefinitions>
        <LocLabels />
      </RibbonDiffXml>
    </Entity>
  </Entities>
  <Roles />
  <Workflows />
  <FieldSecurityProfiles />
  <Templates />
  <EntityMaps />
  <EntityRelationships />
  <OrganizationSettings />
  <optionsets />
  <CustomControls />
  <AppModuleSiteMaps>
    <AppModuleSiteMap>
      <SiteMapUniqueName>msgov_HRRecruiting</SiteMapUniqueName>
      <EnableCollapsibleGroups>False</EnableCollapsibleGroups>
      <ShowHome>True</ShowHome>
      <ShowPinned>True</ShowPinned>
      <ShowRecents>True</ShowRecents>
      <SiteMap IntroducedVersion="7.0.0.0">
        <Area Id="area_14fb5ca6" ResourceId="SitemapDesigner.NewTitle" DescriptionResourceId="SitemapDesigner.NewTitle" ShowGroups="true" IntroducedVersion="7.0.0.0">
          <Titles>
            <Title LCID="1033" Title="Area1" />
          </Titles>
          <Group Id="group_e0c8884b" ResourceId="SitemapDesigner.NewGroup" DescriptionResourceId="SitemapDesigner.NewGroup" IntroducedVersion="7.0.0.0" IsProfile="false" ToolTipResourseId="SitemapDesigner.Unknown">
            <SubArea Id="subarea_23b33363" Icon="/_imgs/imagestrips/transparent_spacer.gif" Entity="govcdm_hrapplication" Client="All,Outlook,OutlookLaptopClient,OutlookWorkstationClient,Web" AvailableOffline="true" PassParams="false" Sku="All,OnPremise,Live,SPLA" />
            <SubArea Id="subarea_076a892a" Icon="/_imgs/imagestrips/transparent_spacer.gif" Entity="govcdm_hrcandidate" Client="All,Outlook,OutlookLaptopClient,OutlookWorkstationClient,Web" AvailableOffline="true" PassParams="false" Sku="All,OnPremise,Live,SPLA" />
            <SubArea Id="subarea_3b196101" Icon="/_imgs/imagestrips/transparent_spacer.gif" Entity="govcdm_hrjobposting" Client="All,Outlook,OutlookLaptopClient,OutlookWorkstationClient,Web" AvailableOffline="true" PassParams="false" Sku="All,OnPremise,Live,SPLA" />
          </Group>
        </Area>
      </SiteMap>
      <LocalizedNames>
        <LocalizedName description="HR Recruiting" languagecode="1033" />
      </LocalizedNames>
    </AppModuleSiteMap>
  </AppModuleSiteMaps>
  <AppModules>
    <AppModule>
      <UniqueName>msgov_HRRecruiting</UniqueName>
      <IntroducedVersion>1.0</IntroducedVersion>
      <WebResourceId>953b9fac-1e5e-e611-80d6-00155ded156f</WebResourceId>
      <OptimizedFor></OptimizedFor>
      <statecode>0</statecode>
      <statuscode>1</statuscode>
      <FormFactor>1</FormFactor>
      <ClientType>4</ClientType>
      <NavigationType>0</NavigationType>
      <AppModuleComponents>
        <AppModuleComponent type="1" schemaName="govcdm_hrapplication" />
        <AppModuleComponent type="1" schemaName="govcdm_hrcandidate" />
        <AppModuleComponent type="1" schemaName="govcdm_hrjobposting" />
        <AppModuleComponent type="60" id="{b64c2bd8-47f1-ee11-904b-000d3a8cbc95}" />
        <AppModuleComponent type="60" id="{f897fdf8-47f1-ee11-904b-000d3a8cbc95}" />
        <AppModuleComponent type="60" id="{d8c68b15-48f1-ee11-904b-000d3a8cbc95}" />
        <AppModuleComponent type="62" schemaName="msgov_HRRecruiting" />
      </AppModuleComponents>
      <AppModuleRoleMaps>
        <Role id="{627090ff-40a3-4053-8790-584edc5be201}" />
        <Role id="{119f245c-3cc8-4b62-b31c-d1a046ced15d}" />
      </AppModuleRoleMaps>
      <LocalizedNames>
        <LocalizedName description="HR Recruiting" languagecode="1033" />
      </LocalizedNames>
      <appsettings>
        <appsetting settingdefinitionid.uniquename="AppChannel">
          <iscustomizable>1</iscustomizable>
          <value>1</value>
        </appsetting>
      </appsettings>
    </AppModule>
  </AppModules>
  <EntityDataProviders />
  <Languages>
    <Language>1033</Language>
  </Languages>
</ImportExportXml>