<powerpagesitelanguages>
  <powerpagesitelanguage powerpagesitelanguageid="478b893f-eef8-4927-ac86-ba2f4f37d706">
    <content>{"publishingstate":"bb41cbbb-c85a-4db5-a56e-a669cb132666","systemlanguage":1033}</content>
    <displayname>English</displayname>
    <iscustomizable>1</iscustomizable>
    <languagecode>en-US</languagecode>
    <lcid>1033</lcid>
    <name>English</name>
    <powerpagesiteid>
      <powerpagesiteid>add6fceb-252c-456e-bead-89dbed3b19c5</powerpagesiteid>
    </powerpagesiteid>
    <statecode>0</statecode>
    <statuscode>1</statuscode>
  </powerpagesitelanguage>
</powerpagesitelanguages>