
<entities xmlns:xsd="http://www.w3.org/2001/XMLSchema" xmlns:xsi="http://www.w3.org/2001/XMLSchema-instance" timestamp="2025-06-19T18:11:56.8850974Z">
  <entity name="govcdm_executiveaction" displayname="Executive Action">
    <records>
      <record id="ec040f74-3343-f011-877a-001dd80c2ad5">
        <field name="govcdm_actionnumber" value="EO-20250415-001" />
        <field name="govcdm_actionstatus" value="166840000" />
        <field name="govcdm_executiveactionid" value="ec040f74-3343-f011-877a-001dd80c2ad5" />
        <field name="govcdm_executiveactioncategory" value="166840001" />
        <field name="govcdm_executiveactiontype" value="d11bc9ec-0cdf-ee11-904d-6045bd081806" lookupentity="govcdm_executiveactiontype" lookupentityname="Executive Orders" />
        <field name="govcdm_name" value="Ensuring Commercial, Cost-Effective Solutions in Federal Contracts" />
        <field name="govcdm_securityclassification" value="166840002" />
        <field name="govcdm_receiveddatetime" value="2025-04-15T08:00:00.0000000Z" />
        <field name="govcdm_priority" value="166840002" />
        <field name="govcdm_sourceanalysis" value="e70a92c9-3c45-f011-877a-001dd80c2ad5" lookupentity="govcdm_analysis" lookupentityname="Procurement Impact Assessment for EO 14271" />
        <field name="govcdm_sourcelegalauthority" value="86984a97-0222-f011-998a-001dd80d965b" lookupentity="govcdm_legalauthority" lookupentityname="Ensuring Commercial, Cost-Effective Solutions in Federal Contracts" />
      </record>
    </records>
    <m2mrelationships />
  </entity>
  <entity name="govcdm_executiveactiontype" displayname="Executive Action Type">
    <records>
      <record id="c71bc9ec-0cdf-ee11-904d-6045bd081806">
        <field name="govcdm_description" value="Formal agreements between two or more parties outlining a mutual understanding on an issue." />
        <field name="govcdm_executiveactiontypeid" value="c71bc9ec-0cdf-ee11-904d-6045bd081806" />
        <field name="govcdm_executiveactioncategory" value="166840000" />
        <field name="govcdm_name" value="Memorandums of Understanding (MOUs)" />
      </record>
      <record id="c91bc9ec-0cdf-ee11-904d-6045bd081806">
        <field name="govcdm_description" value="Similar to MOUs but often more legally binding, detailing a specific agreement between parties." />
        <field name="govcdm_executiveactiontypeid" value="c91bc9ec-0cdf-ee11-904d-6045bd081806" />
        <field name="govcdm_executiveactioncategory" value="166840000" />
        <field name="govcdm_name" value="Memorandums of Agreement (MOAs)" />
      </record>
      <record id="cb1bc9ec-0cdf-ee11-904d-6045bd081806">
        <field name="govcdm_description" value="Instructions or orders issued by a high-level authority within the organization, guiding the operations or policies." />
        <field name="govcdm_executiveactiontypeid" value="cb1bc9ec-0cdf-ee11-904d-6045bd081806" />
        <field name="govcdm_executiveactioncategory" value="166840001" />
        <field name="govcdm_name" value="Directives" />
      </record>
      <record id="cd1bc9ec-0cdf-ee11-904d-6045bd081806">
        <field name="govcdm_description" value="Requests for specific information or data to be collected and reported by various departments or agencies." />
        <field name="govcdm_executiveactiontypeid" value="cd1bc9ec-0cdf-ee11-904d-6045bd081806" />
        <field name="govcdm_executiveactioncategory" value="166840002" />
        <field name="govcdm_name" value="Data Calls" />
      </record>
      <record id="cf1bc9ec-0cdf-ee11-904d-6045bd081806">
        <field name="govcdm_description" value="Responses or preparations for inquiries received from members of Congress or congressional committees." />
        <field name="govcdm_executiveactiontypeid" value="cf1bc9ec-0cdf-ee11-904d-6045bd081806" />
        <field name="govcdm_executiveactioncategory" value="166840002" />
        <field name="govcdm_name" value="Congressional Inquiries" />
      </record>
      <record id="d11bc9ec-0cdf-ee11-904d-6045bd081806">
        <field name="govcdm_description" value="Orders issued by the President or agency heads that manage operations or direct specific actions within the federal government." />
        <field name="govcdm_executiveactiontypeid" value="d11bc9ec-0cdf-ee11-904d-6045bd081806" />
        <field name="govcdm_executiveactioncategory" value="166840001" />
        <field name="govcdm_name" value="Executive Orders" />
      </record>
      <record id="d31bc9ec-0cdf-ee11-904d-6045bd081806">
        <field name="govcdm_description" value="Formal statements of principle or protocol that guide decisions and actions within the agency." />
        <field name="govcdm_executiveactiontypeid" value="d31bc9ec-0cdf-ee11-904d-6045bd081806" />
        <field name="govcdm_executiveactioncategory" value="166840001" />
        <field name="govcdm_name" value="Policies" />
      </record>
      <record id="d51bc9ec-0cdf-ee11-904d-6045bd081806">
        <field name="govcdm_description" value="Rules issued by an agency to implement laws and outline procedures or standards for industry or government operations." />
        <field name="govcdm_executiveactiontypeid" value="d51bc9ec-0cdf-ee11-904d-6045bd081806" />
        <field name="govcdm_executiveactioncategory" value="166840004" />
        <field name="govcdm_name" value="Regulations" />
      </record>
      <record id="d71bc9ec-0cdf-ee11-904d-6045bd081806">
        <field name="govcdm_description" value="Documents or presentations prepared to inform decision-makers about specific issues, projects, or operations." />
        <field name="govcdm_executiveactiontypeid" value="d71bc9ec-0cdf-ee11-904d-6045bd081806" />
        <field name="govcdm_executiveactioncategory" value="166840005" />
        <field name="govcdm_name" value="Briefings" />
      </record>
      <record id="d91bc9ec-0cdf-ee11-904d-6045bd081806">
        <field name="govcdm_description" value="Detailed and structured documents presenting findings, progress, or analyses related to agency activities." />
        <field name="govcdm_executiveactiontypeid" value="d91bc9ec-0cdf-ee11-904d-6045bd081806" />
        <field name="govcdm_executiveactioncategory" value="166840005" />
        <field name="govcdm_name" value="Reports" />
      </record>
      <record id="db1bc9ec-0cdf-ee11-904d-6045bd081806">
        <field name="govcdm_description" value="Documents outlining the strategic direction, goals, and objectives of an agency over a defined time period." />
        <field name="govcdm_executiveactiontypeid" value="db1bc9ec-0cdf-ee11-904d-6045bd081806" />
        <field name="govcdm_executiveactioncategory" value="166840003" />
        <field name="govcdm_name" value="Strategic Plans" />
      </record>
      <record id="dd1bc9ec-0cdf-ee11-904d-6045bd081806">
        <field name="govcdm_description" value="Detailed plans proposing how an agency intends to allocate and spend its resources in a fiscal period." />
        <field name="govcdm_executiveactiontypeid" value="dd1bc9ec-0cdf-ee11-904d-6045bd081806" />
        <field name="govcdm_executiveactioncategory" value="166840003" />
        <field name="govcdm_name" value="Budget Proposals" />
      </record>
      <record id="df1bc9ec-0cdf-ee11-904d-6045bd081806">
        <field name="govcdm_description" value="Contracts or agreements that have legal implications, including partnerships, collaborations, or service provisions." />
        <field name="govcdm_executiveactiontypeid" value="df1bc9ec-0cdf-ee11-904d-6045bd081806" />
        <field name="govcdm_executiveactioncategory" value="166840000" />
        <field name="govcdm_name" value="Legal Agreements" />
      </record>
      <record id="e11bc9ec-0cdf-ee11-904d-6045bd081806">
        <field name="govcdm_description" value="Documentation and management of grant proposals, awards, and compliance for funding received or administered by the agency." />
        <field name="govcdm_executiveactiontypeid" value="e11bc9ec-0cdf-ee11-904d-6045bd081806" />
        <field name="govcdm_executiveactioncategory" value="166840007" />
        <field name="govcdm_name" value="Grants" />
      </record>
      <record id="e31bc9ec-0cdf-ee11-904d-6045bd081806">
        <field name="govcdm_description" value="Formal requests to procure goods or services necessary for agency operations." />
        <field name="govcdm_executiveactiontypeid" value="e31bc9ec-0cdf-ee11-904d-6045bd081806" />
        <field name="govcdm_executiveactioncategory" value="166840007" />
        <field name="govcdm_name" value="Procurement Requests" />
      </record>
      <record id="e51bc9ec-0cdf-ee11-904d-6045bd081806">
        <field name="govcdm_description" value="Official responses to findings or requests from internal or external audit activities." />
        <field name="govcdm_executiveactiontypeid" value="e51bc9ec-0cdf-ee11-904d-6045bd081806" />
        <field name="govcdm_executiveactioncategory" value="166840004" />
        <field name="govcdm_name" value="Audit Responses" />
      </record>
      <record id="e71bc9ec-0cdf-ee11-904d-6045bd081806">
        <field name="govcdm_description" value="Documents certifying that certain processes, systems, or documents comply with legal, regulatory, or policy standards." />
        <field name="govcdm_executiveactiontypeid" value="e71bc9ec-0cdf-ee11-904d-6045bd081806" />
        <field name="govcdm_executiveactioncategory" value="166840004" />
        <field name="govcdm_name" value="Compliance Certifications" />
      </record>
      <record id="e91bc9ec-0cdf-ee11-904d-6045bd081806">
        <field name="govcdm_description" value="Plans detailing the implementation of specific programs, projects, or initiatives within the agency." />
        <field name="govcdm_executiveactiontypeid" value="e91bc9ec-0cdf-ee11-904d-6045bd081806" />
        <field name="govcdm_executiveactioncategory" value="166840003" />
        <field name="govcdm_name" value="Operational Plans" />
      </record>
      <record id="eb1bc9ec-0cdf-ee11-904d-6045bd081806">
        <field name="govcdm_description" value="Documents related to human resources actions, including appointments, promotions, disciplinary actions, and separations." />
        <field name="govcdm_executiveactiontypeid" value="eb1bc9ec-0cdf-ee11-904d-6045bd081806" />
        <field name="govcdm_executiveactioncategory" value="166840006" />
        <field name="govcdm_name" value="Personnel Actions" />
      </record>
      <record id="ed1bc9ec-0cdf-ee11-904d-6045bd081806">
        <field name="govcdm_description" value="Official statements issued to the media to announce significant agency actions, events, or achievements." />
        <field name="govcdm_executiveactiontypeid" value="ed1bc9ec-0cdf-ee11-904d-6045bd081806" />
        <field name="govcdm_executiveactioncategory" value="166840005" />
        <field name="govcdm_name" value="Press Releases" />
      </record>
      <record id="ef1bc9ec-0cdf-ee11-904d-6045bd081806">
        <field name="govcdm_description" value="Announcements intended for public awareness regarding hearings, changes in regulations, or other significant actions." />
        <field name="govcdm_executiveactiontypeid" value="ef1bc9ec-0cdf-ee11-904d-6045bd081806" />
        <field name="govcdm_executiveactioncategory" value="166840005" />
        <field name="govcdm_name" value="Public Notices" />
      </record>
      <record id="f11bc9ec-0cdf-ee11-904d-6045bd081806">
        <field name="govcdm_description" value="Proposals for research projects, including objectives, methodology, and significance, often submitted for funding or approval." />
        <field name="govcdm_executiveactiontypeid" value="f11bc9ec-0cdf-ee11-904d-6045bd081806" />
        <field name="govcdm_executiveactioncategory" value="166840008" />
        <field name="govcdm_name" value="Research Proposals" />
      </record>
      <record id="f31bc9ec-0cdf-ee11-904d-6045bd081806">
        <field name="govcdm_description" value="Documents detailing security measures, policies, and procedures to protect agency information and assets." />
        <field name="govcdm_executiveactiontypeid" value="f31bc9ec-0cdf-ee11-904d-6045bd081806" />
        <field name="govcdm_executiveactioncategory" value="166840009" />
        <field name="govcdm_name" value="Security Protocols" />
      </record>
      <record id="f51bc9ec-0cdf-ee11-904d-6045bd081806">
        <field name="govcdm_description" value="Guidelines or advisories issued to ensure ethical behavior and compliance within the agency." />
        <field name="govcdm_executiveactiontypeid" value="f51bc9ec-0cdf-ee11-904d-6045bd081806" />
        <field name="govcdm_executiveactioncategory" value="166840004" />
        <field name="govcdm_name" value="Ethics Guidelines" />
      </record>
      <record id="f71bc9ec-0cdf-ee11-904d-6045bd081806">
        <field name="govcdm_description" value="Documentation and guidelines for training programs designed to improve skills or knowledge among agency personnel." />
        <field name="govcdm_executiveactiontypeid" value="f71bc9ec-0cdf-ee11-904d-6045bd081806" />
        <field name="govcdm_executiveactioncategory" value="166840006" />
        <field name="govcdm_name" value="Training Programs" />
      </record>
      <record id="f91bc9ec-0cdf-ee11-904d-6045bd081806">
        <field name="govcdm_description" value="Documents related to the planning and execution of official events, conferences, or meetings." />
        <field name="govcdm_executiveactiontypeid" value="f91bc9ec-0cdf-ee11-904d-6045bd081806" />
        <field name="govcdm_executiveactioncategory" value="166840008" />
        <field name="govcdm_name" value="Event Planning" />
      </record>
    </records>
    <m2mrelationships />
  </entity>
  <entity name="govcdm_processstep" displayname="Process Step">
    <records>
      <record id="02e7ee3c-d584-ef11-ac21-001dd808e57d">
        <field name="govcdm_processsteporder" value="1" />
        <field name="govcdm_processsteptype" value="166840007" />
        <field name="msfed_automationteamid" value="2efd0845-906c-44a0-a291-420de1a1372f" />
        <field name="msfed_automationtype" value="188440001" />
        <field name="govcdm_details" value="&amp;lt;div class=&amp;quot;ck-content&amp;quot; data-wrapper=&amp;quot;true&amp;quot; dir=&amp;quot;ltr&amp;quot; style=&amp;quot;--ck-image-style-spacing: 1.5em; --ck-inline-image-style-spacing: calc(var(--ck-image-style-spacing) / 2); --ck-color-selector-caption-background: hsl(0, 0%, 97%); --ck-color-selector-caption-text: hsl(0, 0%, 20%); font-family: Segoe UI; font-size: 11pt;&amp;quot;&amp;gt;&amp;lt;p style=&amp;quot;margin: 0;&amp;quot;&amp;gt;Create a Microsoft Team Channel as a collaboration space for this briefing memo.&amp;lt;/p&amp;gt;&amp;lt;/div&amp;gt;" />
        <field name="govcdm_duedatecalcmethod" value="166840000" />
        <field name="govcdm_parentprocessstep" value="761dacb7-a3df-ee11-904d-0022481c9844" lookupentity="govcdm_processstep" lookupentityname="Briefing Memo" />
        <field name="govcdm_primaryprocessstep" value="761dacb7-a3df-ee11-904d-0022481c9844" lookupentity="govcdm_processstep" lookupentityname="Briefing Memo" />
        <field name="govcdm_primaryrecorddisplayfield" value="fullname" />
        <field name="govcdm_processstepid" value="02e7ee3c-d584-ef11-ac21-001dd808e57d" />
        <field name="govcdm_name" value="Create Collaboration Space" />
      </record>
      <record id="9a0edf8d-3287-ef11-ac21-001dd808e57d">
        <field name="govcdm_processsteporder" value="2" />
        <field name="govcdm_processsteptype" value="166840007" />
        <field name="msfed_automationtype" value="188440000" />
        <field name="govcdm_details" value="&amp;lt;div class=&amp;quot;ck-content&amp;quot; data-wrapper=&amp;quot;true&amp;quot; dir=&amp;quot;ltr&amp;quot; style=&amp;quot;--ck-image-style-spacing: 1.5em; --ck-inline-image-style-spacing: calc(var(--ck-image-style-spacing) / 2); --ck-color-selector-caption-background: hsl(0, 0%, 97%); --ck-color-selector-caption-text: hsl(0, 0%, 20%); font-family: Segoe UI; font-size: 11pt;&amp;quot;&amp;gt;&amp;lt;p style=&amp;quot;margin: 0;&amp;quot;&amp;gt;Run this automation to generate a briefing memo from the template.&amp;lt;/p&amp;gt;&amp;lt;/div&amp;gt;" />
        <field name="govcdm_parentprocessstep" value="761dacb7-a3df-ee11-904d-0022481c9844" lookupentity="govcdm_processstep" lookupentityname="Briefing Memo" />
        <field name="govcdm_primaryprocessstep" value="761dacb7-a3df-ee11-904d-0022481c9844" lookupentity="govcdm_processstep" lookupentityname="Briefing Memo" />
        <field name="govcdm_processstepid" value="9a0edf8d-3287-ef11-ac21-001dd808e57d" />
        <field name="govcdm_name" value="Generate Briefing Memo from Template" />
      </record>
      <record id="7c6eec67-3343-f011-877a-001dd80c2ad5">
        <field name="govcdm_processsteptype" value="166840009" />
        <field name="govcdm_dataentrystep" value="866834ea-3243-f011-877a-001dd80c2ad5" lookupentity="govcdm_dataentrystep" lookupentityname="Executive Action" />
        <field name="govcdm_details" value="&amp;lt;div class=&amp;quot;ck-content&amp;quot; data-wrapper=&amp;quot;true&amp;quot; dir=&amp;quot;ltr&amp;quot; style=&amp;quot;--ck-image-style-spacing: 1.5em; --ck-inline-image-style-spacing: calc(var(--ck-image-style-spacing) / 2); font-family: Segoe UI; font-size: 11pt;&amp;quot;&amp;gt;&amp;lt;p style=&amp;quot;margin: 0;&amp;quot;&amp;gt;Use this process when a new executive order is issued. Includes assessment, planning, resource alignment, execution, and monitoring stages.&amp;lt;/p&amp;gt;&amp;lt;/div&amp;gt;" />
        <field name="govcdm_processstepid" value="7c6eec67-3343-f011-877a-001dd80c2ad5" />
        <field name="govcdm_name" value="Executive Order Planning and Compliance" />
      </record>
      <record id="31bf039e-3343-f011-877a-001dd80c2ad5">
        <field name="govcdm_processsteporder" value="1" />
        <field name="govcdm_processsteptype" value="166840000" />
        <field name="govcdm_details" value="&amp;lt;div class=&amp;quot;ck-content&amp;quot; data-wrapper=&amp;quot;true&amp;quot; dir=&amp;quot;ltr&amp;quot; style=&amp;quot;--ck-image-style-spacing: 1.5em; --ck-inline-image-style-spacing: calc(var(--ck-image-style-spacing) / 2); font-family: Segoe UI; font-size: 11pt;&amp;quot;&amp;gt;&amp;lt;p style=&amp;quot;margin: 0;&amp;quot;&amp;gt;Review the executive order and conduct an initial impact analysis.&amp;lt;/p&amp;gt;&amp;lt;/div&amp;gt;" />
        <field name="govcdm_mainprocessstep" value="7c6eec67-3343-f011-877a-001dd80c2ad5" lookupentity="govcdm_processstep" lookupentityname="Executive Order Planning and Compliance" />
        <field name="govcdm_parentprocessstep" value="7c6eec67-3343-f011-877a-001dd80c2ad5" lookupentity="govcdm_processstep" lookupentityname="Executive Order Planning and Compliance" />
        <field name="govcdm_primaryprocessstep" value="7c6eec67-3343-f011-877a-001dd80c2ad5" lookupentity="govcdm_processstep" lookupentityname="Executive Order Planning and Compliance" />
        <field name="govcdm_processstepid" value="31bf039e-3343-f011-877a-001dd80c2ad5" />
        <field name="govcdm_name" value="EO Intake &amp;amp; Initial Assessment" />
      </record>
      <record id="93b728aa-3343-f011-877a-001dd80c2ad5">
        <field name="govcdm_processsteporder" value="2" />
        <field name="govcdm_processsteptype" value="166840000" />
        <field name="govcdm_mainprocessstep" value="7c6eec67-3343-f011-877a-001dd80c2ad5" lookupentity="govcdm_processstep" lookupentityname="Executive Order Planning and Compliance" />
        <field name="govcdm_parentprocessstep" value="7c6eec67-3343-f011-877a-001dd80c2ad5" lookupentity="govcdm_processstep" lookupentityname="Executive Order Planning and Compliance" />
        <field name="govcdm_primaryprocessstep" value="7c6eec67-3343-f011-877a-001dd80c2ad5" lookupentity="govcdm_processstep" lookupentityname="Executive Order Planning and Compliance" />
        <field name="govcdm_processstepid" value="93b728aa-3343-f011-877a-001dd80c2ad5" />
        <field name="govcdm_name" value="Planning &amp;amp; Scope Definition" />
      </record>
      <record id="1f3c19b6-3343-f011-877a-001dd80c2ad5">
        <field name="govcdm_processsteporder" value="3" />
        <field name="govcdm_processsteptype" value="166840000" />
        <field name="govcdm_mainprocessstep" value="7c6eec67-3343-f011-877a-001dd80c2ad5" lookupentity="govcdm_processstep" lookupentityname="Executive Order Planning and Compliance" />
        <field name="govcdm_parentprocessstep" value="7c6eec67-3343-f011-877a-001dd80c2ad5" lookupentity="govcdm_processstep" lookupentityname="Executive Order Planning and Compliance" />
        <field name="govcdm_primaryprocessstep" value="7c6eec67-3343-f011-877a-001dd80c2ad5" lookupentity="govcdm_processstep" lookupentityname="Executive Order Planning and Compliance" />
        <field name="govcdm_processstepid" value="1f3c19b6-3343-f011-877a-001dd80c2ad5" />
        <field name="govcdm_name" value="Internal Coordination &amp;amp; Resource Alignment" />
      </record>
      <record id="aa711ac2-3343-f011-877a-001dd80c2ad5">
        <field name="govcdm_processsteporder" value="4" />
        <field name="govcdm_processsteptype" value="166840000" />
        <field name="govcdm_mainprocessstep" value="7c6eec67-3343-f011-877a-001dd80c2ad5" lookupentity="govcdm_processstep" lookupentityname="Executive Order Planning and Compliance" />
        <field name="govcdm_parentprocessstep" value="7c6eec67-3343-f011-877a-001dd80c2ad5" lookupentity="govcdm_processstep" lookupentityname="Executive Order Planning and Compliance" />
        <field name="govcdm_primaryprocessstep" value="7c6eec67-3343-f011-877a-001dd80c2ad5" lookupentity="govcdm_processstep" lookupentityname="Executive Order Planning and Compliance" />
        <field name="govcdm_processstepid" value="aa711ac2-3343-f011-877a-001dd80c2ad5" />
        <field name="govcdm_name" value="Implementation Execution" />
      </record>
      <record id="cb7817c8-3343-f011-877a-001dd80c2ad5">
        <field name="govcdm_processsteporder" value="5" />
        <field name="govcdm_processsteptype" value="166840009" />
        <field name="govcdm_mainprocessstep" value="7c6eec67-3343-f011-877a-001dd80c2ad5" lookupentity="govcdm_processstep" lookupentityname="Executive Order Planning and Compliance" />
        <field name="govcdm_parentprocessstep" value="7c6eec67-3343-f011-877a-001dd80c2ad5" lookupentity="govcdm_processstep" lookupentityname="Executive Order Planning and Compliance" />
        <field name="govcdm_primaryprocessstep" value="7c6eec67-3343-f011-877a-001dd80c2ad5" lookupentity="govcdm_processstep" lookupentityname="Executive Order Planning and Compliance" />
        <field name="govcdm_processstepid" value="cb7817c8-3343-f011-877a-001dd80c2ad5" />
        <field name="govcdm_name" value="Monitoring &amp;amp; Reporting" />
      </record>
      <record id="88240fd4-3343-f011-877a-001dd80c2ad5">
        <field name="govcdm_processsteporder" value="6" />
        <field name="govcdm_processsteptype" value="166840009" />
        <field name="govcdm_mainprocessstep" value="7c6eec67-3343-f011-877a-001dd80c2ad5" lookupentity="govcdm_processstep" lookupentityname="Executive Order Planning and Compliance" />
        <field name="govcdm_parentprocessstep" value="7c6eec67-3343-f011-877a-001dd80c2ad5" lookupentity="govcdm_processstep" lookupentityname="Executive Order Planning and Compliance" />
        <field name="govcdm_primaryprocessstep" value="7c6eec67-3343-f011-877a-001dd80c2ad5" lookupentity="govcdm_processstep" lookupentityname="Executive Order Planning and Compliance" />
        <field name="govcdm_processstepid" value="88240fd4-3343-f011-877a-001dd80c2ad5" />
        <field name="govcdm_name" value="Post-Implementation Review" />
      </record>
      <record id="922c0fec-3343-f011-877a-001dd80c2ad5">
        <field name="govcdm_processsteporder" value="1" />
        <field name="govcdm_processsteptype" value="166840000" />
        <field name="govcdm_mainprocessstep" value="31bf039e-3343-f011-877a-001dd80c2ad5" lookupentity="govcdm_processstep" lookupentityname="EO Intake &amp; Initial Assessment" />
        <field name="govcdm_parentprocessstep" value="31bf039e-3343-f011-877a-001dd80c2ad5" lookupentity="govcdm_processstep" lookupentityname="EO Intake &amp; Initial Assessment" />
        <field name="govcdm_primaryprocessstep" value="7c6eec67-3343-f011-877a-001dd80c2ad5" lookupentity="govcdm_processstep" lookupentityname="Executive Order Planning and Compliance" />
        <field name="govcdm_processstepid" value="922c0fec-3343-f011-877a-001dd80c2ad5" />
        <field name="govcdm_name" value="Executive Order Review" />
      </record>
      <record id="cd0d5ff8-3343-f011-877a-001dd80c2ad5">
        <field name="govcdm_processsteporder" value="2" />
        <field name="govcdm_processsteptype" value="166840000" />
        <field name="govcdm_mainprocessstep" value="31bf039e-3343-f011-877a-001dd80c2ad5" lookupentity="govcdm_processstep" lookupentityname="EO Intake &amp; Initial Assessment" />
        <field name="govcdm_parentprocessstep" value="31bf039e-3343-f011-877a-001dd80c2ad5" lookupentity="govcdm_processstep" lookupentityname="EO Intake &amp; Initial Assessment" />
        <field name="govcdm_primaryprocessstep" value="7c6eec67-3343-f011-877a-001dd80c2ad5" lookupentity="govcdm_processstep" lookupentityname="Executive Order Planning and Compliance" />
        <field name="govcdm_processstepid" value="cd0d5ff8-3343-f011-877a-001dd80c2ad5" />
        <field name="govcdm_name" value="Leadership Notification" />
      </record>
      <record id="3a290e88-3443-f011-877a-001dd80c2ad5">
        <field name="govcdm_processsteporder" value="1" />
        <field name="govcdm_processsteptype" value="166840000" />
        <field name="govcdm_mainprocessstep" value="93b728aa-3343-f011-877a-001dd80c2ad5" lookupentity="govcdm_processstep" lookupentityname="Planning &amp; Scope Definition" />
        <field name="govcdm_parentprocessstep" value="93b728aa-3343-f011-877a-001dd80c2ad5" lookupentity="govcdm_processstep" lookupentityname="Planning &amp; Scope Definition" />
        <field name="govcdm_primaryprocessstep" value="7c6eec67-3343-f011-877a-001dd80c2ad5" lookupentity="govcdm_processstep" lookupentityname="Executive Order Planning and Compliance" />
        <field name="govcdm_processstepid" value="3a290e88-3443-f011-877a-001dd80c2ad5" />
        <field name="govcdm_name" value="Implementation Scope Identification" />
      </record>
      <record id="be221494-3443-f011-877a-001dd80c2ad5">
        <field name="govcdm_processsteporder" value="2" />
        <field name="govcdm_processsteptype" value="166840000" />
        <field name="govcdm_mainprocessstep" value="93b728aa-3343-f011-877a-001dd80c2ad5" lookupentity="govcdm_processstep" lookupentityname="Planning &amp; Scope Definition" />
        <field name="govcdm_parentprocessstep" value="93b728aa-3343-f011-877a-001dd80c2ad5" lookupentity="govcdm_processstep" lookupentityname="Planning &amp; Scope Definition" />
        <field name="govcdm_primaryprocessstep" value="7c6eec67-3343-f011-877a-001dd80c2ad5" lookupentity="govcdm_processstep" lookupentityname="Executive Order Planning and Compliance" />
        <field name="govcdm_processstepid" value="be221494-3443-f011-877a-001dd80c2ad5" />
        <field name="govcdm_name" value="Compliance Framework Design" />
      </record>
      <record id="90b420be-3443-f011-877a-001dd80c2ad5">
        <field name="govcdm_processsteporder" value="1" />
        <field name="govcdm_processsteptype" value="166840000" />
        <field name="govcdm_mainprocessstep" value="1f3c19b6-3343-f011-877a-001dd80c2ad5" lookupentity="govcdm_processstep" lookupentityname="Internal Coordination &amp; Resource Alignment" />
        <field name="govcdm_parentprocessstep" value="1f3c19b6-3343-f011-877a-001dd80c2ad5" lookupentity="govcdm_processstep" lookupentityname="Internal Coordination &amp; Resource Alignment" />
        <field name="govcdm_primaryprocessstep" value="7c6eec67-3343-f011-877a-001dd80c2ad5" lookupentity="govcdm_processstep" lookupentityname="Executive Order Planning and Compliance" />
        <field name="govcdm_processstepid" value="90b420be-3443-f011-877a-001dd80c2ad5" />
        <field name="govcdm_name" value="Program Office Engagement" />
      </record>
      <record id="bb9a13ca-3443-f011-877a-001dd80c2ad5">
        <field name="govcdm_processsteporder" value="2" />
        <field name="govcdm_processsteptype" value="166840000" />
        <field name="govcdm_mainprocessstep" value="1f3c19b6-3343-f011-877a-001dd80c2ad5" lookupentity="govcdm_processstep" lookupentityname="Internal Coordination &amp; Resource Alignment" />
        <field name="govcdm_parentprocessstep" value="1f3c19b6-3343-f011-877a-001dd80c2ad5" lookupentity="govcdm_processstep" lookupentityname="Internal Coordination &amp; Resource Alignment" />
        <field name="govcdm_primaryprocessstep" value="7c6eec67-3343-f011-877a-001dd80c2ad5" lookupentity="govcdm_processstep" lookupentityname="Executive Order Planning and Compliance" />
        <field name="govcdm_processstepid" value="bb9a13ca-3443-f011-877a-001dd80c2ad5" />
        <field name="govcdm_name" value="Budget &amp;amp; Resource Planning" />
      </record>
      <record id="2160526c-3543-f011-877a-001dd80c2ad5">
        <field name="govcdm_processsteporder" value="1" />
        <field name="govcdm_processsteptype" value="166840009" />
        <field name="govcdm_mainprocessstep" value="aa711ac2-3343-f011-877a-001dd80c2ad5" lookupentity="govcdm_processstep" lookupentityname="Implementation Execution" />
        <field name="govcdm_parentprocessstep" value="aa711ac2-3343-f011-877a-001dd80c2ad5" lookupentity="govcdm_processstep" lookupentityname="Implementation Execution" />
        <field name="govcdm_primaryprocessstep" value="7c6eec67-3343-f011-877a-001dd80c2ad5" lookupentity="govcdm_processstep" lookupentityname="Executive Order Planning and Compliance" />
        <field name="govcdm_processstepid" value="2160526c-3543-f011-877a-001dd80c2ad5" />
        <field name="govcdm_name" value="Action Plan Rollout" />
      </record>
      <record id="f4a34a72-3543-f011-877a-001dd80c2ad5">
        <field name="govcdm_processsteporder" value="2" />
        <field name="govcdm_processsteptype" value="166840000" />
        <field name="govcdm_mainprocessstep" value="aa711ac2-3343-f011-877a-001dd80c2ad5" lookupentity="govcdm_processstep" lookupentityname="Implementation Execution" />
        <field name="govcdm_parentprocessstep" value="aa711ac2-3343-f011-877a-001dd80c2ad5" lookupentity="govcdm_processstep" lookupentityname="Implementation Execution" />
        <field name="govcdm_primaryprocessstep" value="7c6eec67-3343-f011-877a-001dd80c2ad5" lookupentity="govcdm_processstep" lookupentityname="Executive Order Planning and Compliance" />
        <field name="govcdm_processstepid" value="f4a34a72-3543-f011-877a-001dd80c2ad5" />
        <field name="govcdm_name" value="Task Deployment" />
      </record>
      <record id="30283b7e-3543-f011-877a-001dd80c2ad5">
        <field name="govcdm_processsteporder" value="1" />
        <field name="govcdm_processsteptype" value="166840000" />
        <field name="govcdm_mainprocessstep" value="cb7817c8-3343-f011-877a-001dd80c2ad5" lookupentity="govcdm_processstep" lookupentityname="Monitoring &amp; Reporting" />
        <field name="govcdm_parentprocessstep" value="cb7817c8-3343-f011-877a-001dd80c2ad5" lookupentity="govcdm_processstep" lookupentityname="Monitoring &amp; Reporting" />
        <field name="govcdm_primaryprocessstep" value="7c6eec67-3343-f011-877a-001dd80c2ad5" lookupentity="govcdm_processstep" lookupentityname="Executive Order Planning and Compliance" />
        <field name="govcdm_processstepid" value="30283b7e-3543-f011-877a-001dd80c2ad5" />
        <field name="govcdm_name" value="Progress Monitoring" />
      </record>
      <record id="07ab2b8a-3543-f011-877a-001dd80c2ad5">
        <field name="govcdm_processsteporder" value="2" />
        <field name="govcdm_processsteptype" value="166840000" />
        <field name="govcdm_mainprocessstep" value="cb7817c8-3343-f011-877a-001dd80c2ad5" lookupentity="govcdm_processstep" lookupentityname="Monitoring &amp; Reporting" />
        <field name="govcdm_parentprocessstep" value="cb7817c8-3343-f011-877a-001dd80c2ad5" lookupentity="govcdm_processstep" lookupentityname="Monitoring &amp; Reporting" />
        <field name="govcdm_primaryprocessstep" value="7c6eec67-3343-f011-877a-001dd80c2ad5" lookupentity="govcdm_processstep" lookupentityname="Executive Order Planning and Compliance" />
        <field name="govcdm_processstepid" value="07ab2b8a-3543-f011-877a-001dd80c2ad5" />
        <field name="govcdm_name" value="Reporting to Oversight Bodies" />
      </record>
      <record id="0fb92596-3543-f011-877a-001dd80c2ad5">
        <field name="govcdm_processsteporder" value="1" />
        <field name="govcdm_processsteptype" value="166840000" />
        <field name="govcdm_mainprocessstep" value="88240fd4-3343-f011-877a-001dd80c2ad5" lookupentity="govcdm_processstep" lookupentityname="Post-Implementation Review" />
        <field name="govcdm_parentprocessstep" value="88240fd4-3343-f011-877a-001dd80c2ad5" lookupentity="govcdm_processstep" lookupentityname="Post-Implementation Review" />
        <field name="govcdm_primaryprocessstep" value="7c6eec67-3343-f011-877a-001dd80c2ad5" lookupentity="govcdm_processstep" lookupentityname="Executive Order Planning and Compliance" />
        <field name="govcdm_processstepid" value="0fb92596-3543-f011-877a-001dd80c2ad5" />
        <field name="govcdm_name" value="Evaluation of Outcomes" />
      </record>
      <record id="872822a2-3543-f011-877a-001dd80c2ad5">
        <field name="govcdm_processsteporder" value="2" />
        <field name="govcdm_processsteptype" value="166840009" />
        <field name="govcdm_mainprocessstep" value="88240fd4-3343-f011-877a-001dd80c2ad5" lookupentity="govcdm_processstep" lookupentityname="Post-Implementation Review" />
        <field name="govcdm_parentprocessstep" value="88240fd4-3343-f011-877a-001dd80c2ad5" lookupentity="govcdm_processstep" lookupentityname="Post-Implementation Review" />
        <field name="govcdm_primaryprocessstep" value="7c6eec67-3343-f011-877a-001dd80c2ad5" lookupentity="govcdm_processstep" lookupentityname="Executive Order Planning and Compliance" />
        <field name="govcdm_processstepid" value="872822a2-3543-f011-877a-001dd80c2ad5" />
        <field name="govcdm_name" value="Compliance Sustainability Plan" />
      </record>
      <record id="0df9f401-3643-f011-877a-001dd80c2ad5">
        <field name="govcdm_processsteporder" value="1" />
        <field name="govcdm_processsteptype" value="166840000" />
        <field name="govcdm_details" value="&amp;lt;div class=&amp;quot;ck-content&amp;quot; data-wrapper=&amp;quot;true&amp;quot; dir=&amp;quot;ltr&amp;quot; style=&amp;quot;--ck-image-style-spacing: 1.5em; --ck-inline-image-style-spacing: calc(var(--ck-image-style-spacing) / 2); font-family: Segoe UI; font-size: 11pt;&amp;quot;&amp;gt;&amp;lt;p style=&amp;quot;margin: 0;&amp;quot;&amp;gt;Assign EO to policy and legal team for preliminary review.&amp;lt;/p&amp;gt;&amp;lt;/div&amp;gt;" />
        <field name="govcdm_mainprocessstep" value="922c0fec-3343-f011-877a-001dd80c2ad5" lookupentity="govcdm_processstep" lookupentityname="Executive Order Review" />
        <field name="govcdm_parentprocessstep" value="922c0fec-3343-f011-877a-001dd80c2ad5" lookupentity="govcdm_processstep" lookupentityname="Executive Order Review" />
        <field name="govcdm_primaryprocessstep" value="7c6eec67-3343-f011-877a-001dd80c2ad5" lookupentity="govcdm_processstep" lookupentityname="Executive Order Planning and Compliance" />
        <field name="govcdm_processstepid" value="0df9f401-3643-f011-877a-001dd80c2ad5" />
        <field name="govcdm_name" value="Policy Review Assignment" />
      </record>
      <record id="4e02f207-3643-f011-877a-001dd80c2ad5">
        <field name="govcdm_processsteporder" value="2" />
        <field name="govcdm_processsteptype" value="166840000" />
        <field name="govcdm_details" value="&amp;lt;div class=&amp;quot;ck-content&amp;quot; data-wrapper=&amp;quot;true&amp;quot; dir=&amp;quot;ltr&amp;quot; style=&amp;quot;--ck-image-style-spacing: 1.5em; --ck-inline-image-style-spacing: calc(var(--ck-image-style-spacing) / 2); font-family: Segoe UI; font-size: 11pt;&amp;quot;&amp;gt;&amp;lt;p style=&amp;quot;margin: 0;&amp;quot;&amp;gt;Determine affected programs, systems, and stakeholders.&amp;lt;/p&amp;gt;&amp;lt;/div&amp;gt;" />
        <field name="govcdm_mainprocessstep" value="922c0fec-3343-f011-877a-001dd80c2ad5" lookupentity="govcdm_processstep" lookupentityname="Executive Order Review" />
        <field name="govcdm_parentprocessstep" value="922c0fec-3343-f011-877a-001dd80c2ad5" lookupentity="govcdm_processstep" lookupentityname="Executive Order Review" />
        <field name="govcdm_primaryprocessstep" value="7c6eec67-3343-f011-877a-001dd80c2ad5" lookupentity="govcdm_processstep" lookupentityname="Executive Order Planning and Compliance" />
        <field name="govcdm_processstepid" value="4e02f207-3643-f011-877a-001dd80c2ad5" />
        <field name="govcdm_name" value="Initial Impact Analysis" />
      </record>
      <record id="5ee3b555-3643-f011-877a-001dd80c2ad5">
        <field name="govcdm_processsteporder" value="1" />
        <field name="govcdm_processsteptype" value="166840000" />
        <field name="govcdm_details" value="&amp;lt;div class=&amp;quot;ck-content&amp;quot; data-wrapper=&amp;quot;true&amp;quot; dir=&amp;quot;ltr&amp;quot; style=&amp;quot;--ck-image-style-spacing: 1.5em; --ck-inline-image-style-spacing: calc(var(--ck-image-style-spacing) / 2); font-family: Segoe UI; font-size: 11pt;&amp;quot;&amp;gt;&amp;lt;p style=&amp;quot;margin: 0;&amp;quot;&amp;gt;Draft summary brief of EO objectives and agency implications.&amp;lt;/p&amp;gt;&amp;lt;/div&amp;gt;" />
        <field name="govcdm_mainprocessstep" value="cd0d5ff8-3343-f011-877a-001dd80c2ad5" lookupentity="govcdm_processstep" lookupentityname="Leadership Notification" />
        <field name="govcdm_parentprocessstep" value="cd0d5ff8-3343-f011-877a-001dd80c2ad5" lookupentity="govcdm_processstep" lookupentityname="Leadership Notification" />
        <field name="govcdm_primaryprocessstep" value="7c6eec67-3343-f011-877a-001dd80c2ad5" lookupentity="govcdm_processstep" lookupentityname="Executive Order Planning and Compliance" />
        <field name="govcdm_processstepid" value="5ee3b555-3643-f011-877a-001dd80c2ad5" />
        <field name="govcdm_name" value="Briefing Document Creation" />
      </record>
      <record id="61caa861-3643-f011-877a-001dd80c2ad5">
        <field name="govcdm_processsteporder" value="2" />
        <field name="govcdm_processsteptype" value="166840000" />
        <field name="govcdm_details" value="&amp;lt;div class=&amp;quot;ck-content&amp;quot; data-wrapper=&amp;quot;true&amp;quot; dir=&amp;quot;ltr&amp;quot; style=&amp;quot;--ck-image-style-spacing: 1.5em; --ck-inline-image-style-spacing: calc(var(--ck-image-style-spacing) / 2); font-family: Segoe UI; font-size: 11pt;&amp;quot;&amp;gt;&amp;lt;p style=&amp;quot;margin: 0;&amp;quot;&amp;gt;Present findings to senior leadership for guidance.&amp;lt;/p&amp;gt;&amp;lt;/div&amp;gt;" />
        <field name="govcdm_mainprocessstep" value="cd0d5ff8-3343-f011-877a-001dd80c2ad5" lookupentity="govcdm_processstep" lookupentityname="Leadership Notification" />
        <field name="govcdm_parentprocessstep" value="cd0d5ff8-3343-f011-877a-001dd80c2ad5" lookupentity="govcdm_processstep" lookupentityname="Leadership Notification" />
        <field name="govcdm_primaryprocessstep" value="7c6eec67-3343-f011-877a-001dd80c2ad5" lookupentity="govcdm_processstep" lookupentityname="Executive Order Planning and Compliance" />
        <field name="govcdm_processstepid" value="61caa861-3643-f011-877a-001dd80c2ad5" />
        <field name="govcdm_name" value="Executive Review Meeting" />
      </record>
      <record id="761dacb7-a3df-ee11-904d-0022481c9844">
        <field name="govcdm_processsteptype" value="166840009" />
        <field name="govcdm_dataentrystep" value="866834ea-3243-f011-877a-001dd80c2ad5" lookupentity="govcdm_dataentrystep" lookupentityname="Executive Action" />
        <field name="govcdm_details" value="&amp;lt;div class=&amp;quot;ck-content&amp;quot; data-wrapper=&amp;quot;true&amp;quot; dir=&amp;quot;ltr&amp;quot; style=&amp;quot;--ck-image-style-spacing: 1.5em; --ck-inline-image-style-spacing: calc(var(--ck-image-style-spacing) / 2); --ck-color-selector-caption-background: hsl(0, 0%, 97%); --ck-color-selector-caption-text: hsl(0, 0%, 20%); font-family: &amp;#39;Segoe UI&amp;#39;,&amp;#39;Helvetica Neue&amp;#39;,sans-serif; font-size: 9pt;&amp;quot;&amp;gt;&amp;lt;div style=&amp;quot;--ck-color-selector-caption-background:hsl(0, 0%, 97%);--ck-color-selector-caption-text:hsl(0, 0%, 20%);--ck-image-style-spacing:1.5em;--ck-inline-image-style-spacing:calc(var(--ck-image-style-spacing) / 2);font-family:&amp;#39;Segoe UI&amp;#39;,&amp;#39;Helvetica Neue&amp;#39;,sans-serif;font-size:9pt;&amp;quot;&amp;gt;&amp;lt;span style=&amp;quot;font-family:Segoe UI;font-size:11pt;&amp;quot;&amp;gt;Use this template when completing Briefing Memos.&amp;lt;/span&amp;gt;&amp;lt;/div&amp;gt;&amp;lt;/div&amp;gt;" />
        <field name="govcdm_processstepid" value="761dacb7-a3df-ee11-904d-0022481c9844" />
        <field name="govcdm_name" value="Briefing Memo" />
      </record>
      <record id="db4e51e8-a3df-ee11-904d-0022481c9844">
        <field name="govcdm_processsteporder" value="4" />
        <field name="govcdm_processsteptype" value="166840000" />
        <field name="govcdm_details" value="&amp;lt;div class=&amp;quot;ck-content&amp;quot; data-wrapper=&amp;quot;true&amp;quot; dir=&amp;quot;ltr&amp;quot; style=&amp;quot;--ck-image-style-spacing: 1.5em; --ck-inline-image-style-spacing: calc(var(--ck-image-style-spacing) / 2); --ck-color-selector-caption-background: hsl(0, 0%, 97%); --ck-color-selector-caption-text: hsl(0, 0%, 20%); font-family: &amp;#39;Segoe UI&amp;#39;,&amp;#39;Helvetica Neue&amp;#39;,sans-serif; font-size: 9pt;&amp;quot;&amp;gt;&amp;lt;div&amp;gt;&amp;lt;span style=&amp;quot;font-family:Segoe UI;font-size:11pt;&amp;quot;&amp;gt;Conduct team review and revisions of the draft.&amp;lt;/span&amp;gt;&amp;lt;/div&amp;gt;&amp;lt;/div&amp;gt;" />
        <field name="govcdm_parentprocessstep" value="761dacb7-a3df-ee11-904d-0022481c9844" lookupentity="govcdm_processstep" lookupentityname="Briefing Memo" />
        <field name="govcdm_primaryprocessstep" value="761dacb7-a3df-ee11-904d-0022481c9844" lookupentity="govcdm_processstep" lookupentityname="Briefing Memo" />
        <field name="govcdm_processstepid" value="db4e51e8-a3df-ee11-904d-0022481c9844" />
        <field name="govcdm_name" value="Team Review and Revise Draft" />
      </record>
      <record id="8fbaacfa-a3df-ee11-904d-0022481c9844">
        <field name="govcdm_processsteporder" value="3" />
        <field name="govcdm_processsteptype" value="166840001" />
        <field name="govcdm_details" value="&amp;lt;div class=&amp;quot;ck-content&amp;quot; data-wrapper=&amp;quot;true&amp;quot; dir=&amp;quot;ltr&amp;quot; style=&amp;quot;--ck-image-style-spacing: 1.5em; --ck-inline-image-style-spacing: calc(var(--ck-image-style-spacing) / 2); --ck-color-selector-caption-background: hsl(0, 0%, 97%); --ck-color-selector-caption-text: hsl(0, 0%, 20%); font-family: &amp;#39;Segoe UI&amp;#39;,&amp;#39;Helvetica Neue&amp;#39;,sans-serif; font-size: 9pt;&amp;quot;&amp;gt;&amp;lt;div&amp;gt;&amp;lt;span style=&amp;quot;font-family:Segoe UI;font-size:11pt;&amp;quot;&amp;gt;Approve the final draft after team review and revisions.&amp;lt;/span&amp;gt;&amp;lt;/div&amp;gt;&amp;lt;/div&amp;gt;" />
        <field name="govcdm_parentprocessstep" value="761dacb7-a3df-ee11-904d-0022481c9844" lookupentity="govcdm_processstep" lookupentityname="Briefing Memo" />
        <field name="govcdm_primaryprocessstep" value="761dacb7-a3df-ee11-904d-0022481c9844" lookupentity="govcdm_processstep" lookupentityname="Briefing Memo" />
        <field name="govcdm_processstepid" value="8fbaacfa-a3df-ee11-904d-0022481c9844" />
        <field name="govcdm_name" value="Approve final draft" />
      </record>
    </records>
    <m2mrelationships />
  </entity>
  <entity name="govcdm_dataentrystep" displayname="Data Entry Step">
    <records>
      <record id="866834ea-3243-f011-877a-001dd80c2ad5">
        <field name="govcdm_appname" value="Executive Coordination" />
        <field name="govcdm_dataentrystepid" value="866834ea-3243-f011-877a-001dd80c2ad5" />
        <field name="govcdm_dataentrytype" value="166840000" />
        <field name="govcdm_description" value="&amp;lt;div class=&amp;quot;ck-content&amp;quot; data-wrapper=&amp;quot;true&amp;quot; dir=&amp;quot;ltr&amp;quot; style=&amp;quot;--ck-image-style-spacing: 1.5em; --ck-inline-image-style-spacing: calc(var(--ck-image-style-spacing) / 2); font-family: Segoe UI; font-size: 11pt;&amp;quot;&amp;gt;&amp;lt;p style=&amp;quot;margin: 0;&amp;quot;&amp;gt;Use this form for Executive Actions.&amp;lt;/p&amp;gt;&amp;lt;/div&amp;gt;" />
        <field name="govcdm_formappliestoschemaname" value="govcdm_executiveactions" />
        <field name="govcdm_name" value="Executive Action" />
        <field name="govcdm_validforcreate" value="166840001" />
      </record>
    </records>
    <m2mrelationships />
  </entity>
  <entity name="govcdm_actionitem" displayname="Action Item">
    <records>
      <record id="056cf19d-374d-f011-877a-001dd80bcb40">
        <field name="govcdm_actionstatus" value="166840000" />
        <field name="govcdm_actiontype" value="166840009" />
        <field name="activityid" value="056cf19d-374d-f011-877a-001dd80bcb40" />
        <field name="statecode" value="0" />
        <field name="activitytypecode" value="govcdm_actionitem" />
        <field name="deliveryprioritycode" value="1" />
        <field name="govcdm_ispaused" value="166840000" />
        <field name="isregularactivity" value="True" />
        <field name="ismapiprivate" value="False" />
        <field name="leftvoicemail" value="False" />
        <field name="prioritycode" value="1" />
        <field name="govcdm_processstep" value="7c6eec67-3343-f011-877a-001dd80c2ad5" lookupentity="govcdm_processstep" lookupentityname="Executive Order Planning and Compliance" />
        <field name="govcdm_virtualregardingtype" value="govcdm_executiveactions" />
        <field name="govcdm_virtualregardingid" value="EC040F74-3343-F011-877A-001DD80C2AD5" />
        <field name="subject" value="EO-20250415-001 Implementation" />
        <field name="statuscode" value="1" />
        <field name="isbilled" value="False" />
      </record>
      <record id="df26ffa3-374d-f011-877a-001dd80bcb40">
        <field name="govcdm_actionstatus" value="166840001" />
        <field name="activityid" value="df26ffa3-374d-f011-877a-001dd80bcb40" />
        <field name="statecode" value="0" />
        <field name="activitytypecode" value="govcdm_actionitem" />
        <field name="deliveryprioritycode" value="1" />
        <field name="govcdm_ispaused" value="166840000" />
        <field name="isregularactivity" value="True" />
        <field name="ismapiprivate" value="False" />
        <field name="leftvoicemail" value="False" />
        <field name="govcdm_parentactionitem" value="056cf19d-374d-f011-877a-001dd80bcb40" lookupentity="govcdm_actionitem" lookupentityname="EO-20250415-001 Implementation" />
        <field name="govcdm_primaryactionitem" value="056cf19d-374d-f011-877a-001dd80bcb40" lookupentity="govcdm_actionitem" lookupentityname="EO-20250415-001 Implementation" />
        <field name="prioritycode" value="1" />
        <field name="govcdm_processstep" value="31bf039e-3343-f011-877a-001dd80c2ad5" lookupentity="govcdm_processstep" lookupentityname="EO Intake &amp; Initial Assessment" />
        <field name="govcdm_virtualregardingtype" value="govcdm_executiveactions" />
        <field name="govcdm_virtualregardingid" value="EC040F74-3343-F011-877A-001DD80C2AD5" />
        <field name="subject" value="EO Intake &amp;amp; Initial Assessment" />
        <field name="statuscode" value="1" />
        <field name="isbilled" value="False" />
      </record>
      <record id="c927ffa3-374d-f011-877a-001dd80bcb40">
        <field name="govcdm_actionstatus" value="166840001" />
        <field name="activityid" value="c927ffa3-374d-f011-877a-001dd80bcb40" />
        <field name="statecode" value="0" />
        <field name="activitytypecode" value="govcdm_actionitem" />
        <field name="deliveryprioritycode" value="1" />
        <field name="govcdm_ispaused" value="166840000" />
        <field name="isregularactivity" value="True" />
        <field name="ismapiprivate" value="False" />
        <field name="leftvoicemail" value="False" />
        <field name="govcdm_parentactionitem" value="df26ffa3-374d-f011-877a-001dd80bcb40" lookupentity="govcdm_actionitem" lookupentityname="EO Intake &amp; Initial Assessment" />
        <field name="govcdm_primaryactionitem" value="056cf19d-374d-f011-877a-001dd80bcb40" lookupentity="govcdm_actionitem" lookupentityname="EO-20250415-001 Implementation" />
        <field name="prioritycode" value="1" />
        <field name="govcdm_processstep" value="922c0fec-3343-f011-877a-001dd80c2ad5" lookupentity="govcdm_processstep" lookupentityname="Executive Order Review" />
        <field name="govcdm_virtualregardingtype" value="govcdm_executiveactions" />
        <field name="govcdm_virtualregardingid" value="EC040F74-3343-F011-877A-001DD80C2AD5" />
        <field name="subject" value="Executive Order Review" />
        <field name="statuscode" value="1" />
        <field name="isbilled" value="False" />
      </record>
      <record id="d56ef7a9-374d-f011-877a-001dd80bcb40">
        <field name="govcdm_actionstatus" value="166840005" />
        <field name="activityid" value="d56ef7a9-374d-f011-877a-001dd80bcb40" />
        <field name="statecode" value="0" />
        <field name="activitytypecode" value="govcdm_actionitem" />
        <field name="deliveryprioritycode" value="1" />
        <field name="description" value="Review and assigned items." />
        <field name="govcdm_ispaused" value="166840000" />
        <field name="isregularactivity" value="True" />
        <field name="ismapiprivate" value="False" />
        <field name="leftvoicemail" value="False" />
        <field name="govcdm_parentactionitem" value="c927ffa3-374d-f011-877a-001dd80bcb40" lookupentity="govcdm_actionitem" lookupentityname="Executive Order Review" />
        <field name="govcdm_primaryactionitem" value="056cf19d-374d-f011-877a-001dd80bcb40" lookupentity="govcdm_actionitem" lookupentityname="EO-20250415-001 Implementation" />
        <field name="prioritycode" value="1" />
        <field name="govcdm_processstep" value="0df9f401-3643-f011-877a-001dd80c2ad5" lookupentity="govcdm_processstep" lookupentityname="Policy Review Assignment" />
        <field name="govcdm_virtualregardingtype" value="govcdm_executiveactions" />
        <field name="govcdm_virtualregardingid" value="EC040F74-3343-F011-877A-001DD80C2AD5" />
        <field name="subject" value="Policy Review Assignment" />
        <field name="statuscode" value="1" />
        <field name="isbilled" value="False" />
      </record>
    </records>
    <m2mrelationships />
  </entity>
</entities>