<powerpagecomponent powerpagecomponentid="bcb91d01-d00a-c20a-5e5b-f67cfed471a8">
  <content>{
  "display_name": "links/login",
  "type": 756150000,
  "value": "Sign In"
}</content>
  <iscustomizable>1</iscustomizable>
  <name>links/login</name>
  <powerpagecomponenttype>7</powerpagecomponenttype>
  <powerpagesiteid>
    <powerpagesiteid>add6fceb-252c-456e-bead-89dbed3b19c5</powerpagesiteid>
  </powerpagesiteid>
  <powerpagesitelanguageid>
    <powerpagesitelanguageid>478b893f-eef8-4927-ac86-ba2f4f37d706</powerpagesitelanguageid>
  </powerpagesitelanguageid>
  <statecode>0</statecode>
  <statuscode>1</statuscode>
</powerpagecomponent>