﻿<?xml version="1.0" encoding="utf-8"?>
<ImportExportXml version="9.2.24032.208" SolutionPackageVersion="9.2" languagecode="1033" generatedBy="CrmLive" xmlns:xsi="http://www.w3.org/2001/XMLSchema-instance">
  <SolutionManifest>
    <UniqueName>msfed_hrrecruiting</UniqueName>
    <LocalizedNames>
      <LocalizedName description="Microsoft Federal - HR Recruiting" languagecode="1033" />
    </LocalizedNames>
    <Descriptions />
    <Version>1.0.0.0</Version>
    <Managed>0</Managed>
    <Publisher>
      <UniqueName>microsoftfederal</UniqueName>
      <LocalizedNames>
        <LocalizedName description="Microsoft Federal" languagecode="1033" />
      </LocalizedNames>
      <Descriptions>
        <Description description="microsoftfederal" languagecode="1033" />
      </Descriptions>
      <EMailAddress xsi:nil="true"></EMailAddress>
      <SupportingWebsiteUrl xsi:nil="true"></SupportingWebsiteUrl>
      <CustomizationPrefix>msfed</CustomizationPrefix>
      <CustomizationOptionValuePrefix>18844</CustomizationOptionValuePrefix>
      <Addresses>
        <Address>
          <AddressNumber>1</AddressNumber>
          <AddressTypeCode>1</AddressTypeCode>
          <City xsi:nil="true"></City>
          <County xsi:nil="true"></County>
          <Country xsi:nil="true"></Country>
          <Fax xsi:nil="true"></Fax>
          <FreightTermsCode xsi:nil="true"></FreightTermsCode>
          <ImportSequenceNumber xsi:nil="true"></ImportSequenceNumber>
          <Latitude xsi:nil="true"></Latitude>
          <Line1 xsi:nil="true"></Line1>
          <Line2 xsi:nil="true"></Line2>
          <Line3 xsi:nil="true"></Line3>
          <Longitude xsi:nil="true"></Longitude>
          <Name xsi:nil="true"></Name>
          <PostalCode xsi:nil="true"></PostalCode>
          <PostOfficeBox xsi:nil="true"></PostOfficeBox>
          <PrimaryContactName xsi:nil="true"></PrimaryContactName>
          <ShippingMethodCode>1</ShippingMethodCode>
          <StateOrProvince xsi:nil="true"></StateOrProvince>
          <Telephone1 xsi:nil="true"></Telephone1>
          <Telephone2 xsi:nil="true"></Telephone2>
          <Telephone3 xsi:nil="true"></Telephone3>
          <TimeZoneRuleVersionNumber xsi:nil="true"></TimeZoneRuleVersionNumber>
          <UPSZone xsi:nil="true"></UPSZone>
          <UTCOffset xsi:nil="true"></UTCOffset>
          <UTCConversionTimeZoneCode xsi:nil="true"></UTCConversionTimeZoneCode>
        </Address>
        <Address>
          <AddressNumber>2</AddressNumber>
          <AddressTypeCode>1</AddressTypeCode>
          <City xsi:nil="true"></City>
          <County xsi:nil="true"></County>
          <Country xsi:nil="true"></Country>
          <Fax xsi:nil="true"></Fax>
          <FreightTermsCode xsi:nil="true"></FreightTermsCode>
          <ImportSequenceNumber xsi:nil="true"></ImportSequenceNumber>
          <Latitude xsi:nil="true"></Latitude>
          <Line1 xsi:nil="true"></Line1>
          <Line2 xsi:nil="true"></Line2>
          <Line3 xsi:nil="true"></Line3>
          <Longitude xsi:nil="true"></Longitude>
          <Name xsi:nil="true"></Name>
          <PostalCode xsi:nil="true"></PostalCode>
          <PostOfficeBox xsi:nil="true"></PostOfficeBox>
          <PrimaryContactName xsi:nil="true"></PrimaryContactName>
          <ShippingMethodCode>1</ShippingMethodCode>
          <StateOrProvince xsi:nil="true"></StateOrProvince>
          <Telephone1 xsi:nil="true"></Telephone1>
          <Telephone2 xsi:nil="true"></Telephone2>
          <Telephone3 xsi:nil="true"></Telephone3>
          <TimeZoneRuleVersionNumber xsi:nil="true"></TimeZoneRuleVersionNumber>
          <UPSZone xsi:nil="true"></UPSZone>
          <UTCOffset xsi:nil="true"></UTCOffset>
          <UTCConversionTimeZoneCode xsi:nil="true"></UTCConversionTimeZoneCode>
        </Address>
      </Addresses>
    </Publisher>
    <RootComponents>
      <RootComponent type="1" schemaName="govcdm_hrapplication" behavior="2" />
      <RootComponent type="1" schemaName="govcdm_hrcandidate" behavior="2" />
      <RootComponent type="1" schemaName="govcdm_hrjobposting" behavior="2" />
      <RootComponent type="62" schemaName="msfed_HRRecruiting" behavior="0" />
      <RootComponent type="80" schemaName="msfed_HRRecruiting" behavior="0" />
    </RootComponents>
    <MissingDependencies>
      <MissingDependency>
        <Required type="1" schemaName="govcdm_hrapplication" displayName="HR Application" solution="govcdm_hrrecruiting (1.0.0.0)" />
        <Dependent type="1" schemaName="govcdm_hrapplication" displayName="HR Application" />
      </MissingDependency>
      <MissingDependency>
        <Required type="1" schemaName="govcdm_hrapplication" displayName="HR Application" solution="govcdm_hrrecruiting (1.0.0.0)" />
        <Dependent type="60" displayName="Main" parentDisplayName="HR Application" id="{b64c2bd8-47f1-ee11-904b-000d3a8cbc95}" />
      </MissingDependency>
      <MissingDependency>
        <Required type="1" schemaName="govcdm_hrapplication" displayName="HR Application" solution="govcdm_hrrecruiting (1.0.0.0)" />
        <Dependent type="62" schemaName="msfed_HRRecruiting" />
      </MissingDependency>
      <MissingDependency>
        <Required type="1" schemaName="govcdm_hrapplication" displayName="HR Application" solution="govcdm_hrrecruiting (1.0.0.0)" />
        <Dependent type="80" schemaName="msfed_HRRecruiting" displayName="HR Recruiting" />
      </MissingDependency>
      <MissingDependency>
        <Required type="1" schemaName="govcdm_hrcandidate" displayName="HR Candidate" solution="govcdm_hrrecruiting (1.0.0.0)" />
        <Dependent type="1" schemaName="govcdm_hrcandidate" displayName="HR Candidate" />
      </MissingDependency>
      <MissingDependency>
        <Required type="1" schemaName="govcdm_hrcandidate" displayName="HR Candidate" solution="govcdm_hrrecruiting (1.0.0.0)" />
        <Dependent type="60" displayName="Main" parentDisplayName="HR Candidate" id="{f897fdf8-47f1-ee11-904b-000d3a8cbc95}" />
      </MissingDependency>
      <MissingDependency>
        <Required type="1" schemaName="govcdm_hrcandidate" displayName="HR Candidate" solution="govcdm_hrrecruiting (1.0.0.0)" />
        <Dependent type="62" schemaName="msfed_HRRecruiting" />
      </MissingDependency>
      <MissingDependency>
        <Required type="1" schemaName="govcdm_hrcandidate" displayName="HR Candidate" solution="govcdm_hrrecruiting (1.0.0.0)" />
        <Dependent type="80" schemaName="msfed_HRRecruiting" displayName="HR Recruiting" />
      </MissingDependency>
      <MissingDependency>
        <Required type="1" schemaName="govcdm_hrjobposting" displayName="HR Job Posting" solution="govcdm_hrrecruiting (1.0.0.0)" />
        <Dependent type="1" schemaName="govcdm_hrjobposting" displayName="HR Job Posting" />
      </MissingDependency>
      <MissingDependency>
        <Required type="1" schemaName="govcdm_hrjobposting" displayName="HR Job Posting" solution="govcdm_hrrecruiting (1.0.0.0)" />
        <Dependent type="60" displayName="Main" parentDisplayName="HR Job Posting" id="{d8c68b15-48f1-ee11-904b-000d3a8cbc95}" />
      </MissingDependency>
      <MissingDependency>
        <Required type="1" schemaName="govcdm_hrjobposting" displayName="HR Job Posting" solution="govcdm_hrrecruiting (1.0.0.0)" />
        <Dependent type="62" schemaName="msfed_HRRecruiting" />
      </MissingDependency>
      <MissingDependency>
        <Required type="1" schemaName="govcdm_hrjobposting" displayName="HR Job Posting" solution="govcdm_hrrecruiting (1.0.0.0)" />
        <Dependent type="80" schemaName="msfed_HRRecruiting" displayName="HR Recruiting" />
      </MissingDependency>
      <MissingDependency>
        <Required type="2" schemaName="govcdm_name" displayName="Name" parentSchemaName="govcdm_hrapplication" parentDisplayName="HR Application" solution="govcdm_hrrecruiting (1.0.0.0)" />
        <Dependent type="60" displayName="Main" parentDisplayName="HR Application" id="{b64c2bd8-47f1-ee11-904b-000d3a8cbc95}" />
      </MissingDependency>
      <MissingDependency>
        <Required type="2" schemaName="govcdm_name" displayName="Name" parentSchemaName="govcdm_hrcandidate" parentDisplayName="HR Candidate" solution="govcdm_hrrecruiting (1.0.0.0)" />
        <Dependent type="60" displayName="Main" parentDisplayName="HR Candidate" id="{f897fdf8-47f1-ee11-904b-000d3a8cbc95}" />
      </MissingDependency>
      <MissingDependency>
        <Required type="2" schemaName="govcdm_name" displayName="Name" parentSchemaName="govcdm_hrjobposting" parentDisplayName="HR Job Posting" solution="govcdm_hrrecruiting (1.0.0.0)" />
        <Dependent type="60" displayName="Main" parentDisplayName="HR Job Posting" id="{d8c68b15-48f1-ee11-904b-000d3a8cbc95}" />
      </MissingDependency>
      <MissingDependency>
        <Required type="2" schemaName="ownerid" displayName="Owner" parentSchemaName="govcdm_hrapplication" parentDisplayName="HR Application" solution="Active" />
        <Dependent type="60" displayName="Main" parentDisplayName="HR Application" id="{b64c2bd8-47f1-ee11-904b-000d3a8cbc95}" />
      </MissingDependency>
      <MissingDependency>
        <Required type="2" schemaName="ownerid" displayName="Owner" parentSchemaName="govcdm_hrcandidate" parentDisplayName="HR Candidate" solution="Active" />
        <Dependent type="60" displayName="Main" parentDisplayName="HR Candidate" id="{f897fdf8-47f1-ee11-904b-000d3a8cbc95}" />
      </MissingDependency>
      <MissingDependency>
        <Required type="2" schemaName="ownerid" displayName="Owner" parentSchemaName="govcdm_hrjobposting" parentDisplayName="HR Job Posting" solution="Active" />
        <Dependent type="60" displayName="Main" parentDisplayName="HR Job Posting" id="{d8c68b15-48f1-ee11-904b-000d3a8cbc95}" />
      </MissingDependency>
      <MissingDependency>
        <Required type="61" schemaName="msdyn_/Images/AppModule_Default_Icon.png" displayName="msdyn_/Images/AppModule_Default_Icon.png" solution="AppModuleWebResources (2.5)" />
        <Dependent type="80" schemaName="msfed_HRRecruiting" displayName="HR Recruiting" />
      </MissingDependency>
      <MissingDependency>
        <Required type="SettingDefinition" displayName="AppChannel" solution="msdyn_AppFrameworkInfraExtensions (1.0.0.7)" id.uniquename="AppChannel" />
        <Dependent type="AppSetting" displayName="parentappmoduleid.uniquename=msfed_HRRecruiting,settingdefinitionid.uniquename=AppChannel" id.parentappmoduleid.uniquename="msfed_HRRecruiting" id.settingdefinitionid.uniquename="AppChannel" />
      </MissingDependency>
    </MissingDependencies>
  </SolutionManifest>
</ImportExportXml>