{
  "properties": {
    "connectionReferences": {
      "shared_commondataserviceforapps": {
        "runtimeSource": "embedded",
        "connection": {
          "connectionReferenceLogicalName": "msfed_sharedcommondataserviceforapps_34e15"
        },
        "api": {
          "name": "shared_commondataserviceforapps"
        }
      }
    },
    "definition": {
      "$schema": "https://schema.management.azure.com/providers/Microsoft.Logic/schemas/2016-06-01/workflowdefinition.json#",
      "contentVersion": "1.0.0.0",
      "parameters": {
        "$connections": {
          "defaultValue": {},
          "type": "Object"
        },
        "$authentication": {
          "defaultValue": {},
          "type": "SecureObject"
        }
      },
      "triggers": {
        "When_Action_Assignment_Created": {
          "metadata": {
            "operationMetadataId": "a704c420-79c5-485b-9ea3-542981817229"
          },
          "type": "OpenApiConnectionWebhook",
          "inputs": {
            "host": {
              "connectionName": "shared_commondataserviceforapps",
              "operationId": "SubscribeWebhookTrigger",
              "apiId": "/providers/Microsoft.PowerApps/apis/shared_commondataserviceforapps"
            },
            "parameters": {
              "subscriptionRequest/message": 4,
              "subscriptionRequest/entityname": "govcdm_actionassignment",
              "subscriptionRequest/scope": 4,
              "subscriptionRequest/filteringattributes": "govcdm_processstep",
              "subscriptionRequest/filterexpression": "_govcdm_processstep_value ne null"
            },
            "authentication": "@parameters('$authentication')"
          }
        }
      },
      "actions": {
        "Get_Process_Step_Template": {
          "runAfter": {},
          "metadata": {
            "operationMetadataId": "8674d530-f842-47f9-96e4-7cac5831d764"
          },
          "type": "OpenApiConnection",
          "inputs": {
            "host": {
              "connectionName": "shared_commondataserviceforapps",
              "operationId": "GetItem",
              "apiId": "/providers/Microsoft.PowerApps/apis/shared_commondataserviceforapps"
            },
            "parameters": {
              "entityName": "govcdm_processsteps",
              "recordId": "@triggerOutputs()?['body/_govcdm_processstep_value']"
            },
            "authentication": "@parameters('$authentication')"
          }
        },
        "Update_a_row": {
          "runAfter": {
            "Get_Process_Step_Template": [
              "Succeeded"
            ]
          },
          "metadata": {
            "operationMetadataId": "4752a502-a4e7-4e00-adf7-5f9ab801cc66"
          },
          "type": "OpenApiConnection",
          "inputs": {
            "host": {
              "connectionName": "shared_commondataserviceforapps",
              "operationId": "UpdateRecord",
              "apiId": "/providers/Microsoft.PowerApps/apis/shared_commondataserviceforapps"
            },
            "parameters": {
              "entityName": "govcdm_actionassignments",
              "recordId": "@triggerOutputs()?['body/activityid']",
              "item/description": "@outputs('Get_Process_Step_Template')?['body/govcdm_name']"
            },
            "authentication": "@parameters('$authentication')"
          }
        },
        "List_rows": {
          "runAfter": {
            "Update_a_row": [
              "Succeeded"
            ]
          },
          "metadata": {
            "operationMetadataId": "802d9abb-ac6b-40e3-a27b-f7892bc48960"
          },
          "type": "OpenApiConnection",
          "inputs": {
            "host": {
              "connectionName": "shared_commondataserviceforapps",
              "operationId": "ListRecords",
              "apiId": "/providers/Microsoft.PowerApps/apis/shared_commondataserviceforapps"
            },
            "parameters": {
              "entityName": "govcdm_processsteps",
              "$filter": "_govcdm_parentprocessstep_value eq '@{outputs('Get_Process_Step_Template')?['body/govcdm_processstepid']}'"
            },
            "authentication": "@parameters('$authentication')"
          }
        },
        "Apply_to_each": {
          "foreach": "@outputs('List_rows')?['body/value']",
          "actions": {
            "Add_a_new_row": {
              "runAfter": {},
              "metadata": {
                "operationMetadataId": "eae63801-5700-4ac2-80d0-97c2afc14f94"
              },
              "type": "OpenApiConnection",
              "inputs": {
                "host": {
                  "connectionName": "shared_commondataserviceforapps",
                  "operationId": "CreateRecord",
                  "apiId": "/providers/Microsoft.PowerApps/apis/shared_commondataserviceforapps"
                },
                "parameters": {
                  "entityName": "govcdm_actionassignments",
                  "item/subject": "@items('Apply_to_each')?['govcdm_name']",
                  "item/govcdm_ParentActionAssignment_govcdm_ActionAssignment@odata.bind": "/govcdm_actionassignments(@{triggerOutputs()?['body/activityid']})",
                  "item/govcdm_ProcessStep_govcdm_ActionAssignment@odata.bind": "/govcdm_processsteps(@{items('Apply_to_each')?['govcdm_processstepid']})"
                },
                "authentication": "@parameters('$authentication')"
              }
            }
          },
          "runAfter": {
            "List_rows": [
              "Succeeded"
            ]
          },
          "metadata": {
            "operationMetadataId": "997e2eba-48cb-4880-8067-d621af43a338"
          },
          "type": "Foreach"
        }
      }
    },
    "templateName": ""
  },
  "schemaVersion": "1.0.0.0"
}