﻿<?xml version="1.0" encoding="utf-8"?>
<ImportExportXml version="9.2.24032.208" SolutionPackageVersion="9.2" languagecode="1033" generatedBy="CrmLive" xmlns:xsi="http://www.w3.org/2001/XMLSchema-instance">
  <SolutionManifest>
    <UniqueName>msfed_processandtasking</UniqueName>
    <LocalizedNames>
      <LocalizedName description="Microsoft Federal - Process and Tasking" languagecode="1033" />
    </LocalizedNames>
    <Descriptions />
    <Version>1.0.0.6</Version>
    <Managed>0</Managed>
    <Publisher>
      <UniqueName>microsoftfederal</UniqueName>
      <LocalizedNames>
        <LocalizedName description="Microsoft Federal" languagecode="1033" />
      </LocalizedNames>
      <Descriptions>
        <Description description="microsoftfederal" languagecode="1033" />
      </Descriptions>
      <EMailAddress xsi:nil="true"></EMailAddress>
      <SupportingWebsiteUrl xsi:nil="true"></SupportingWebsiteUrl>
      <CustomizationPrefix>msfed</CustomizationPrefix>
      <CustomizationOptionValuePrefix>18844</CustomizationOptionValuePrefix>
      <Addresses>
        <Address>
          <AddressNumber>1</AddressNumber>
          <AddressTypeCode>1</AddressTypeCode>
          <City xsi:nil="true"></City>
          <County xsi:nil="true"></County>
          <Country xsi:nil="true"></Country>
          <Fax xsi:nil="true"></Fax>
          <FreightTermsCode xsi:nil="true"></FreightTermsCode>
          <ImportSequenceNumber xsi:nil="true"></ImportSequenceNumber>
          <Latitude xsi:nil="true"></Latitude>
          <Line1 xsi:nil="true"></Line1>
          <Line2 xsi:nil="true"></Line2>
          <Line3 xsi:nil="true"></Line3>
          <Longitude xsi:nil="true"></Longitude>
          <Name xsi:nil="true"></Name>
          <PostalCode xsi:nil="true"></PostalCode>
          <PostOfficeBox xsi:nil="true"></PostOfficeBox>
          <PrimaryContactName xsi:nil="true"></PrimaryContactName>
          <ShippingMethodCode>1</ShippingMethodCode>
          <StateOrProvince xsi:nil="true"></StateOrProvince>
          <Telephone1 xsi:nil="true"></Telephone1>
          <Telephone2 xsi:nil="true"></Telephone2>
          <Telephone3 xsi:nil="true"></Telephone3>
          <TimeZoneRuleVersionNumber xsi:nil="true"></TimeZoneRuleVersionNumber>
          <UPSZone xsi:nil="true"></UPSZone>
          <UTCOffset xsi:nil="true"></UTCOffset>
          <UTCConversionTimeZoneCode xsi:nil="true"></UTCConversionTimeZoneCode>
        </Address>
        <Address>
          <AddressNumber>2</AddressNumber>
          <AddressTypeCode>1</AddressTypeCode>
          <City xsi:nil="true"></City>
          <County xsi:nil="true"></County>
          <Country xsi:nil="true"></Country>
          <Fax xsi:nil="true"></Fax>
          <FreightTermsCode xsi:nil="true"></FreightTermsCode>
          <ImportSequenceNumber xsi:nil="true"></ImportSequenceNumber>
          <Latitude xsi:nil="true"></Latitude>
          <Line1 xsi:nil="true"></Line1>
          <Line2 xsi:nil="true"></Line2>
          <Line3 xsi:nil="true"></Line3>
          <Longitude xsi:nil="true"></Longitude>
          <Name xsi:nil="true"></Name>
          <PostalCode xsi:nil="true"></PostalCode>
          <PostOfficeBox xsi:nil="true"></PostOfficeBox>
          <PrimaryContactName xsi:nil="true"></PrimaryContactName>
          <ShippingMethodCode>1</ShippingMethodCode>
          <StateOrProvince xsi:nil="true"></StateOrProvince>
          <Telephone1 xsi:nil="true"></Telephone1>
          <Telephone2 xsi:nil="true"></Telephone2>
          <Telephone3 xsi:nil="true"></Telephone3>
          <TimeZoneRuleVersionNumber xsi:nil="true"></TimeZoneRuleVersionNumber>
          <UPSZone xsi:nil="true"></UPSZone>
          <UTCOffset xsi:nil="true"></UTCOffset>
          <UTCConversionTimeZoneCode xsi:nil="true"></UTCConversionTimeZoneCode>
        </Address>
      </Addresses>
    </Publisher>
    <RootComponents>
      <RootComponent type="1" schemaName="contact" behavior="2" />
      <RootComponent type="1" schemaName="govcdm_actionassignment" behavior="2" />
      <RootComponent type="1" schemaName="govcdm_dataform" behavior="2" />
      <RootComponent type="1" schemaName="govcdm_interactiveprompt" behavior="2" />
      <RootComponent type="1" schemaName="govcdm_interactiveresponse" behavior="2" />
      <RootComponent type="1" schemaName="govcdm_processstep" behavior="2" />
      <RootComponent type="29" id="{177a56f4-cae0-ee11-904d-0022481c9844}" behavior="0" />
      <RootComponent type="29" id="{b116753d-5b40-ee11-bdf3-000d3a5a7dcf}" behavior="0" />
      <RootComponent type="300" schemaName="msfed_actionassignmentspage_5f102" behavior="0" />
      <RootComponent type="300" schemaName="msfed_dataforms_77fdb" behavior="0" />
      <RootComponent type="60" id="{99a3c479-6540-ee11-bdf3-000d3a5a7dcf}" behavior="0" />
      <RootComponent type="61" schemaName="msfed_processandtasking" behavior="0" />
      <RootComponent type="62" schemaName="msfed_ProcessandTasking" behavior="0" />
      <RootComponent type="80" schemaName="msfed_ProcessandTasking" behavior="0" />
    </RootComponents>
    <MissingDependencies>
      <MissingDependency>
        <Required type="1" schemaName="govcdm_actionassignment" displayName="Action Assignment" solution="govcdm_processandtasking (1.0.0.7)" />
        <Dependent type="1" schemaName="govcdm_actionassignment" displayName="Action Assignment" />
      </MissingDependency>
      <MissingDependency>
        <Required type="1" schemaName="govcdm_actionassignment" displayName="Action Assignment" solution="govcdm_processandtasking (1.0.0.7)" />
        <Dependent type="26" schemaName="Related Action Assignments" displayName="Related Action Assignments" parentSchemaName="govcdm_actionassignment" parentDisplayName="Action Assignment" id="{7de7bea2-c5e0-ee11-904d-0022481c9844}" />
      </MissingDependency>
      <MissingDependency>
        <Required type="1" schemaName="govcdm_actionassignment" displayName="Action Assignment" solution="govcdm_processandtasking (1.0.0.7)" />
        <Dependent type="29" displayName="Get Action Assignments for Record" id="{177a56f4-cae0-ee11-904d-0022481c9844}" />
      </MissingDependency>
      <MissingDependency>
        <Required type="1" schemaName="govcdm_actionassignment" displayName="Action Assignment" solution="govcdm_processandtasking (1.0.0.7)" />
        <Dependent type="29" displayName="MSF - Process and Tasking - Create from Template" id="{b116753d-5b40-ee11-bdf3-000d3a5a7dcf}" />
      </MissingDependency>
      <MissingDependency>
        <Required type="1" schemaName="govcdm_actionassignment" displayName="Action Assignment" solution="govcdm_processandtasking (1.0.0.7)" />
        <Dependent type="300" schemaName="msfed_actionassignmentspage_5f102" displayName="Action Assignments Page" />
      </MissingDependency>
      <MissingDependency>
        <Required type="1" schemaName="govcdm_actionassignment" displayName="Action Assignment" solution="govcdm_processandtasking (1.0.0.7)" />
        <Dependent type="300" schemaName="msfed_dataforms_77fdb" displayName="Data Forms" />
      </MissingDependency>
      <MissingDependency>
        <Required type="1" schemaName="govcdm_actionassignment" displayName="Action Assignment" solution="govcdm_processandtasking (1.0.0.7)" />
        <Dependent type="60" displayName="Main" parentDisplayName="Action Assignment" id="{102d9576-80ec-ee11-904c-0022481df7e6}" />
      </MissingDependency>
      <MissingDependency>
        <Required type="1" schemaName="govcdm_actionassignment" displayName="Action Assignment" solution="govcdm_processandtasking (1.0.0.7)" />
        <Dependent type="60" displayName="Person - Process and Tasking" parentDisplayName="Person" id="{28d2abed-a33f-ee11-bdf3-000d3a5a7dcf}" />
      </MissingDependency>
      <MissingDependency>
        <Required type="1" schemaName="govcdm_actionassignment" displayName="Action Assignment" solution="govcdm_processandtasking (1.0.0.7)" />
        <Dependent type="60" displayName="Action Items" id="{99a3c479-6540-ee11-bdf3-000d3a5a7dcf}" />
      </MissingDependency>
      <MissingDependency>
        <Required type="1" schemaName="govcdm_actionassignment" displayName="Action Assignment" solution="govcdm_processandtasking (1.0.0.7)" />
        <Dependent type="60" displayName="Quick Create" parentDisplayName="Action Assignment" id="{b07ddb31-16df-ee11-904d-0022481c9844}" />
      </MissingDependency>
      <MissingDependency>
        <Required type="1" schemaName="govcdm_actionassignment" displayName="Action Assignment" solution="govcdm_processandtasking (1.0.0.7)" />
        <Dependent type="62" schemaName="msfed_ProcessandTasking" />
      </MissingDependency>
      <MissingDependency>
        <Required type="1" schemaName="govcdm_actionassignment" displayName="Action Assignment" solution="govcdm_processandtasking (1.0.0.7)" />
        <Dependent type="80" schemaName="msfed_ProcessandTasking" displayName="Process and Tasking" />
      </MissingDependency>
      <MissingDependency>
        <Required type="1" schemaName="govcdm_dataform" displayName="Data Form" solution="govcdm_processandtasking (1.0.0.7)" />
        <Dependent type="1" schemaName="govcdm_dataform" displayName="Data Form" />
      </MissingDependency>
      <MissingDependency>
        <Required type="1" schemaName="govcdm_dataform" displayName="Data Form" solution="govcdm_processandtasking (1.0.0.7)" />
        <Dependent type="26" schemaName="Process Templates" displayName="Process Templates" parentSchemaName="govcdm_processstep" parentDisplayName="Process Step" id="{c7c56eeb-5d40-ee11-bdf3-000d3a5a7dcf}" />
      </MissingDependency>
      <MissingDependency>
        <Required type="1" schemaName="govcdm_dataform" displayName="Data Form" solution="govcdm_processandtasking (1.0.0.7)" />
        <Dependent type="300" schemaName="msfed_dataforms_77fdb" displayName="Data Forms" />
      </MissingDependency>
      <MissingDependency>
        <Required type="1" schemaName="govcdm_dataform" displayName="Data Form" solution="govcdm_processandtasking (1.0.0.7)" />
        <Dependent type="62" schemaName="msfed_ProcessandTasking" />
      </MissingDependency>
      <MissingDependency>
        <Required type="1" schemaName="govcdm_dataform" displayName="Data Form" solution="govcdm_processandtasking (1.0.0.7)" />
        <Dependent type="80" schemaName="msfed_ProcessandTasking" displayName="Process and Tasking" />
      </MissingDependency>
      <MissingDependency>
        <Required type="1" schemaName="govcdm_interactiveprompt" displayName="Interactive Prompt" solution="govcdm_processandtasking (1.0.0.7)" />
        <Dependent type="1" schemaName="govcdm_interactiveprompt" displayName="Interactive Prompt" />
      </MissingDependency>
      <MissingDependency>
        <Required type="1" schemaName="govcdm_interactiveprompt" displayName="Interactive Prompt" solution="govcdm_processandtasking (1.0.0.7)" />
        <Dependent type="26" schemaName="Checklists" displayName="Checklists" parentSchemaName="govcdm_interactiveprompt" parentDisplayName="Interactive Prompt" id="{718aa655-1474-ee11-9ae7-000d3a4f73e8}" />
      </MissingDependency>
      <MissingDependency>
        <Required type="1" schemaName="govcdm_interactiveprompt" displayName="Interactive Prompt" solution="govcdm_processandtasking (1.0.0.7)" />
        <Dependent type="26" schemaName="Surveys and Questionnaires" displayName="Surveys and Questionnaires" parentSchemaName="govcdm_interactiveprompt" parentDisplayName="Interactive Prompt" id="{b27cba75-1474-ee11-9ae7-000d3a4f73e8}" />
      </MissingDependency>
      <MissingDependency>
        <Required type="1" schemaName="govcdm_interactiveprompt" displayName="Interactive Prompt" solution="govcdm_processandtasking (1.0.0.7)" />
        <Dependent type="60" displayName="Interactive Prompt Quick Create" parentDisplayName="Interactive Prompt" id="{219232e1-6f73-ee11-9ae7-000d3a4f73e8}" />
      </MissingDependency>
      <MissingDependency>
        <Required type="1" schemaName="govcdm_interactiveprompt" displayName="Interactive Prompt" solution="govcdm_processandtasking (1.0.0.7)" />
        <Dependent type="62" schemaName="msfed_ProcessandTasking" />
      </MissingDependency>
      <MissingDependency>
        <Required type="1" schemaName="govcdm_interactiveprompt" displayName="Interactive Prompt" solution="govcdm_processandtasking (1.0.0.7)" />
        <Dependent type="80" schemaName="msfed_ProcessandTasking" displayName="Process and Tasking" />
      </MissingDependency>
      <MissingDependency>
        <Required type="1" schemaName="govcdm_interactiveresponse" displayName="Interactive Response" solution="govcdm_processandtasking (1.0.0.7)" />
        <Dependent type="1" schemaName="govcdm_interactiveresponse" displayName="Interactive Response" />
      </MissingDependency>
      <MissingDependency>
        <Required type="1" schemaName="govcdm_interactiveresponse" displayName="Interactive Response" solution="govcdm_processandtasking (1.0.0.7)" />
        <Dependent type="60" displayName="Interactive Response Quick Create" parentDisplayName="Interactive Response" id="{020ab70b-7073-ee11-9ae7-000d3a4f73e8}" />
      </MissingDependency>
      <MissingDependency>
        <Required type="1" schemaName="govcdm_interactiveresponse" displayName="Interactive Response" solution="govcdm_processandtasking (1.0.0.7)" />
        <Dependent type="60" displayName="Information" parentDisplayName="Interactive Prompt" id="{58b06fc0-7e7d-4811-9767-19381aefdbbb}" />
      </MissingDependency>
      <MissingDependency>
        <Required type="1" schemaName="govcdm_interactiveresponse" displayName="Interactive Response" solution="govcdm_processandtasking (1.0.0.7)" />
        <Dependent type="62" schemaName="msfed_ProcessandTasking" />
      </MissingDependency>
      <MissingDependency>
        <Required type="1" schemaName="govcdm_interactiveresponse" displayName="Interactive Response" solution="govcdm_processandtasking (1.0.0.7)" />
        <Dependent type="80" schemaName="msfed_ProcessandTasking" displayName="Process and Tasking" />
      </MissingDependency>
      <MissingDependency>
        <Required type="1" schemaName="govcdm_processstep" displayName="Process Step" solution="govcdm_processandtasking (1.0.0.7)" />
        <Dependent type="1" schemaName="govcdm_processstep" displayName="Process Step" />
      </MissingDependency>
      <MissingDependency>
        <Required type="1" schemaName="govcdm_processstep" displayName="Process Step" solution="govcdm_processandtasking (1.0.0.7)" />
        <Dependent type="26" schemaName="Process Templates" displayName="Process Templates" parentSchemaName="govcdm_processstep" parentDisplayName="Process Step" id="{c7c56eeb-5d40-ee11-bdf3-000d3a5a7dcf}" />
      </MissingDependency>
      <MissingDependency>
        <Required type="1" schemaName="govcdm_processstep" displayName="Process Step" solution="govcdm_processandtasking (1.0.0.7)" />
        <Dependent type="29" displayName="MSF - Process and Tasking - Create from Template" id="{b116753d-5b40-ee11-bdf3-000d3a5a7dcf}" />
      </MissingDependency>
      <MissingDependency>
        <Required type="1" schemaName="govcdm_processstep" displayName="Process Step" solution="govcdm_processandtasking (1.0.0.7)" />
        <Dependent type="300" schemaName="msfed_dataforms_77fdb" displayName="Data Forms" />
      </MissingDependency>
      <MissingDependency>
        <Required type="1" schemaName="govcdm_processstep" displayName="Process Step" solution="govcdm_processandtasking (1.0.0.7)" />
        <Dependent type="60" displayName="Quick Create" parentDisplayName="Process Step" id="{2e70a5c7-2340-ee11-bdf3-000d3a5a7dcf}" />
      </MissingDependency>
      <MissingDependency>
        <Required type="1" schemaName="govcdm_processstep" displayName="Process Step" solution="govcdm_processandtasking (1.0.0.7)" />
        <Dependent type="60" displayName="Quick View" parentDisplayName="Process Step" id="{77ab057c-6840-ee11-bdf3-000d3a5a7dcf}" />
      </MissingDependency>
      <MissingDependency>
        <Required type="1" schemaName="govcdm_processstep" displayName="Process Step" solution="govcdm_processandtasking (1.0.0.7)" />
        <Dependent type="60" displayName="Main" parentDisplayName="Process Step" id="{9d48860c-9ae0-ee11-904d-0022481c9844}" />
      </MissingDependency>
      <MissingDependency>
        <Required type="1" schemaName="govcdm_processstep" displayName="Process Step" solution="govcdm_processandtasking (1.0.0.7)" />
        <Dependent type="62" schemaName="msfed_ProcessandTasking" />
      </MissingDependency>
      <MissingDependency>
        <Required type="1" schemaName="govcdm_processstep" displayName="Process Step" solution="govcdm_processandtasking (1.0.0.7)" />
        <Dependent type="80" schemaName="msfed_ProcessandTasking" displayName="Process and Tasking" />
      </MissingDependency>
      <MissingDependency>
        <Required type="10" schemaName="govcdm_govcdm_actionassignment_ParentActionAssig" displayName="govcdm_govcdm_actionassignment_ParentActionAssig" parentSchemaName="govcdm_actionassignment" parentDisplayName="Action Assignment" solution="govcdm_processandtasking (1.0.0.7)" />
        <Dependent type="60" displayName="Main" parentDisplayName="Action Assignment" id="{102d9576-80ec-ee11-904c-0022481df7e6}" />
      </MissingDependency>
      <MissingDependency>
        <Required type="10" schemaName="govcdm_govcdm_actionassignment_ParentActionAssig" displayName="govcdm_govcdm_actionassignment_ParentActionAssig" parentSchemaName="govcdm_actionassignment" parentDisplayName="Action Assignment" solution="govcdm_processandtasking (1.0.0.7)" />
        <Dependent type="60" displayName="Information" parentDisplayName="Action Assignment" id="{6ebf4fb0-26a2-4285-b342-255b791ecb0e}" />
      </MissingDependency>
      <MissingDependency>
        <Required type="10" schemaName="govcdm_govcdm_actionassignment_ProcessStep_govcd" displayName="govcdm_govcdm_actionassignment_ProcessStep_govcd" parentSchemaName="govcdm_processstep" parentDisplayName="Process Step" solution="govcdm_processandtasking (1.0.0.7)" />
        <Dependent type="60" displayName="Main" parentDisplayName="Action Assignment" id="{102d9576-80ec-ee11-904c-0022481df7e6}" />
      </MissingDependency>
      <MissingDependency>
        <Required type="10" schemaName="govcdm_govcdm_actionassignment_ProcessStep_govcd" displayName="govcdm_govcdm_actionassignment_ProcessStep_govcd" parentSchemaName="govcdm_processstep" parentDisplayName="Process Step" solution="govcdm_processandtasking (1.0.0.7)" />
        <Dependent type="60" displayName="Information" parentDisplayName="Action Assignment" id="{6ebf4fb0-26a2-4285-b342-255b791ecb0e}" />
      </MissingDependency>
      <MissingDependency>
        <Required type="10" schemaName="govcdm_govcdm_actionassignment_ProcessStep_govcd" displayName="govcdm_govcdm_actionassignment_ProcessStep_govcd" parentSchemaName="govcdm_processstep" parentDisplayName="Process Step" solution="govcdm_processandtasking (1.0.0.7)" />
        <Dependent type="60" displayName="Quick Create" parentDisplayName="Action Assignment" id="{b07ddb31-16df-ee11-904d-0022481c9844}" />
      </MissingDependency>
      <MissingDependency>
        <Required type="10" schemaName="govcdm_govcdm_interactiveprompt_ParentInteractiv" displayName="govcdm_govcdm_interactiveprompt_ParentInteractiv" parentSchemaName="govcdm_interactiveprompt" parentDisplayName="Interactive Prompt" solution="govcdm_processandtasking (1.0.0.7)" />
        <Dependent type="60" displayName="Information" parentDisplayName="Interactive Prompt" id="{58b06fc0-7e7d-4811-9767-19381aefdbbb}" />
      </MissingDependency>
      <MissingDependency>
        <Required type="10" schemaName="govcdm_govcdm_interactiveresponse_InteractivePro" displayName="govcdm_govcdm_interactiveresponse_InteractivePro" parentSchemaName="govcdm_interactiveprompt" parentDisplayName="Interactive Prompt" solution="govcdm_processandtasking (1.0.0.7)" />
        <Dependent type="60" displayName="Interactive Response Quick Create" parentDisplayName="Interactive Response" id="{020ab70b-7073-ee11-9ae7-000d3a4f73e8}" />
      </MissingDependency>
      <MissingDependency>
        <Required type="10" schemaName="govcdm_govcdm_interactiveresponse_InteractivePro" displayName="govcdm_govcdm_interactiveresponse_InteractivePro" parentSchemaName="govcdm_interactiveprompt" parentDisplayName="Interactive Prompt" solution="govcdm_processandtasking (1.0.0.7)" />
        <Dependent type="60" displayName="Information" parentDisplayName="Interactive Prompt" id="{58b06fc0-7e7d-4811-9767-19381aefdbbb}" />
      </MissingDependency>
      <MissingDependency>
        <Required type="10" schemaName="govcdm_govcdm_interactiveresponse_InteractivePro" displayName="govcdm_govcdm_interactiveresponse_InteractivePro" parentSchemaName="govcdm_interactiveprompt" parentDisplayName="Interactive Prompt" solution="govcdm_processandtasking (1.0.0.7)" />
        <Dependent type="60" displayName="Information" parentDisplayName="Interactive Response" id="{79d82c7a-47d1-4688-ac7f-2aec79469cd6}" />
      </MissingDependency>
      <MissingDependency>
        <Required type="10" schemaName="govcdm_govcdm_interactiveresponse_ParentInteract" displayName="govcdm_govcdm_interactiveresponse_ParentInteract" parentSchemaName="govcdm_interactiveresponse" parentDisplayName="Interactive Response" solution="govcdm_processandtasking (1.0.0.7)" />
        <Dependent type="60" displayName="Information" parentDisplayName="Interactive Response" id="{79d82c7a-47d1-4688-ac7f-2aec79469cd6}" />
      </MissingDependency>
      <MissingDependency>
        <Required type="10" schemaName="govcdm_govcdm_interactiveresponse_Responder_cont" displayName="govcdm_govcdm_interactiveresponse_Responder_cont" parentSchemaName="contact" parentDisplayName="Person" solution="govcdm_processandtasking (1.0.0.7)" />
        <Dependent type="60" displayName="Interactive Response Quick Create" parentDisplayName="Interactive Response" id="{020ab70b-7073-ee11-9ae7-000d3a4f73e8}" />
      </MissingDependency>
      <MissingDependency>
        <Required type="10" schemaName="govcdm_govcdm_interactiveresponse_Responder_cont" displayName="govcdm_govcdm_interactiveresponse_Responder_cont" parentSchemaName="contact" parentDisplayName="Person" solution="govcdm_processandtasking (1.0.0.7)" />
        <Dependent type="60" displayName="Information" parentDisplayName="Interactive Response" id="{79d82c7a-47d1-4688-ac7f-2aec79469cd6}" />
      </MissingDependency>
      <MissingDependency>
        <Required type="10" schemaName="govcdm_govcdm_processstep_DataForm_govcdm_datafo" displayName="govcdm_govcdm_processstep_DataForm_govcdm_datafo" parentSchemaName="govcdm_dataform" parentDisplayName="Data Form" solution="govcdm_processandtasking (1.0.0.7)" />
        <Dependent type="60" displayName="Main" parentDisplayName="Process Step" id="{9d48860c-9ae0-ee11-904d-0022481c9844}" />
      </MissingDependency>
      <MissingDependency>
        <Required type="10" schemaName="govcdm_govcdm_processstep_DataForm_govcdm_datafo" displayName="govcdm_govcdm_processstep_DataForm_govcdm_datafo" parentSchemaName="govcdm_dataform" parentDisplayName="Data Form" solution="govcdm_processandtasking (1.0.0.7)" />
        <Dependent type="60" displayName="Information" parentDisplayName="Process Step" id="{fac918e4-ab15-4993-a5d7-53482f8ec45c}" />
      </MissingDependency>
      <MissingDependency>
        <Required type="10" schemaName="govcdm_govcdm_processstep_ParentProcessStep_govc" displayName="govcdm_govcdm_processstep_ParentProcessStep_govc" parentSchemaName="govcdm_processstep" parentDisplayName="Process Step" solution="govcdm_processandtasking (1.0.0.7)" />
        <Dependent type="60" displayName="Quick Create" parentDisplayName="Process Step" id="{2e70a5c7-2340-ee11-bdf3-000d3a5a7dcf}" />
      </MissingDependency>
      <MissingDependency>
        <Required type="10" schemaName="govcdm_govcdm_processstep_ParentProcessStep_govc" displayName="govcdm_govcdm_processstep_ParentProcessStep_govc" parentSchemaName="govcdm_processstep" parentDisplayName="Process Step" solution="govcdm_processandtasking (1.0.0.7)" />
        <Dependent type="60" displayName="Main" parentDisplayName="Process Step" id="{9d48860c-9ae0-ee11-904d-0022481c9844}" />
      </MissingDependency>
      <MissingDependency>
        <Required type="10" schemaName="govcdm_govcdm_processstep_ParentProcessStep_govc" displayName="govcdm_govcdm_processstep_ParentProcessStep_govc" parentSchemaName="govcdm_processstep" parentDisplayName="Process Step" solution="govcdm_processandtasking (1.0.0.7)" />
        <Dependent type="60" displayName="Information" parentDisplayName="Process Step" id="{fac918e4-ab15-4993-a5d7-53482f8ec45c}" />
      </MissingDependency>
      <MissingDependency>
        <Required type="2" schemaName="activityid" displayName="Activity" parentSchemaName="govcdm_actionassignment" parentDisplayName="Action Assignment" solution="Active" />
        <Dependent type="26" schemaName="Related Action Assignments" displayName="Related Action Assignments" parentSchemaName="govcdm_actionassignment" parentDisplayName="Action Assignment" id="{7de7bea2-c5e0-ee11-904d-0022481c9844}" />
      </MissingDependency>
      <MissingDependency>
        <Required type="2" schemaName="activitytypecode" displayName="Activity Type" parentSchemaName="govcdm_actionassignment" parentDisplayName="Action Assignment" solution="govcdm_processandtasking (1.0.0.7)" />
        <Dependent type="26" schemaName="Related Action Assignments" displayName="Related Action Assignments" parentSchemaName="govcdm_actionassignment" parentDisplayName="Action Assignment" id="{7de7bea2-c5e0-ee11-904d-0022481c9844}" />
      </MissingDependency>
      <MissingDependency>
        <Required type="2" schemaName="createdon" displayName="Created On" parentSchemaName="govcdm_interactiveprompt" parentDisplayName="Interactive Prompt" solution="govcdm_processandtasking (1.0.0.7)" />
        <Dependent type="26" schemaName="Active Interactive Prompts" displayName="Active Interactive Prompts" parentSchemaName="govcdm_interactiveprompt" parentDisplayName="Interactive Prompt" id="{172db314-b1b3-400e-9b56-adecd6afa710}" />
      </MissingDependency>
      <MissingDependency>
        <Required type="2" schemaName="createdon" displayName="Created On" parentSchemaName="govcdm_interactiveresponse" parentDisplayName="Interactive Response" solution="govcdm_processandtasking (1.0.0.7)" />
        <Dependent type="26" schemaName="Active Interactive Responses" displayName="Active Interactive Responses" parentSchemaName="govcdm_interactiveresponse" parentDisplayName="Interactive Response" id="{2760503a-1186-4efa-9184-2cf96f40bcea}" />
      </MissingDependency>
      <MissingDependency>
        <Required type="2" schemaName="createdon" displayName="Created On" parentSchemaName="govcdm_processstep" parentDisplayName="Process Step" solution="govcdm_processandtasking (1.0.0.7)" />
        <Dependent type="26" schemaName="Process / Step Lookup View" displayName="Process / Step Lookup View" parentSchemaName="govcdm_processstep" parentDisplayName="Process Step" id="{bb894760-9ed2-4342-83f3-e59a11acf6d0}" />
      </MissingDependency>
      <MissingDependency>
        <Required type="2" schemaName="description" displayName="Description" parentSchemaName="govcdm_actionassignment" parentDisplayName="Action Assignment" solution="govcdm_processandtasking (1.0.0.7)" />
        <Dependent type="60" displayName="Main" parentDisplayName="Action Assignment" id="{102d9576-80ec-ee11-904c-0022481df7e6}" />
      </MissingDependency>
      <MissingDependency>
        <Required type="2" schemaName="description" displayName="Description" parentSchemaName="govcdm_actionassignment" parentDisplayName="Action Assignment" solution="govcdm_processandtasking (1.0.0.7)" />
        <Dependent type="60" displayName="Quick Create" parentDisplayName="Action Assignment" id="{b07ddb31-16df-ee11-904d-0022481c9844}" />
      </MissingDependency>
      <MissingDependency>
        <Required type="2" schemaName="govcdm_actiontype" displayName="Action Type" parentSchemaName="govcdm_actionassignment" parentDisplayName="Action Assignment" solution="govcdm_processandtasking (1.0.0.7)" />
        <Dependent type="26" schemaName="Related Action Assignments" displayName="Related Action Assignments" parentSchemaName="govcdm_actionassignment" parentDisplayName="Action Assignment" id="{7de7bea2-c5e0-ee11-904d-0022481c9844}" />
      </MissingDependency>
      <MissingDependency>
        <Required type="2" schemaName="govcdm_actiontype" displayName="Action Type" parentSchemaName="govcdm_actionassignment" parentDisplayName="Action Assignment" solution="govcdm_processandtasking (1.0.0.7)" />
        <Dependent type="60" displayName="Main" parentDisplayName="Action Assignment" id="{102d9576-80ec-ee11-904c-0022481df7e6}" />
      </MissingDependency>
      <MissingDependency>
        <Required type="2" schemaName="govcdm_actiontype" displayName="Action Type" parentSchemaName="govcdm_actionassignment" parentDisplayName="Action Assignment" solution="govcdm_processandtasking (1.0.0.7)" />
        <Dependent type="60" displayName="Information" parentDisplayName="Action Assignment" id="{6ebf4fb0-26a2-4285-b342-255b791ecb0e}" />
      </MissingDependency>
      <MissingDependency>
        <Required type="2" schemaName="govcdm_actiontype" displayName="Action Type" parentSchemaName="govcdm_actionassignment" parentDisplayName="Action Assignment" solution="govcdm_processandtasking (1.0.0.7)" />
        <Dependent type="60" displayName="Quick Create" parentDisplayName="Action Assignment" id="{b07ddb31-16df-ee11-904d-0022481c9844}" />
      </MissingDependency>
      <MissingDependency>
        <Required type="2" schemaName="govcdm_baseurl" displayName="Base URL" parentSchemaName="govcdm_dataform" parentDisplayName="Data Form" solution="govcdm_processandtasking (1.0.0.7)" />
        <Dependent type="26" schemaName="Process Templates" displayName="Process Templates" parentSchemaName="govcdm_processstep" parentDisplayName="Process Step" id="{c7c56eeb-5d40-ee11-bdf3-000d3a5a7dcf}" />
      </MissingDependency>
      <MissingDependency>
        <Required type="2" schemaName="govcdm_baseurl" displayName="Base URL" parentSchemaName="govcdm_dataform" parentDisplayName="Data Form" solution="govcdm_processandtasking (1.0.0.7)" />
        <Dependent type="60" displayName="Information" parentDisplayName="Data Form" id="{54a3e317-0400-4bd8-8ea3-46b5ac10e319}" />
      </MissingDependency>
      <MissingDependency>
        <Required type="2" schemaName="govcdm_dataform" displayName="Data Form" parentSchemaName="govcdm_processstep" parentDisplayName="Process Step" solution="govcdm_processandtasking (1.0.0.7)" />
        <Dependent type="26" schemaName="Process Templates" displayName="Process Templates" parentSchemaName="govcdm_processstep" parentDisplayName="Process Step" id="{c7c56eeb-5d40-ee11-bdf3-000d3a5a7dcf}" />
      </MissingDependency>
      <MissingDependency>
        <Required type="2" schemaName="govcdm_dataform" displayName="Data Form" parentSchemaName="govcdm_processstep" parentDisplayName="Process Step" solution="govcdm_processandtasking (1.0.0.7)" />
        <Dependent type="60" displayName="Main" parentDisplayName="Process Step" id="{9d48860c-9ae0-ee11-904d-0022481c9844}" />
      </MissingDependency>
      <MissingDependency>
        <Required type="2" schemaName="govcdm_dataform" displayName="Data Form" parentSchemaName="govcdm_processstep" parentDisplayName="Process Step" solution="govcdm_processandtasking (1.0.0.7)" />
        <Dependent type="60" displayName="Information" parentDisplayName="Process Step" id="{fac918e4-ab15-4993-a5d7-53482f8ec45c}" />
      </MissingDependency>
      <MissingDependency>
        <Required type="2" schemaName="govcdm_dataformid" displayName="Data Form" parentSchemaName="govcdm_dataform" parentDisplayName="Data Form" solution="govcdm_processandtasking (1.0.0.7)" />
        <Dependent type="26" schemaName="Process Templates" displayName="Process Templates" parentSchemaName="govcdm_processstep" parentDisplayName="Process Step" id="{c7c56eeb-5d40-ee11-bdf3-000d3a5a7dcf}" />
      </MissingDependency>
      <MissingDependency>
        <Required type="2" schemaName="govcdm_details" displayName="Details" parentSchemaName="govcdm_interactiveprompt" parentDisplayName="Interactive Prompt" solution="govcdm_processandtasking (1.0.0.7)" />
        <Dependent type="26" schemaName="Checklists" displayName="Checklists" parentSchemaName="govcdm_interactiveprompt" parentDisplayName="Interactive Prompt" id="{718aa655-1474-ee11-9ae7-000d3a4f73e8}" />
      </MissingDependency>
      <MissingDependency>
        <Required type="2" schemaName="govcdm_details" displayName="Details" parentSchemaName="govcdm_interactiveprompt" parentDisplayName="Interactive Prompt" solution="govcdm_processandtasking (1.0.0.7)" />
        <Dependent type="26" schemaName="Surveys and Questionnaires" displayName="Surveys and Questionnaires" parentSchemaName="govcdm_interactiveprompt" parentDisplayName="Interactive Prompt" id="{b27cba75-1474-ee11-9ae7-000d3a4f73e8}" />
      </MissingDependency>
      <MissingDependency>
        <Required type="2" schemaName="govcdm_details" displayName="Details" parentSchemaName="govcdm_interactiveprompt" parentDisplayName="Interactive Prompt" solution="govcdm_processandtasking (1.0.0.7)" />
        <Dependent type="60" displayName="Interactive Prompt Quick Create" parentDisplayName="Interactive Prompt" id="{219232e1-6f73-ee11-9ae7-000d3a4f73e8}" />
      </MissingDependency>
      <MissingDependency>
        <Required type="2" schemaName="govcdm_details" displayName="Details" parentSchemaName="govcdm_interactiveprompt" parentDisplayName="Interactive Prompt" solution="govcdm_processandtasking (1.0.0.7)" />
        <Dependent type="60" displayName="Information" parentDisplayName="Interactive Prompt" id="{58b06fc0-7e7d-4811-9767-19381aefdbbb}" />
      </MissingDependency>
      <MissingDependency>
        <Required type="2" schemaName="govcdm_details" displayName="Details" parentSchemaName="govcdm_processstep" parentDisplayName="Process Step" solution="govcdm_processandtasking (1.0.0.7)" />
        <Dependent type="26" schemaName="Process Templates" displayName="Process Templates" parentSchemaName="govcdm_processstep" parentDisplayName="Process Step" id="{c7c56eeb-5d40-ee11-bdf3-000d3a5a7dcf}" />
      </MissingDependency>
      <MissingDependency>
        <Required type="2" schemaName="govcdm_details" displayName="Details" parentSchemaName="govcdm_processstep" parentDisplayName="Process Step" solution="govcdm_processandtasking (1.0.0.7)" />
        <Dependent type="60" displayName="Quick Create" parentDisplayName="Process Step" id="{2e70a5c7-2340-ee11-bdf3-000d3a5a7dcf}" />
      </MissingDependency>
      <MissingDependency>
        <Required type="2" schemaName="govcdm_details" displayName="Details" parentSchemaName="govcdm_processstep" parentDisplayName="Process Step" solution="govcdm_processandtasking (1.0.0.7)" />
        <Dependent type="60" displayName="Quick View" parentDisplayName="Process Step" id="{77ab057c-6840-ee11-bdf3-000d3a5a7dcf}" />
      </MissingDependency>
      <MissingDependency>
        <Required type="2" schemaName="govcdm_details" displayName="Details" parentSchemaName="govcdm_processstep" parentDisplayName="Process Step" solution="govcdm_processandtasking (1.0.0.7)" />
        <Dependent type="60" displayName="Main" parentDisplayName="Process Step" id="{9d48860c-9ae0-ee11-904d-0022481c9844}" />
      </MissingDependency>
      <MissingDependency>
        <Required type="2" schemaName="govcdm_details" displayName="Details" parentSchemaName="govcdm_processstep" parentDisplayName="Process Step" solution="govcdm_processandtasking (1.0.0.7)" />
        <Dependent type="60" displayName="Information" parentDisplayName="Process Step" id="{fac918e4-ab15-4993-a5d7-53482f8ec45c}" />
      </MissingDependency>
      <MissingDependency>
        <Required type="2" schemaName="govcdm_interactiveprompt" displayName="Interactive Prompt" parentSchemaName="govcdm_interactiveresponse" parentDisplayName="Interactive Response" solution="govcdm_processandtasking (1.0.0.7)" />
        <Dependent type="60" displayName="Interactive Response Quick Create" parentDisplayName="Interactive Response" id="{020ab70b-7073-ee11-9ae7-000d3a4f73e8}" />
      </MissingDependency>
      <MissingDependency>
        <Required type="2" schemaName="govcdm_interactiveprompt" displayName="Interactive Prompt" parentSchemaName="govcdm_interactiveresponse" parentDisplayName="Interactive Response" solution="govcdm_processandtasking (1.0.0.7)" />
        <Dependent type="60" displayName="Information" parentDisplayName="Interactive Response" id="{79d82c7a-47d1-4688-ac7f-2aec79469cd6}" />
      </MissingDependency>
      <MissingDependency>
        <Required type="2" schemaName="govcdm_interactivepromptid" displayName="Interactive Prompt" parentSchemaName="govcdm_interactiveprompt" parentDisplayName="Interactive Prompt" solution="govcdm_processandtasking (1.0.0.7)" />
        <Dependent type="26" schemaName="Active Interactive Prompts" displayName="Active Interactive Prompts" parentSchemaName="govcdm_interactiveprompt" parentDisplayName="Interactive Prompt" id="{172db314-b1b3-400e-9b56-adecd6afa710}" />
      </MissingDependency>
      <MissingDependency>
        <Required type="2" schemaName="govcdm_interactivepromptid" displayName="Interactive Prompt" parentSchemaName="govcdm_interactiveprompt" parentDisplayName="Interactive Prompt" solution="govcdm_processandtasking (1.0.0.7)" />
        <Dependent type="26" schemaName="Checklists" displayName="Checklists" parentSchemaName="govcdm_interactiveprompt" parentDisplayName="Interactive Prompt" id="{718aa655-1474-ee11-9ae7-000d3a4f73e8}" />
      </MissingDependency>
      <MissingDependency>
        <Required type="2" schemaName="govcdm_interactivepromptid" displayName="Interactive Prompt" parentSchemaName="govcdm_interactiveprompt" parentDisplayName="Interactive Prompt" solution="govcdm_processandtasking (1.0.0.7)" />
        <Dependent type="26" schemaName="Surveys and Questionnaires" displayName="Surveys and Questionnaires" parentSchemaName="govcdm_interactiveprompt" parentDisplayName="Interactive Prompt" id="{b27cba75-1474-ee11-9ae7-000d3a4f73e8}" />
      </MissingDependency>
      <MissingDependency>
        <Required type="2" schemaName="govcdm_interactiveprompttype" displayName="Interactive Prompt Type" parentSchemaName="govcdm_interactiveprompt" parentDisplayName="Interactive Prompt" solution="govcdm_processandtasking (1.0.0.7)" />
        <Dependent type="26" schemaName="Checklists" displayName="Checklists" parentSchemaName="govcdm_interactiveprompt" parentDisplayName="Interactive Prompt" id="{718aa655-1474-ee11-9ae7-000d3a4f73e8}" />
      </MissingDependency>
      <MissingDependency>
        <Required type="2" schemaName="govcdm_interactiveprompttype" displayName="Interactive Prompt Type" parentSchemaName="govcdm_interactiveprompt" parentDisplayName="Interactive Prompt" solution="govcdm_processandtasking (1.0.0.7)" />
        <Dependent type="26" schemaName="Surveys and Questionnaires" displayName="Surveys and Questionnaires" parentSchemaName="govcdm_interactiveprompt" parentDisplayName="Interactive Prompt" id="{b27cba75-1474-ee11-9ae7-000d3a4f73e8}" />
      </MissingDependency>
      <MissingDependency>
        <Required type="2" schemaName="govcdm_interactiveprompttype" displayName="Interactive Prompt Type" parentSchemaName="govcdm_interactiveprompt" parentDisplayName="Interactive Prompt" solution="govcdm_processandtasking (1.0.0.7)" />
        <Dependent type="60" displayName="Interactive Prompt Quick Create" parentDisplayName="Interactive Prompt" id="{219232e1-6f73-ee11-9ae7-000d3a4f73e8}" />
      </MissingDependency>
      <MissingDependency>
        <Required type="2" schemaName="govcdm_interactiveprompttype" displayName="Interactive Prompt Type" parentSchemaName="govcdm_interactiveprompt" parentDisplayName="Interactive Prompt" solution="govcdm_processandtasking (1.0.0.7)" />
        <Dependent type="60" displayName="Information" parentDisplayName="Interactive Prompt" id="{58b06fc0-7e7d-4811-9767-19381aefdbbb}" />
      </MissingDependency>
      <MissingDependency>
        <Required type="2" schemaName="govcdm_interactiveresponseid" displayName="Interactive Response" parentSchemaName="govcdm_interactiveresponse" parentDisplayName="Interactive Response" solution="govcdm_processandtasking (1.0.0.7)" />
        <Dependent type="26" schemaName="Active Interactive Responses" displayName="Active Interactive Responses" parentSchemaName="govcdm_interactiveresponse" parentDisplayName="Interactive Response" id="{2760503a-1186-4efa-9184-2cf96f40bcea}" />
      </MissingDependency>
      <MissingDependency>
        <Required type="2" schemaName="govcdm_name" displayName="Name" parentSchemaName="govcdm_dataform" parentDisplayName="Data Form" solution="govcdm_processandtasking (1.0.0.7)" />
        <Dependent type="60" displayName="Information" parentDisplayName="Data Form" id="{54a3e317-0400-4bd8-8ea3-46b5ac10e319}" />
      </MissingDependency>
      <MissingDependency>
        <Required type="2" schemaName="govcdm_name" displayName="Name" parentSchemaName="govcdm_interactiveprompt" parentDisplayName="Interactive Prompt" solution="govcdm_processandtasking (1.0.0.7)" />
        <Dependent type="26" schemaName="Active Interactive Prompts" displayName="Active Interactive Prompts" parentSchemaName="govcdm_interactiveprompt" parentDisplayName="Interactive Prompt" id="{172db314-b1b3-400e-9b56-adecd6afa710}" />
      </MissingDependency>
      <MissingDependency>
        <Required type="2" schemaName="govcdm_name" displayName="Name" parentSchemaName="govcdm_interactiveprompt" parentDisplayName="Interactive Prompt" solution="govcdm_processandtasking (1.0.0.7)" />
        <Dependent type="26" schemaName="Checklists" displayName="Checklists" parentSchemaName="govcdm_interactiveprompt" parentDisplayName="Interactive Prompt" id="{718aa655-1474-ee11-9ae7-000d3a4f73e8}" />
      </MissingDependency>
      <MissingDependency>
        <Required type="2" schemaName="govcdm_name" displayName="Name" parentSchemaName="govcdm_interactiveprompt" parentDisplayName="Interactive Prompt" solution="govcdm_processandtasking (1.0.0.7)" />
        <Dependent type="26" schemaName="Surveys and Questionnaires" displayName="Surveys and Questionnaires" parentSchemaName="govcdm_interactiveprompt" parentDisplayName="Interactive Prompt" id="{b27cba75-1474-ee11-9ae7-000d3a4f73e8}" />
      </MissingDependency>
      <MissingDependency>
        <Required type="2" schemaName="govcdm_name" displayName="Name" parentSchemaName="govcdm_interactiveprompt" parentDisplayName="Interactive Prompt" solution="govcdm_processandtasking (1.0.0.7)" />
        <Dependent type="60" displayName="Interactive Prompt Quick Create" parentDisplayName="Interactive Prompt" id="{219232e1-6f73-ee11-9ae7-000d3a4f73e8}" />
      </MissingDependency>
      <MissingDependency>
        <Required type="2" schemaName="govcdm_name" displayName="Name" parentSchemaName="govcdm_interactiveprompt" parentDisplayName="Interactive Prompt" solution="govcdm_processandtasking (1.0.0.7)" />
        <Dependent type="60" displayName="Information" parentDisplayName="Interactive Prompt" id="{58b06fc0-7e7d-4811-9767-19381aefdbbb}" />
      </MissingDependency>
      <MissingDependency>
        <Required type="2" schemaName="govcdm_name" displayName="Name" parentSchemaName="govcdm_interactiveresponse" parentDisplayName="Interactive Response" solution="govcdm_processandtasking (1.0.0.7)" />
        <Dependent type="26" schemaName="Active Interactive Responses" displayName="Active Interactive Responses" parentSchemaName="govcdm_interactiveresponse" parentDisplayName="Interactive Response" id="{2760503a-1186-4efa-9184-2cf96f40bcea}" />
      </MissingDependency>
      <MissingDependency>
        <Required type="2" schemaName="govcdm_name" displayName="Name" parentSchemaName="govcdm_interactiveresponse" parentDisplayName="Interactive Response" solution="govcdm_processandtasking (1.0.0.7)" />
        <Dependent type="60" displayName="Interactive Response Quick Create" parentDisplayName="Interactive Response" id="{020ab70b-7073-ee11-9ae7-000d3a4f73e8}" />
      </MissingDependency>
      <MissingDependency>
        <Required type="2" schemaName="govcdm_name" displayName="Name" parentSchemaName="govcdm_interactiveresponse" parentDisplayName="Interactive Response" solution="govcdm_processandtasking (1.0.0.7)" />
        <Dependent type="60" displayName="Information" parentDisplayName="Interactive Response" id="{79d82c7a-47d1-4688-ac7f-2aec79469cd6}" />
      </MissingDependency>
      <MissingDependency>
        <Required type="2" schemaName="govcdm_name" displayName="Name" parentSchemaName="govcdm_processstep" parentDisplayName="Process Step" solution="govcdm_processandtasking (1.0.0.7)" />
        <Dependent type="26" schemaName="Process / Step Lookup View" displayName="Process / Step Lookup View" parentSchemaName="govcdm_processstep" parentDisplayName="Process Step" id="{bb894760-9ed2-4342-83f3-e59a11acf6d0}" />
      </MissingDependency>
      <MissingDependency>
        <Required type="2" schemaName="govcdm_name" displayName="Name" parentSchemaName="govcdm_processstep" parentDisplayName="Process Step" solution="govcdm_processandtasking (1.0.0.7)" />
        <Dependent type="26" schemaName="Process Templates" displayName="Process Templates" parentSchemaName="govcdm_processstep" parentDisplayName="Process Step" id="{c7c56eeb-5d40-ee11-bdf3-000d3a5a7dcf}" />
      </MissingDependency>
      <MissingDependency>
        <Required type="2" schemaName="govcdm_name" displayName="Name" parentSchemaName="govcdm_processstep" parentDisplayName="Process Step" solution="govcdm_processandtasking (1.0.0.7)" />
        <Dependent type="60" displayName="Quick Create" parentDisplayName="Process Step" id="{2e70a5c7-2340-ee11-bdf3-000d3a5a7dcf}" />
      </MissingDependency>
      <MissingDependency>
        <Required type="2" schemaName="govcdm_name" displayName="Name" parentSchemaName="govcdm_processstep" parentDisplayName="Process Step" solution="govcdm_processandtasking (1.0.0.7)" />
        <Dependent type="60" displayName="Main" parentDisplayName="Process Step" id="{9d48860c-9ae0-ee11-904d-0022481c9844}" />
      </MissingDependency>
      <MissingDependency>
        <Required type="2" schemaName="govcdm_name" displayName="Name" parentSchemaName="govcdm_processstep" parentDisplayName="Process Step" solution="govcdm_processandtasking (1.0.0.7)" />
        <Dependent type="60" displayName="Information" parentDisplayName="Process Step" id="{fac918e4-ab15-4993-a5d7-53482f8ec45c}" />
      </MissingDependency>
      <MissingDependency>
        <Required type="2" schemaName="govcdm_parentactionassignment" displayName="Parent Action Assignment" parentSchemaName="govcdm_actionassignment" parentDisplayName="Action Assignment" solution="govcdm_processandtasking (1.0.0.7)" />
        <Dependent type="60" displayName="Main" parentDisplayName="Action Assignment" id="{102d9576-80ec-ee11-904c-0022481df7e6}" />
      </MissingDependency>
      <MissingDependency>
        <Required type="2" schemaName="govcdm_parentactionassignment" displayName="Parent Action Assignment" parentSchemaName="govcdm_actionassignment" parentDisplayName="Action Assignment" solution="govcdm_processandtasking (1.0.0.7)" />
        <Dependent type="60" displayName="Information" parentDisplayName="Action Assignment" id="{6ebf4fb0-26a2-4285-b342-255b791ecb0e}" />
      </MissingDependency>
      <MissingDependency>
        <Required type="2" schemaName="govcdm_parentinteractiveprompt" displayName="Parent Interactive Prompt" parentSchemaName="govcdm_interactiveprompt" parentDisplayName="Interactive Prompt" solution="govcdm_processandtasking (1.0.0.7)" />
        <Dependent type="26" schemaName="Checklists" displayName="Checklists" parentSchemaName="govcdm_interactiveprompt" parentDisplayName="Interactive Prompt" id="{718aa655-1474-ee11-9ae7-000d3a4f73e8}" />
      </MissingDependency>
      <MissingDependency>
        <Required type="2" schemaName="govcdm_parentinteractiveprompt" displayName="Parent Interactive Prompt" parentSchemaName="govcdm_interactiveprompt" parentDisplayName="Interactive Prompt" solution="govcdm_processandtasking (1.0.0.7)" />
        <Dependent type="26" schemaName="Surveys and Questionnaires" displayName="Surveys and Questionnaires" parentSchemaName="govcdm_interactiveprompt" parentDisplayName="Interactive Prompt" id="{b27cba75-1474-ee11-9ae7-000d3a4f73e8}" />
      </MissingDependency>
      <MissingDependency>
        <Required type="2" schemaName="govcdm_parentinteractiveprompt" displayName="Parent Interactive Prompt" parentSchemaName="govcdm_interactiveprompt" parentDisplayName="Interactive Prompt" solution="govcdm_processandtasking (1.0.0.7)" />
        <Dependent type="60" displayName="Information" parentDisplayName="Interactive Prompt" id="{58b06fc0-7e7d-4811-9767-19381aefdbbb}" />
      </MissingDependency>
      <MissingDependency>
        <Required type="2" schemaName="govcdm_parentinteractiveresponse" displayName="Parent Interactive Response" parentSchemaName="govcdm_interactiveresponse" parentDisplayName="Interactive Response" solution="govcdm_processandtasking (1.0.0.7)" />
        <Dependent type="60" displayName="Information" parentDisplayName="Interactive Response" id="{79d82c7a-47d1-4688-ac7f-2aec79469cd6}" />
      </MissingDependency>
      <MissingDependency>
        <Required type="2" schemaName="govcdm_parentprocessstep" displayName="Parent Process Step" parentSchemaName="govcdm_processstep" parentDisplayName="Process Step" solution="govcdm_processandtasking (1.0.0.7)" />
        <Dependent type="26" schemaName="Process Templates" displayName="Process Templates" parentSchemaName="govcdm_processstep" parentDisplayName="Process Step" id="{c7c56eeb-5d40-ee11-bdf3-000d3a5a7dcf}" />
      </MissingDependency>
      <MissingDependency>
        <Required type="2" schemaName="govcdm_parentprocessstep" displayName="Parent Process Step" parentSchemaName="govcdm_processstep" parentDisplayName="Process Step" solution="govcdm_processandtasking (1.0.0.7)" />
        <Dependent type="60" displayName="Quick Create" parentDisplayName="Process Step" id="{2e70a5c7-2340-ee11-bdf3-000d3a5a7dcf}" />
      </MissingDependency>
      <MissingDependency>
        <Required type="2" schemaName="govcdm_parentprocessstep" displayName="Parent Process Step" parentSchemaName="govcdm_processstep" parentDisplayName="Process Step" solution="govcdm_processandtasking (1.0.0.7)" />
        <Dependent type="60" displayName="Main" parentDisplayName="Process Step" id="{9d48860c-9ae0-ee11-904d-0022481c9844}" />
      </MissingDependency>
      <MissingDependency>
        <Required type="2" schemaName="govcdm_parentprocessstep" displayName="Parent Process Step" parentSchemaName="govcdm_processstep" parentDisplayName="Process Step" solution="govcdm_processandtasking (1.0.0.7)" />
        <Dependent type="60" displayName="Information" parentDisplayName="Process Step" id="{fac918e4-ab15-4993-a5d7-53482f8ec45c}" />
      </MissingDependency>
      <MissingDependency>
        <Required type="2" schemaName="govcdm_processstep" displayName="Process Step" parentSchemaName="govcdm_actionassignment" parentDisplayName="Action Assignment" solution="govcdm_processandtasking (1.0.0.7)" />
        <Dependent type="29" displayName="MSF - Process and Tasking - Create from Template" id="{b116753d-5b40-ee11-bdf3-000d3a5a7dcf}" />
      </MissingDependency>
      <MissingDependency>
        <Required type="2" schemaName="govcdm_processstep" displayName="Process Step" parentSchemaName="govcdm_actionassignment" parentDisplayName="Action Assignment" solution="govcdm_processandtasking (1.0.0.7)" />
        <Dependent type="60" displayName="Main" parentDisplayName="Action Assignment" id="{102d9576-80ec-ee11-904c-0022481df7e6}" />
      </MissingDependency>
      <MissingDependency>
        <Required type="2" schemaName="govcdm_processstep" displayName="Process Step" parentSchemaName="govcdm_actionassignment" parentDisplayName="Action Assignment" solution="govcdm_processandtasking (1.0.0.7)" />
        <Dependent type="60" displayName="Information" parentDisplayName="Action Assignment" id="{6ebf4fb0-26a2-4285-b342-255b791ecb0e}" />
      </MissingDependency>
      <MissingDependency>
        <Required type="2" schemaName="govcdm_processstep" displayName="Process Step" parentSchemaName="govcdm_actionassignment" parentDisplayName="Action Assignment" solution="govcdm_processandtasking (1.0.0.7)" />
        <Dependent type="60" displayName="Quick Create" parentDisplayName="Action Assignment" id="{b07ddb31-16df-ee11-904d-0022481c9844}" />
      </MissingDependency>
      <MissingDependency>
        <Required type="2" schemaName="govcdm_processstepid" displayName="Process Step" parentSchemaName="govcdm_processstep" parentDisplayName="Process Step" solution="govcdm_processandtasking (1.0.0.7)" />
        <Dependent type="26" schemaName="Process / Step Lookup View" displayName="Process / Step Lookup View" parentSchemaName="govcdm_processstep" parentDisplayName="Process Step" id="{bb894760-9ed2-4342-83f3-e59a11acf6d0}" />
      </MissingDependency>
      <MissingDependency>
        <Required type="2" schemaName="govcdm_processstepid" displayName="Process Step" parentSchemaName="govcdm_processstep" parentDisplayName="Process Step" solution="govcdm_processandtasking (1.0.0.7)" />
        <Dependent type="26" schemaName="Process Templates" displayName="Process Templates" parentSchemaName="govcdm_processstep" parentDisplayName="Process Step" id="{c7c56eeb-5d40-ee11-bdf3-000d3a5a7dcf}" />
      </MissingDependency>
      <MissingDependency>
        <Required type="2" schemaName="govcdm_processsteptype" displayName="Process Step Type" parentSchemaName="govcdm_processstep" parentDisplayName="Process Step" solution="govcdm_processandtasking (1.0.0.7)" />
        <Dependent type="26" schemaName="Process Templates" displayName="Process Templates" parentSchemaName="govcdm_processstep" parentDisplayName="Process Step" id="{c7c56eeb-5d40-ee11-bdf3-000d3a5a7dcf}" />
      </MissingDependency>
      <MissingDependency>
        <Required type="2" schemaName="govcdm_processsteptype" displayName="Process Step Type" parentSchemaName="govcdm_processstep" parentDisplayName="Process Step" solution="govcdm_processandtasking (1.0.0.7)" />
        <Dependent type="60" displayName="Quick Create" parentDisplayName="Process Step" id="{2e70a5c7-2340-ee11-bdf3-000d3a5a7dcf}" />
      </MissingDependency>
      <MissingDependency>
        <Required type="2" schemaName="govcdm_processsteptype" displayName="Process Step Type" parentSchemaName="govcdm_processstep" parentDisplayName="Process Step" solution="govcdm_processandtasking (1.0.0.7)" />
        <Dependent type="60" displayName="Main" parentDisplayName="Process Step" id="{9d48860c-9ae0-ee11-904d-0022481c9844}" />
      </MissingDependency>
      <MissingDependency>
        <Required type="2" schemaName="govcdm_processsteptype" displayName="Process Step Type" parentSchemaName="govcdm_processstep" parentDisplayName="Process Step" solution="govcdm_processandtasking (1.0.0.7)" />
        <Dependent type="60" displayName="Information" parentDisplayName="Process Step" id="{fac918e4-ab15-4993-a5d7-53482f8ec45c}" />
      </MissingDependency>
      <MissingDependency>
        <Required type="2" schemaName="govcdm_prompt" displayName="Prompt" parentSchemaName="govcdm_interactiveprompt" parentDisplayName="Interactive Prompt" solution="govcdm_processandtasking (1.0.0.7)" />
        <Dependent type="26" schemaName="Checklists" displayName="Checklists" parentSchemaName="govcdm_interactiveprompt" parentDisplayName="Interactive Prompt" id="{718aa655-1474-ee11-9ae7-000d3a4f73e8}" />
      </MissingDependency>
      <MissingDependency>
        <Required type="2" schemaName="govcdm_prompt" displayName="Prompt" parentSchemaName="govcdm_interactiveprompt" parentDisplayName="Interactive Prompt" solution="govcdm_processandtasking (1.0.0.7)" />
        <Dependent type="26" schemaName="Surveys and Questionnaires" displayName="Surveys and Questionnaires" parentSchemaName="govcdm_interactiveprompt" parentDisplayName="Interactive Prompt" id="{b27cba75-1474-ee11-9ae7-000d3a4f73e8}" />
      </MissingDependency>
      <MissingDependency>
        <Required type="2" schemaName="govcdm_prompt" displayName="Prompt" parentSchemaName="govcdm_interactiveprompt" parentDisplayName="Interactive Prompt" solution="govcdm_processandtasking (1.0.0.7)" />
        <Dependent type="60" displayName="Interactive Prompt Quick Create" parentDisplayName="Interactive Prompt" id="{219232e1-6f73-ee11-9ae7-000d3a4f73e8}" />
      </MissingDependency>
      <MissingDependency>
        <Required type="2" schemaName="govcdm_prompt" displayName="Prompt" parentSchemaName="govcdm_interactiveprompt" parentDisplayName="Interactive Prompt" solution="govcdm_processandtasking (1.0.0.7)" />
        <Dependent type="60" displayName="Information" parentDisplayName="Interactive Prompt" id="{58b06fc0-7e7d-4811-9767-19381aefdbbb}" />
      </MissingDependency>
      <MissingDependency>
        <Required type="2" schemaName="govcdm_responder" displayName="Responder" parentSchemaName="govcdm_interactiveresponse" parentDisplayName="Interactive Response" solution="govcdm_processandtasking (1.0.0.7)" />
        <Dependent type="60" displayName="Interactive Response Quick Create" parentDisplayName="Interactive Response" id="{020ab70b-7073-ee11-9ae7-000d3a4f73e8}" />
      </MissingDependency>
      <MissingDependency>
        <Required type="2" schemaName="govcdm_responder" displayName="Responder" parentSchemaName="govcdm_interactiveresponse" parentDisplayName="Interactive Response" solution="govcdm_processandtasking (1.0.0.7)" />
        <Dependent type="60" displayName="Information" parentDisplayName="Interactive Response" id="{79d82c7a-47d1-4688-ac7f-2aec79469cd6}" />
      </MissingDependency>
      <MissingDependency>
        <Required type="2" schemaName="govcdm_responsedatetime" displayName="Response Date Time" parentSchemaName="govcdm_interactiveresponse" parentDisplayName="Interactive Response" solution="govcdm_processandtasking (1.0.0.7)" />
        <Dependent type="60" displayName="Interactive Response Quick Create" parentDisplayName="Interactive Response" id="{020ab70b-7073-ee11-9ae7-000d3a4f73e8}" />
      </MissingDependency>
      <MissingDependency>
        <Required type="2" schemaName="govcdm_responsedatetime" displayName="Response Date Time" parentSchemaName="govcdm_interactiveresponse" parentDisplayName="Interactive Response" solution="govcdm_processandtasking (1.0.0.7)" />
        <Dependent type="60" displayName="Information" parentDisplayName="Interactive Response" id="{79d82c7a-47d1-4688-ac7f-2aec79469cd6}" />
      </MissingDependency>
      <MissingDependency>
        <Required type="2" schemaName="govcdm_responsefloat" displayName="Response Float" parentSchemaName="govcdm_interactiveresponse" parentDisplayName="Interactive Response" solution="govcdm_processandtasking (1.0.0.7)" />
        <Dependent type="60" displayName="Interactive Response Quick Create" parentDisplayName="Interactive Response" id="{020ab70b-7073-ee11-9ae7-000d3a4f73e8}" />
      </MissingDependency>
      <MissingDependency>
        <Required type="2" schemaName="govcdm_responsefloat" displayName="Response Float" parentSchemaName="govcdm_interactiveresponse" parentDisplayName="Interactive Response" solution="govcdm_processandtasking (1.0.0.7)" />
        <Dependent type="60" displayName="Information" parentDisplayName="Interactive Response" id="{79d82c7a-47d1-4688-ac7f-2aec79469cd6}" />
      </MissingDependency>
      <MissingDependency>
        <Required type="2" schemaName="govcdm_responselongtext" displayName="Response Long Text" parentSchemaName="govcdm_interactiveresponse" parentDisplayName="Interactive Response" solution="govcdm_processandtasking (1.0.0.7)" />
        <Dependent type="60" displayName="Interactive Response Quick Create" parentDisplayName="Interactive Response" id="{020ab70b-7073-ee11-9ae7-000d3a4f73e8}" />
      </MissingDependency>
      <MissingDependency>
        <Required type="2" schemaName="govcdm_responselongtext" displayName="Response Long Text" parentSchemaName="govcdm_interactiveresponse" parentDisplayName="Interactive Response" solution="govcdm_processandtasking (1.0.0.7)" />
        <Dependent type="60" displayName="Information" parentDisplayName="Interactive Response" id="{79d82c7a-47d1-4688-ac7f-2aec79469cd6}" />
      </MissingDependency>
      <MissingDependency>
        <Required type="2" schemaName="govcdm_responseshorttext" displayName="Response Short Text" parentSchemaName="govcdm_interactiveresponse" parentDisplayName="Interactive Response" solution="govcdm_processandtasking (1.0.0.7)" />
        <Dependent type="60" displayName="Interactive Response Quick Create" parentDisplayName="Interactive Response" id="{020ab70b-7073-ee11-9ae7-000d3a4f73e8}" />
      </MissingDependency>
      <MissingDependency>
        <Required type="2" schemaName="govcdm_responseshorttext" displayName="Response Short Text" parentSchemaName="govcdm_interactiveresponse" parentDisplayName="Interactive Response" solution="govcdm_processandtasking (1.0.0.7)" />
        <Dependent type="60" displayName="Information" parentDisplayName="Interactive Response" id="{79d82c7a-47d1-4688-ac7f-2aec79469cd6}" />
      </MissingDependency>
      <MissingDependency>
        <Required type="2" schemaName="govcdm_responsewholenumber" displayName="Response Whole Number" parentSchemaName="govcdm_interactiveresponse" parentDisplayName="Interactive Response" solution="govcdm_processandtasking (1.0.0.7)" />
        <Dependent type="60" displayName="Interactive Response Quick Create" parentDisplayName="Interactive Response" id="{020ab70b-7073-ee11-9ae7-000d3a4f73e8}" />
      </MissingDependency>
      <MissingDependency>
        <Required type="2" schemaName="govcdm_responsewholenumber" displayName="Response Whole Number" parentSchemaName="govcdm_interactiveresponse" parentDisplayName="Interactive Response" solution="govcdm_processandtasking (1.0.0.7)" />
        <Dependent type="60" displayName="Information" parentDisplayName="Interactive Response" id="{79d82c7a-47d1-4688-ac7f-2aec79469cd6}" />
      </MissingDependency>
      <MissingDependency>
        <Required type="2" schemaName="govcdm_schemaname" displayName="Schema Name" parentSchemaName="govcdm_dataform" parentDisplayName="Data Form" solution="govcdm_processandtasking (1.0.0.7)" />
        <Dependent type="60" displayName="Information" parentDisplayName="Data Form" id="{54a3e317-0400-4bd8-8ea3-46b5ac10e319}" />
      </MissingDependency>
      <MissingDependency>
        <Required type="2" schemaName="ownerid" displayName="Owner" parentSchemaName="govcdm_actionassignment" parentDisplayName="Action Assignment" solution="Active" />
        <Dependent type="26" schemaName="Related Action Assignments" displayName="Related Action Assignments" parentSchemaName="govcdm_actionassignment" parentDisplayName="Action Assignment" id="{7de7bea2-c5e0-ee11-904d-0022481c9844}" />
      </MissingDependency>
      <MissingDependency>
        <Required type="2" schemaName="ownerid" displayName="Owner" parentSchemaName="govcdm_actionassignment" parentDisplayName="Action Assignment" solution="Active" />
        <Dependent type="60" displayName="Main" parentDisplayName="Action Assignment" id="{102d9576-80ec-ee11-904c-0022481df7e6}" />
      </MissingDependency>
      <MissingDependency>
        <Required type="2" schemaName="ownerid" displayName="Owner" parentSchemaName="govcdm_actionassignment" parentDisplayName="Action Assignment" solution="Active" />
        <Dependent type="60" displayName="Information" parentDisplayName="Action Assignment" id="{6ebf4fb0-26a2-4285-b342-255b791ecb0e}" />
      </MissingDependency>
      <MissingDependency>
        <Required type="2" schemaName="ownerid" displayName="Owner" parentSchemaName="govcdm_dataform" parentDisplayName="Data Form" solution="Active" />
        <Dependent type="60" displayName="Information" parentDisplayName="Data Form" id="{54a3e317-0400-4bd8-8ea3-46b5ac10e319}" />
      </MissingDependency>
      <MissingDependency>
        <Required type="2" schemaName="ownerid" displayName="Owner" parentSchemaName="govcdm_interactiveprompt" parentDisplayName="Interactive Prompt" solution="Active" />
        <Dependent type="60" displayName="Information" parentDisplayName="Interactive Prompt" id="{58b06fc0-7e7d-4811-9767-19381aefdbbb}" />
      </MissingDependency>
      <MissingDependency>
        <Required type="2" schemaName="ownerid" displayName="Owner" parentSchemaName="govcdm_interactiveresponse" parentDisplayName="Interactive Response" solution="Active" />
        <Dependent type="60" displayName="Information" parentDisplayName="Interactive Response" id="{79d82c7a-47d1-4688-ac7f-2aec79469cd6}" />
      </MissingDependency>
      <MissingDependency>
        <Required type="2" schemaName="ownerid" displayName="Owner" parentSchemaName="govcdm_processstep" parentDisplayName="Process Step" solution="Active" />
        <Dependent type="60" displayName="Main" parentDisplayName="Process Step" id="{9d48860c-9ae0-ee11-904d-0022481c9844}" />
      </MissingDependency>
      <MissingDependency>
        <Required type="2" schemaName="ownerid" displayName="Owner" parentSchemaName="govcdm_processstep" parentDisplayName="Process Step" solution="Active" />
        <Dependent type="60" displayName="Information" parentDisplayName="Process Step" id="{fac918e4-ab15-4993-a5d7-53482f8ec45c}" />
      </MissingDependency>
      <MissingDependency>
        <Required type="2" schemaName="prioritycode" displayName="Priority" parentSchemaName="govcdm_actionassignment" parentDisplayName="Action Assignment" solution="govcdm_processandtasking (1.0.0.7)" />
        <Dependent type="60" displayName="Main" parentDisplayName="Action Assignment" id="{102d9576-80ec-ee11-904c-0022481df7e6}" />
      </MissingDependency>
      <MissingDependency>
        <Required type="2" schemaName="prioritycode" displayName="Priority" parentSchemaName="govcdm_actionassignment" parentDisplayName="Action Assignment" solution="govcdm_processandtasking (1.0.0.7)" />
        <Dependent type="60" displayName="Information" parentDisplayName="Action Assignment" id="{6ebf4fb0-26a2-4285-b342-255b791ecb0e}" />
      </MissingDependency>
      <MissingDependency>
        <Required type="2" schemaName="regardingobjectid" displayName="Regarding" parentSchemaName="govcdm_actionassignment" parentDisplayName="Action Assignment" solution="Active" />
        <Dependent type="60" displayName="Main" parentDisplayName="Action Assignment" id="{102d9576-80ec-ee11-904c-0022481df7e6}" />
      </MissingDependency>
      <MissingDependency>
        <Required type="2" schemaName="regardingobjectid" displayName="Regarding" parentSchemaName="govcdm_actionassignment" parentDisplayName="Action Assignment" solution="Active" />
        <Dependent type="60" displayName="Information" parentDisplayName="Action Assignment" id="{6ebf4fb0-26a2-4285-b342-255b791ecb0e}" />
      </MissingDependency>
      <MissingDependency>
        <Required type="2" schemaName="regardingobjectid" displayName="Regarding" parentSchemaName="govcdm_actionassignment" parentDisplayName="Action Assignment" solution="Active" />
        <Dependent type="60" displayName="Quick Create" parentDisplayName="Action Assignment" id="{b07ddb31-16df-ee11-904d-0022481c9844}" />
      </MissingDependency>
      <MissingDependency>
        <Required type="2" schemaName="scheduledend" displayName="Due Date" parentSchemaName="govcdm_actionassignment" parentDisplayName="Action Assignment" solution="govcdm_processandtasking (1.0.0.7)" />
        <Dependent type="26" schemaName="Related Action Assignments" displayName="Related Action Assignments" parentSchemaName="govcdm_actionassignment" parentDisplayName="Action Assignment" id="{7de7bea2-c5e0-ee11-904d-0022481c9844}" />
      </MissingDependency>
      <MissingDependency>
        <Required type="2" schemaName="scheduledend" displayName="Due Date" parentSchemaName="govcdm_actionassignment" parentDisplayName="Action Assignment" solution="govcdm_processandtasking (1.0.0.7)" />
        <Dependent type="60" displayName="Main" parentDisplayName="Action Assignment" id="{102d9576-80ec-ee11-904c-0022481df7e6}" />
      </MissingDependency>
      <MissingDependency>
        <Required type="2" schemaName="scheduledend" displayName="Due Date" parentSchemaName="govcdm_actionassignment" parentDisplayName="Action Assignment" solution="govcdm_processandtasking (1.0.0.7)" />
        <Dependent type="60" displayName="Information" parentDisplayName="Action Assignment" id="{6ebf4fb0-26a2-4285-b342-255b791ecb0e}" />
      </MissingDependency>
      <MissingDependency>
        <Required type="2" schemaName="scheduledend" displayName="Due Date" parentSchemaName="govcdm_actionassignment" parentDisplayName="Action Assignment" solution="govcdm_processandtasking (1.0.0.7)" />
        <Dependent type="60" displayName="Quick Create" parentDisplayName="Action Assignment" id="{b07ddb31-16df-ee11-904d-0022481c9844}" />
      </MissingDependency>
      <MissingDependency>
        <Required type="2" schemaName="statecode" displayName="Activity Status" parentSchemaName="govcdm_actionassignment" parentDisplayName="Action Assignment" solution="govcdm_processandtasking (1.0.0.7)" />
        <Dependent type="26" schemaName="Related Action Assignments" displayName="Related Action Assignments" parentSchemaName="govcdm_actionassignment" parentDisplayName="Action Assignment" id="{7de7bea2-c5e0-ee11-904d-0022481c9844}" />
      </MissingDependency>
      <MissingDependency>
        <Required type="2" schemaName="statecode" displayName="Activity Status" parentSchemaName="govcdm_actionassignment" parentDisplayName="Action Assignment" solution="govcdm_processandtasking (1.0.0.7)" />
        <Dependent type="60" displayName="Main" parentDisplayName="Action Assignment" id="{102d9576-80ec-ee11-904c-0022481df7e6}" />
      </MissingDependency>
      <MissingDependency>
        <Required type="2" schemaName="statecode" displayName="Activity Status" parentSchemaName="govcdm_actionassignment" parentDisplayName="Action Assignment" solution="govcdm_processandtasking (1.0.0.7)" />
        <Dependent type="60" displayName="Information" parentDisplayName="Action Assignment" id="{6ebf4fb0-26a2-4285-b342-255b791ecb0e}" />
      </MissingDependency>
      <MissingDependency>
        <Required type="2" schemaName="statecode" displayName="Status" parentSchemaName="govcdm_interactiveprompt" parentDisplayName="Interactive Prompt" solution="govcdm_processandtasking (1.0.0.7)" />
        <Dependent type="26" schemaName="Active Interactive Prompts" displayName="Active Interactive Prompts" parentSchemaName="govcdm_interactiveprompt" parentDisplayName="Interactive Prompt" id="{172db314-b1b3-400e-9b56-adecd6afa710}" />
      </MissingDependency>
      <MissingDependency>
        <Required type="2" schemaName="statecode" displayName="Status" parentSchemaName="govcdm_interactiveprompt" parentDisplayName="Interactive Prompt" solution="govcdm_processandtasking (1.0.0.7)" />
        <Dependent type="26" schemaName="Checklists" displayName="Checklists" parentSchemaName="govcdm_interactiveprompt" parentDisplayName="Interactive Prompt" id="{718aa655-1474-ee11-9ae7-000d3a4f73e8}" />
      </MissingDependency>
      <MissingDependency>
        <Required type="2" schemaName="statecode" displayName="Status" parentSchemaName="govcdm_interactiveprompt" parentDisplayName="Interactive Prompt" solution="govcdm_processandtasking (1.0.0.7)" />
        <Dependent type="26" schemaName="Surveys and Questionnaires" displayName="Surveys and Questionnaires" parentSchemaName="govcdm_interactiveprompt" parentDisplayName="Interactive Prompt" id="{b27cba75-1474-ee11-9ae7-000d3a4f73e8}" />
      </MissingDependency>
      <MissingDependency>
        <Required type="2" schemaName="statecode" displayName="Status" parentSchemaName="govcdm_interactiveresponse" parentDisplayName="Interactive Response" solution="govcdm_processandtasking (1.0.0.7)" />
        <Dependent type="26" schemaName="Active Interactive Responses" displayName="Active Interactive Responses" parentSchemaName="govcdm_interactiveresponse" parentDisplayName="Interactive Response" id="{2760503a-1186-4efa-9184-2cf96f40bcea}" />
      </MissingDependency>
      <MissingDependency>
        <Required type="2" schemaName="statecode" displayName="Status" parentSchemaName="govcdm_processstep" parentDisplayName="Process Step" solution="govcdm_processandtasking (1.0.0.7)" />
        <Dependent type="26" schemaName="Process / Step Lookup View" displayName="Process / Step Lookup View" parentSchemaName="govcdm_processstep" parentDisplayName="Process Step" id="{bb894760-9ed2-4342-83f3-e59a11acf6d0}" />
      </MissingDependency>
      <MissingDependency>
        <Required type="2" schemaName="statecode" displayName="Status" parentSchemaName="govcdm_processstep" parentDisplayName="Process Step" solution="govcdm_processandtasking (1.0.0.7)" />
        <Dependent type="26" schemaName="Process Templates" displayName="Process Templates" parentSchemaName="govcdm_processstep" parentDisplayName="Process Step" id="{c7c56eeb-5d40-ee11-bdf3-000d3a5a7dcf}" />
      </MissingDependency>
      <MissingDependency>
        <Required type="2" schemaName="subject" displayName="Subject" parentSchemaName="govcdm_actionassignment" parentDisplayName="Action Assignment" solution="govcdm_processandtasking (1.0.0.7)" />
        <Dependent type="26" schemaName="Related Action Assignments" displayName="Related Action Assignments" parentSchemaName="govcdm_actionassignment" parentDisplayName="Action Assignment" id="{7de7bea2-c5e0-ee11-904d-0022481c9844}" />
      </MissingDependency>
      <MissingDependency>
        <Required type="2" schemaName="subject" displayName="Subject" parentSchemaName="govcdm_actionassignment" parentDisplayName="Action Assignment" solution="govcdm_processandtasking (1.0.0.7)" />
        <Dependent type="60" displayName="Main" parentDisplayName="Action Assignment" id="{102d9576-80ec-ee11-904c-0022481df7e6}" />
      </MissingDependency>
      <MissingDependency>
        <Required type="2" schemaName="subject" displayName="Subject" parentSchemaName="govcdm_actionassignment" parentDisplayName="Action Assignment" solution="govcdm_processandtasking (1.0.0.7)" />
        <Dependent type="60" displayName="Information" parentDisplayName="Action Assignment" id="{6ebf4fb0-26a2-4285-b342-255b791ecb0e}" />
      </MissingDependency>
      <MissingDependency>
        <Required type="2" schemaName="subject" displayName="Subject" parentSchemaName="govcdm_actionassignment" parentDisplayName="Action Assignment" solution="govcdm_processandtasking (1.0.0.7)" />
        <Dependent type="60" displayName="Quick Create" parentDisplayName="Action Assignment" id="{b07ddb31-16df-ee11-904d-0022481c9844}" />
      </MissingDependency>
      <MissingDependency>
        <Required type="26" schemaName="Active Interactive Prompts" displayName="Active Interactive Prompts" parentSchemaName="govcdm_interactiveprompt" parentDisplayName="Interactive Prompt" solution="govcdm_processandtasking (1.0.0.7)" id="{172db314-b1b3-400e-9b56-adecd6afa710}" />
        <Dependent type="26" schemaName="Active Interactive Prompts" displayName="Active Interactive Prompts" parentSchemaName="govcdm_interactiveprompt" parentDisplayName="Interactive Prompt" id="{172db314-b1b3-400e-9b56-adecd6afa710}" />
      </MissingDependency>
      <MissingDependency>
        <Required type="26" schemaName="Active Interactive Responses" displayName="Active Interactive Responses" parentSchemaName="govcdm_interactiveresponse" parentDisplayName="Interactive Response" solution="govcdm_processandtasking (1.0.0.7)" id="{2760503a-1186-4efa-9184-2cf96f40bcea}" />
        <Dependent type="26" schemaName="Active Interactive Responses" displayName="Active Interactive Responses" parentSchemaName="govcdm_interactiveresponse" parentDisplayName="Interactive Response" id="{2760503a-1186-4efa-9184-2cf96f40bcea}" />
      </MissingDependency>
      <MissingDependency>
        <Required type="26" schemaName="Active Processes / Steps" displayName="Active Processes / Steps" parentSchemaName="govcdm_processstep" parentDisplayName="Process Step" solution="govcdm_processandtasking (1.0.0.7)" id="{0c0182d3-6a27-4819-9d2f-8b784993de9a}" />
        <Dependent type="60" displayName="Main" parentDisplayName="Process Step" id="{9d48860c-9ae0-ee11-904d-0022481c9844}" />
      </MissingDependency>
      <MissingDependency>
        <Required type="26" schemaName="Active Processes / Steps" displayName="Active Processes / Steps" parentSchemaName="govcdm_processstep" parentDisplayName="Process Step" solution="govcdm_processandtasking (1.0.0.7)" id="{0c0182d3-6a27-4819-9d2f-8b784993de9a}" />
        <Dependent type="60" displayName="Information" parentDisplayName="Process Step" id="{fac918e4-ab15-4993-a5d7-53482f8ec45c}" />
      </MissingDependency>
      <MissingDependency>
        <Required type="26" schemaName="All Action Assignments" displayName="All Action Assignments" parentSchemaName="govcdm_actionassignment" parentDisplayName="Action Assignment" solution="govcdm_processandtasking (1.0.0.7)" id="{77e7e754-367c-4db1-9a98-442057efe829}" />
        <Dependent type="60" displayName="Main" parentDisplayName="Action Assignment" id="{102d9576-80ec-ee11-904c-0022481df7e6}" />
      </MissingDependency>
      <MissingDependency>
        <Required type="26" schemaName="All Action Assignments" displayName="All Action Assignments" parentSchemaName="govcdm_actionassignment" parentDisplayName="Action Assignment" solution="govcdm_processandtasking (1.0.0.7)" id="{77e7e754-367c-4db1-9a98-442057efe829}" />
        <Dependent type="60" displayName="Person - Process and Tasking" parentDisplayName="Person" id="{28d2abed-a33f-ee11-bdf3-000d3a5a7dcf}" />
      </MissingDependency>
      <MissingDependency>
        <Required type="26" schemaName="All Action Assignments" displayName="All Action Assignments" parentSchemaName="govcdm_actionassignment" parentDisplayName="Action Assignment" solution="govcdm_processandtasking (1.0.0.7)" id="{77e7e754-367c-4db1-9a98-442057efe829}" />
        <Dependent type="60" displayName="Information" parentDisplayName="Action Assignment" id="{6ebf4fb0-26a2-4285-b342-255b791ecb0e}" />
      </MissingDependency>
      <MissingDependency>
        <Required type="26" schemaName="All Action Assignments" displayName="All Action Assignments" parentSchemaName="govcdm_actionassignment" parentDisplayName="Action Assignment" solution="govcdm_processandtasking (1.0.0.7)" id="{77e7e754-367c-4db1-9a98-442057efe829}" />
        <Dependent type="60" displayName="Action Items" id="{99a3c479-6540-ee11-bdf3-000d3a5a7dcf}" />
      </MissingDependency>
      <MissingDependency>
        <Required type="26" schemaName="My Open Action Assignments" displayName="My Open Action Assignments" parentSchemaName="govcdm_actionassignment" parentDisplayName="Action Assignment" solution="govcdm_processandtasking (1.0.0.7)" id="{c820b5e7-dc3b-4953-a188-8fa99aa53caf}" />
        <Dependent type="60" displayName="Main" parentDisplayName="Action Assignment" id="{102d9576-80ec-ee11-904c-0022481df7e6}" />
      </MissingDependency>
      <MissingDependency>
        <Required type="26" schemaName="My Open Action Assignments" displayName="My Open Action Assignments" parentSchemaName="govcdm_actionassignment" parentDisplayName="Action Assignment" solution="govcdm_processandtasking (1.0.0.7)" id="{c820b5e7-dc3b-4953-a188-8fa99aa53caf}" />
        <Dependent type="60" displayName="Person - Process and Tasking" parentDisplayName="Person" id="{28d2abed-a33f-ee11-bdf3-000d3a5a7dcf}" />
      </MissingDependency>
      <MissingDependency>
        <Required type="26" schemaName="My Open Action Assignments" displayName="My Open Action Assignments" parentSchemaName="govcdm_actionassignment" parentDisplayName="Action Assignment" solution="govcdm_processandtasking (1.0.0.7)" id="{c820b5e7-dc3b-4953-a188-8fa99aa53caf}" />
        <Dependent type="60" displayName="Information" parentDisplayName="Action Assignment" id="{6ebf4fb0-26a2-4285-b342-255b791ecb0e}" />
      </MissingDependency>
      <MissingDependency>
        <Required type="26" schemaName="My Open Action Assignments" displayName="My Open Action Assignments" parentSchemaName="govcdm_actionassignment" parentDisplayName="Action Assignment" solution="govcdm_processandtasking (1.0.0.7)" id="{c820b5e7-dc3b-4953-a188-8fa99aa53caf}" />
        <Dependent type="60" displayName="Action Items" id="{99a3c479-6540-ee11-bdf3-000d3a5a7dcf}" />
      </MissingDependency>
      <MissingDependency>
        <Required type="26" schemaName="Process / Step Advanced Find View" displayName="Process / Step Advanced Find View" parentSchemaName="govcdm_processstep" parentDisplayName="Process Step" solution="govcdm_processandtasking (1.0.0.7)" id="{7dab73c7-6ae1-4739-8f85-48ef1a814709}" />
        <Dependent type="80" schemaName="msfed_ProcessandTasking" displayName="Process and Tasking" />
      </MissingDependency>
      <MissingDependency>
        <Required type="26" schemaName="Process / Step Associated View" displayName="Process / Step Associated View" parentSchemaName="govcdm_processstep" parentDisplayName="Process Step" solution="govcdm_processandtasking (1.0.0.7)" id="{0b10e62b-c88c-4f08-96f8-5b5223524f8f}" />
        <Dependent type="80" schemaName="msfed_ProcessandTasking" displayName="Process and Tasking" />
      </MissingDependency>
      <MissingDependency>
        <Required type="26" schemaName="Process / Step Lookup View" displayName="Process / Step Lookup View" parentSchemaName="govcdm_processstep" parentDisplayName="Process Step" solution="govcdm_processandtasking (1.0.0.7)" id="{bb894760-9ed2-4342-83f3-e59a11acf6d0}" />
        <Dependent type="26" schemaName="Process / Step Lookup View" displayName="Process / Step Lookup View" parentSchemaName="govcdm_processstep" parentDisplayName="Process Step" id="{bb894760-9ed2-4342-83f3-e59a11acf6d0}" />
      </MissingDependency>
      <MissingDependency>
        <Required type="26" schemaName="Quick Find Active Processes / Steps" displayName="Quick Find Active Processes / Steps" parentSchemaName="govcdm_processstep" parentDisplayName="Process Step" solution="govcdm_processandtasking (1.0.0.7)" id="{02fe129d-ce83-43d6-afba-950ed066948c}" />
        <Dependent type="80" schemaName="msfed_ProcessandTasking" displayName="Process and Tasking" />
      </MissingDependency>
      <MissingDependency>
        <Required type="60" displayName="Information" parentDisplayName="Action Assignment" solution="govcdm_processandtasking (1.0.0.7)" id="{35bcc41d-5344-4e4c-9377-01812de67c8f}" />
        <Dependent type="80" schemaName="msfed_ProcessandTasking" displayName="Process and Tasking" />
      </MissingDependency>
      <MissingDependency>
        <Required type="60" displayName="Information" parentDisplayName="Data Form" solution="govcdm_processandtasking (1.0.0.7)" id="{54a3e317-0400-4bd8-8ea3-46b5ac10e319}" />
        <Dependent type="60" displayName="Information" parentDisplayName="Data Form" id="{54a3e317-0400-4bd8-8ea3-46b5ac10e319}" />
      </MissingDependency>
      <MissingDependency>
        <Required type="60" displayName="Information" parentDisplayName="Interactive Prompt" solution="govcdm_processandtasking (1.0.0.7)" id="{58b06fc0-7e7d-4811-9767-19381aefdbbb}" />
        <Dependent type="60" displayName="Information" parentDisplayName="Interactive Prompt" id="{58b06fc0-7e7d-4811-9767-19381aefdbbb}" />
      </MissingDependency>
      <MissingDependency>
        <Required type="60" displayName="Information" parentDisplayName="Action Assignment" solution="govcdm_processandtasking (1.0.0.7)" id="{6ebf4fb0-26a2-4285-b342-255b791ecb0e}" />
        <Dependent type="60" displayName="Information" parentDisplayName="Action Assignment" id="{6ebf4fb0-26a2-4285-b342-255b791ecb0e}" />
      </MissingDependency>
      <MissingDependency>
        <Required type="60" displayName="Information" parentDisplayName="Interactive Response" solution="govcdm_processandtasking (1.0.0.7)" id="{79d82c7a-47d1-4688-ac7f-2aec79469cd6}" />
        <Dependent type="60" displayName="Information" parentDisplayName="Interactive Response" id="{79d82c7a-47d1-4688-ac7f-2aec79469cd6}" />
      </MissingDependency>
      <MissingDependency>
        <Required type="60" displayName="Information" parentDisplayName="Process Step" solution="govcdm_processandtasking (1.0.0.7)" id="{fac918e4-ab15-4993-a5d7-53482f8ec45c}" />
        <Dependent type="60" displayName="Information" parentDisplayName="Process Step" id="{fac918e4-ab15-4993-a5d7-53482f8ec45c}" />
      </MissingDependency>
      <MissingDependency>
        <Required type="61" schemaName="msdyn_/Images/AppModule_Default_Icon.png" displayName="msdyn_/Images/AppModule_Default_Icon.png" solution="AppModuleWebResources (2.5)" />
        <Dependent type="80" schemaName="msfed_ProcessandTasking" displayName="Process and Tasking" />
      </MissingDependency>
      <MissingDependency>
        <Required type="66" schemaName="msfed_MicrosoftPCF.IFrameControl" displayName="msfed_MicrosoftPCF.IFrameControl" solution="msfed_pcfiframe (1.0.0.0)" />
        <Dependent type="300" schemaName="msfed_dataforms_77fdb" displayName="Data Forms" />
      </MissingDependency>
    </MissingDependencies>
  </SolutionManifest>
</ImportExportXml>