{
  "properties": {
    "connectionReferences": {
      "shared_commondataservice": {
        "runtimeSource": "invoker",
        "connection": {
          "connectionReferenceLogicalName": "msgov_sharedcommondataserviceforapps_d7f8d"
        },
        "api": {
          "name": "shared_commondataservice"
        }
      },
      "shared_office365": {
        "runtimeSource": "invoker",
        "connection": {
          "connectionReferenceLogicalName": "msgov_sharedoffice365_9f6d5"
        },
        "api": {
          "name": "shared_office365"
        }
      }
    },
    "definition": {
      "$schema": "https://schema.management.azure.com/providers/Microsoft.Logic/schemas/2016-06-01/workflowdefinition.json#",
      "contentVersion": "1.0.0.0",
      "parameters": {
        "$connections": {
          "defaultValue": {},
          "type": "Object"
        },
        "$authentication": {
          "defaultValue": {},
          "type": "SecureObject"
        }
      },
      "triggers": {
        "manual": {
          "splitOn": "@triggerBody()['rows']",
          "metadata": {
            "operationMetadataId": "7c8128df-ef27-4192-80e9-e7001e5563f6"
          },
          "type": "Request",
          "kind": "ApiConnection",
          "inputs": {
            "schema": {
              "type": "object",
              "properties": {
                "rows": {
                  "type": "array",
                  "items": {
                    "type": "object",
                    "properties": {
                      "entity": {
                        "type": "object",
                        "properties": {
                          "govcdm_personnelcvtriggerid": {
                            "title": "Personnel CV Trigger",
                            "type": "string",
                            "format": "guid"
                          },
                          "_ownerid_value": {
                            "title": "Owner",
                            "type": "string",
                            "format": "guid"
                          },
                          "govcdm_name": {
                            "title": "Name",
                            "type": "string"
                          }
                        },
                        "required": [
                          "govcdm_personnelcvtriggerid"
                        ]
                      }
                    },
                    "required": [
                      "entity"
                    ]
                  }
                }
              },
              "required": [
                "rows"
              ]
            },
            "host": {
              "connection": {
                "name": "@parameters('$connections')['shared_commondataservice']['connectionId']"
              }
            },
            "operationId": "GetOnNewItems_V2",
            "parameters": {
              "dataset": "default.cds",
              "table": "govcdm_personnelcvtriggers"
            }
          }
        }
      },
      "actions": {
        "Send_an_email_(V2)": {
          "runAfter": {},
          "metadata": {
            "operationMetadataId": "799c45bd-7683-4137-a558-fffa9febd300"
          },
          "type": "OpenApiConnection",
          "inputs": {
            "host": {
              "connectionName": "shared_office365",
              "operationId": "SendEmailV2",
              "apiId": "/providers/Microsoft.PowerApps/apis/shared_office365"
            },
            "parameters": {
              "emailMessage/To": "jeremyho@FedAIRSGCC.onmicrosoft.com",
              "emailMessage/Subject": "Continuous Vetting Alert",
              "emailMessage/Body": "<p>A Continuous Vetting (CV) trigger has been recorded for @{triggerBody()?['entity']?['govcdm_name']}.<br>\nPlease review the trigger and determine whether further investigation or escalation is required.</p>",
              "emailMessage/Importance": "Normal"
            },
            "authentication": {
              "type": "Raw",
              "value": "@json(decodeBase64(triggerOutputs().headers['X-MS-APIM-Tokens']))['$ConnectionKey']"
            }
          }
        }
      }
    },
    "templateName": ""
  },
  "schemaVersion": "1.0.0.0"
}