<appaction uniquename="msgov__NewGroup!4abae419b9d645b0a9078835812e2450!msgov_ProcessandTasking!contact!0">
  <appmoduleid>
    <uniquename>msgov_ProcessandTasking</uniquename>
  </appmoduleid>
  <context>1</context>
  <contextentity>
    <logicalname>contact</logicalname>
  </contextentity>
  <contextvalue>contact</contextvalue>
  <grouptitle default="NewGroup">
    <label description="NewGroup" languagecode="1033" />
  </grouptitle>
  <hidden>0</hidden>
  <iscustomizable>1</iscustomizable>
  <isdisabled>0</isdisabled>
  <isgrouptitlehidden>1</isgrouptitlehidden>
  <location>0</location>
  <name>NewGroup!4abae419b9d645b0a9078835812e2450</name>
  <onclickeventtype>0</onclickeventtype>
  <origin>0</origin>
  <parentappactionid>
    <uniquename>msgov__ProcessandTasking!42dd7bd83d0544b6b41b23aa97b414f0!msgov_ProcessandTasking!contact!0</uniquename>
  </parentappactionid>
  <sequence>10000.0000000000</sequence>
  <statecode>0</statecode>
  <statuscode>1</statuscode>
  <type>3</type>
</appaction>