<powerpagecomponent powerpagecomponentid="59709414-0be9-4381-a570-5c90325627f8">
  <content>{
  "display_name": "Footer Phone",
  "type": 756150001,
  "value": "(555) 123-4567"
}</content>
  <iscustomizable>1</iscustomizable>
  <name>Footer Phone</name>
  <powerpagecomponenttype>7</powerpagecomponenttype>
  <powerpagesiteid>
    <powerpagesiteid>add6fceb-252c-456e-bead-89dbed3b19c5</powerpagesiteid>
  </powerpagesiteid>
  <powerpagesitelanguageid>
    <powerpagesitelanguageid>478b893f-eef8-4927-ac86-ba2f4f37d706</powerpagesitelanguageid>
  </powerpagesitelanguageid>
  <statecode>0</statecode>
  <statuscode>1</statuscode>
</powerpagecomponent>