<powerpagecomponent powerpagecomponentid="e98e5d86-de8a-4782-9c0d-682f21e76cda">
  <content>{"enabletracking":false,"excludefromsearch":false,"hiddenfromsitemap":false,"parentpageid":"4c0dafbd-c00f-48ac-9b6a-890cb257d854","partialurl":"Cat-PC.png","publishingstateid":"bb41cbbb-c85a-4db5-a56e-a669cb132666"}</content>
  <filecontent mimetype="application/octet-stream">Cat-PC.png</filecontent>
  <iscustomizable>1</iscustomizable>
  <name>Cat-PC.png</name>
  <powerpagecomponenttype>3</powerpagecomponenttype>
  <powerpagesiteid>
    <powerpagesiteid>add6fceb-252c-456e-bead-89dbed3b19c5</powerpagesiteid>
  </powerpagesiteid>
  <statecode>0</statecode>
  <statuscode>1</statuscode>
</powerpagecomponent>