﻿<?xml version="1.0" encoding="utf-8"?>
<ImportExportXml xmlns:xsi="http://www.w3.org/2001/XMLSchema-instance" OrganizationVersion="9.2.25083.183" OrganizationSchemaType="Standard" CRMServerServiceabilityVersion="9.2.25083.00183">
  <Entities>
    <Entity>
      <Name LocalizedName="Activity" OriginalName="Activity">ActivityPointer</Name>
      <RibbonDiffXml>
        <CustomActions />
        <Templates>
          <RibbonTemplates Id="Mscrm.Templates"></RibbonTemplates>
        </Templates>
        <CommandDefinitions />
        <RuleDefinitions>
          <TabDisplayRules />
          <DisplayRules />
          <EnableRules />
        </RuleDefinitions>
        <LocLabels />
      </RibbonDiffXml>
      <CustomControlDefaultConfigs>
        <CustomControlDefaultConfig>
          <ControlDescriptionXML>
            <controlDescriptions>
              <controlDescription>
                <customControl id="{E7A81278-8635-4d9e-8D4D-59480B391C5B}">
                  <parameters />
                </customControl>
                <customControl formFactor="0" name="MscrmControls.ActivityCalendarControl.ActivityCalendarControl">
                  <parameters>
                    <data-set name="Calendar">
                      <StartDate>scheduledstart</StartDate>
                      <Description>subject</Description>
                      <EndDate>scheduledend</EndDate>
                    </data-set>
                  </parameters>
                </customControl>
                <customControl formFactor="1" name="MscrmControls.ActivityCalendarControl.ActivityCalendarControl">
                  <parameters>
                    <data-set name="Calendar">
                      <StartDate>scheduledstart</StartDate>
                      <Description>subject</Description>
                      <EndDate>scheduledend</EndDate>
                    </data-set>
                  </parameters>
                </customControl>
                <customControl formFactor="2" name="MscrmControls.ActivityCalendarControl.ActivityCalendarControl">
                  <parameters>
                    <data-set name="Calendar">
                      <StartDate>scheduledstart</StartDate>
                      <Description>subject</Description>
                      <EndDate>scheduledend</EndDate>
                    </data-set>
                  </parameters>
                </customControl>
              </controlDescription>
            </controlDescriptions>
          </ControlDescriptionXML>
          <IntroducedVersion>5.0</IntroducedVersion>
        </CustomControlDefaultConfig>
      </CustomControlDefaultConfigs>
    </Entity>
    <Entity>
      <Name LocalizedName="Bookable Resource" OriginalName="Bookable Resource">govcdm_BookableResource</Name>
      <FormXml>
        <forms type="quickCreate">
          <systemform>
            <formid>{e9d05192-b571-ee11-9ae7-6045bd0062b9}</formid>
            <IntroducedVersion>1.0.0.0</IntroducedVersion>
            <FormPresentation>1</FormPresentation>
            <FormActivationState>1</FormActivationState>
            <form>
              <tabs>
                <tab id="F931FFE2-B873-473F-8F95-9502F0AA3F5E" name="tab_1" showlabel="false" labelid="{013f9f7c-0e58-4e15-a3d3-2cddee3f2a29}">
                  <labels>
                    <label description="New Tab" languagecode="1033" />
                  </labels>
                  <columns>
                    <column width="34%">
                      <sections>
                        <section id="0C655D4E-C6E3-424E-9AF5-71E72D30D12E" name="tab_1_column_1_section_1" columns="1" showlabel="true" showbar="false" IsUserDefined="0" labelwidth="130" labelid="{993b79d1-99c6-4a37-914a-c5fd0f6e6fd0}">
                          <labels>
                            <label description="New Section" languagecode="1033" />
                          </labels>
                          <rows>
                            <row>
                              <cell id="542FBFBE-0E4C-496C-8012-555DE6581923" labelid="{9a3f5c43-1cb7-4297-90f9-7f5c303e433e}">
                                <labels>
                                  <label description="" languagecode="1033" />
                                </labels>
                              </cell>
                            </row>
                            <row>
                              <cell id="{0338c735-ab35-4624-bec9-edd9cc9d27f0}" locklevel="0" colspan="1" rowspan="1" labelid="{6f803119-a19a-495c-9f8f-2cd2cfde8658}">
                                <labels>
                                  <label description="Name" languagecode="1033" />
                                </labels>
                                <control id="govcdm_name" classid="{4273EDBD-AC1D-40D3-9FB2-095C621B552D}" datafieldname="govcdm_name" disabled="false" />
                              </cell>
                            </row>
                          </rows>
                        </section>
                      </sections>
                    </column>
                    <column width="33%">
                      <sections>
                        <section id="02DECBA0-3AE2-484D-A19F-C5353AF4F4F2" name="tab_1_column_2_section_1" columns="1" showlabel="true" showbar="false" IsUserDefined="0" labelwidth="130" labelid="{76d9d744-b495-4f12-bd70-317dd8b3a43e}">
                          <labels>
                            <label description="New Section" languagecode="1033" />
                          </labels>
                          <rows>
                            <row>
                              <cell id="266FE48D-4D04-4E9A-8C5A-7DEF9A2F059B" labelid="{138f2350-7470-4bb5-a0a6-a367ce8e6014}">
                                <labels>
                                  <label description="" languagecode="1033" />
                                </labels>
                              </cell>
                            </row>
                          </rows>
                        </section>
                      </sections>
                    </column>
                    <column width="33%">
                      <sections>
                        <section id="46FD66EA-B686-41D9-AAE0-C565BD78EC1F" name="tab_1_column_3_section_1" columns="1" showlabel="true" showbar="false" IsUserDefined="0" labelwidth="130" labelid="{85e53ffd-f881-46a4-9475-3e52ac1a4c85}">
                          <labels>
                            <label description="New Section" languagecode="1033" />
                          </labels>
                          <rows>
                            <row>
                              <cell id="07C04A4E-A482-45CC-BAB7-7FCA3CD02938" labelid="{95da9e33-6085-4184-8a72-c559c4fcf3a3}">
                                <labels>
                                  <label description="" languagecode="1033" />
                                </labels>
                              </cell>
                            </row>
                          </rows>
                        </section>
                      </sections>
                    </column>
                  </columns>
                </tab>
              </tabs>
              <DisplayConditions Order="0" FallbackForm="true">
                <Role Id="{627090ff-40a3-4053-8790-584edc5be201}" />
                <Role Id="{119f245c-3cc8-4b62-b31c-d1a046ced15d}" />
              </DisplayConditions>
            </form>
            <IsCustomizable>1</IsCustomizable>
            <CanBeDeleted>1</CanBeDeleted>
            <LocalizedNames>
              <LocalizedName description="Bookable Resource Quick Create" languagecode="1033" />
            </LocalizedNames>
          </systemform>
        </forms>
        <forms type="main">
          <systemform>
            <formid>{ffa05bca-e4ae-46b9-b957-dbc626987ee5}</formid>
            <IntroducedVersion>1.0</IntroducedVersion>
            <FormPresentation>1</FormPresentation>
            <FormActivationState>1</FormActivationState>
            <form headerdensity="HighWithControls" solutionaction="Modified">
              <tabs>
                <tab verticallayout="true" id="{b4b5718b-f184-4a1b-96e7-0ceba91c19c3}" IsUserDefined="1" ordinalvalue="0">
                  <columns>
                    <column width="100%" id="0">
                      <sections>
                        <section name="null_section_3" id="62812491-4894-48cf-b738-be2daf499374" IsUserDefined="0" locklevel="0" showlabel="true" showbar="false" layout="varwidth" celllabelalignment="Left" celllabelposition="Left" columns="1" labelwidth="115" ordinalvalue="1" solutionaction="Added">
                          <labels>
                            <label description="Reservations" languagecode="1033" />
                          </labels>
                          <rows>
                            <row>
                              <cell locklevel="0" id="{83170c0d-e202-4a89-9131-c49ab2ec22fb}" rowspan="4" colspan="1" auto="false" showlabel="false" ordinalvalue="10000">
                                <labels>
                                  <label description="New SG control 1698072682188" languagecode="1033" />
                                </labels>
                                <control indicationOfSubgrid="true" id="Subgrid_new_1" classid="{E7A81278-8635-4D9E-8D4D-59480B391C5B}">
                                  <parameters>
                                    <RecordsPerPage>4</RecordsPerPage>
                                    <AutoExpand>Fixed</AutoExpand>
                                    <EnableQuickFind>false</EnableQuickFind>
                                    <EnableViewPicker>false</EnableViewPicker>
                                    <EnableChartPicker>true</EnableChartPicker>
                                    <ChartGridMode>All</ChartGridMode>
                                    <TargetEntityType>govcdm_bookableresourcereservation</TargetEntityType>
                                    <ViewId>{504752FC-ED36-422C-9454-557A6A6CEF70}</ViewId>
                                    <ViewIds>{504752FC-ED36-422C-9454-557A6A6CEF70}</ViewIds>
                                    <RelationshipName>govcdm_govcdm_bookableresourcereservation_Bookab</RelationshipName>
                                  </parameters>
                                </control>
                              </cell>
                            </row>
                            <row />
                            <row />
                            <row />
                          </rows>
                        </section>
                      </sections>
                    </column>
                  </columns>
                </tab>
              </tabs>
              <header id="{3bd7245c-3656-4d76-bdbd-f22903f28999}" celllabelposition="Top" columns="111" labelwidth="115" celllabelalignment="Left" solutionaction="Added">
                <rows></rows>
              </header>
              <footer id="{43c398d7-a8e9-48ad-ba87-ef29f265f402}" celllabelposition="Top" columns="111" labelwidth="115" celllabelalignment="Left" solutionaction="Added">
                <rows></rows>
              </footer>
              <DisplayConditions Order="0" FallbackForm="true" solutionaction="Added">
                <Everyone />
              </DisplayConditions>
            </form>
            <LocalizedNames>
              <LocalizedName description="Information" languagecode="1033" />
            </LocalizedNames>
            <Descriptions>
              <Description description="A form for this entity." languagecode="1033" />
            </Descriptions>
          </systemform>
        </forms>
      </FormXml>
      <RibbonDiffXml>
        <CustomActions />
        <Templates>
          <RibbonTemplates Id="Mscrm.Templates"></RibbonTemplates>
        </Templates>
        <CommandDefinitions />
        <RuleDefinitions>
          <TabDisplayRules />
          <DisplayRules />
          <EnableRules />
        </RuleDefinitions>
        <LocLabels />
      </RibbonDiffXml>
    </Entity>
    <Entity>
      <Name LocalizedName="Bookable Resource Payment" OriginalName="Bookable Resource Payment">govcdm_BookableResourcePayment</Name>
      <FormXml>
        <forms type="quickCreate">
          <systemform>
            <formid>{d6b1656f-b671-ee11-9ae7-6045bd0062b9}</formid>
            <IntroducedVersion>1.0.0.0</IntroducedVersion>
            <FormPresentation>1</FormPresentation>
            <FormActivationState>1</FormActivationState>
            <form>
              <tabs>
                <tab id="F931FFE2-B873-473F-8F95-9502F0AA3F5E" name="tab_1" showlabel="false" labelid="{9fcaed19-5ce1-40dd-b8a8-72cce463dba7}">
                  <labels>
                    <label description="New Tab" languagecode="1033" />
                  </labels>
                  <columns>
                    <column width="34%">
                      <sections>
                        <section id="0C655D4E-C6E3-424E-9AF5-71E72D30D12E" name="tab_1_column_1_section_1" columns="1" showlabel="true" showbar="false" IsUserDefined="0" labelwidth="130" labelid="{665ac591-d13f-4048-9dbb-8248c11b7cc8}">
                          <labels>
                            <label description="New Section" languagecode="1033" />
                          </labels>
                          <rows>
                            <row>
                              <cell id="542FBFBE-0E4C-496C-8012-555DE6581923" labelid="{a1f8bdb9-9926-4110-92e1-a5f63c106cc7}">
                                <labels>
                                  <label description="" languagecode="1033" />
                                </labels>
                              </cell>
                            </row>
                            <row>
                              <cell id="{6eae28ea-07a9-4113-8194-0ef8cf65bfeb}" locklevel="0" colspan="1" rowspan="1" labelid="{018510ed-dfa9-4f5a-9554-30b68bcca582}">
                                <labels>
                                  <label description="Bookable Resource Reservation" languagecode="1033" />
                                </labels>
                                <control id="govcdm_bookableresourcereservation" classid="{270BD3DB-D9AF-4782-9025-509E298DEC0A}" datafieldname="govcdm_bookableresourcereservation" disabled="false" />
                              </cell>
                            </row>
                          </rows>
                        </section>
                      </sections>
                    </column>
                    <column width="33%">
                      <sections>
                        <section id="02DECBA0-3AE2-484D-A19F-C5353AF4F4F2" name="tab_1_column_2_section_1" columns="1" showlabel="true" showbar="false" IsUserDefined="0" labelwidth="130" labelid="{59e7b005-0fcf-4a32-8666-44fed1a72420}">
                          <labels>
                            <label description="New Section" languagecode="1033" />
                          </labels>
                          <rows>
                            <row>
                              <cell id="266FE48D-4D04-4E9A-8C5A-7DEF9A2F059B" labelid="{f56d2f16-3e8a-416a-bd85-537e2f82db7b}">
                                <labels>
                                  <label description="" languagecode="1033" />
                                </labels>
                              </cell>
                            </row>
                          </rows>
                        </section>
                      </sections>
                    </column>
                    <column width="33%">
                      <sections>
                        <section id="46FD66EA-B686-41D9-AAE0-C565BD78EC1F" name="tab_1_column_3_section_1" columns="1" showlabel="true" showbar="false" IsUserDefined="0" labelwidth="130" labelid="{10db3132-1b6e-4a16-8edc-a4c053ccdd71}">
                          <labels>
                            <label description="New Section" languagecode="1033" />
                          </labels>
                          <rows>
                            <row>
                              <cell id="07C04A4E-A482-45CC-BAB7-7FCA3CD02938" labelid="{d1619868-6105-400f-88eb-37dc4b80ea6c}">
                                <labels>
                                  <label description="" languagecode="1033" />
                                </labels>
                              </cell>
                            </row>
                          </rows>
                        </section>
                      </sections>
                    </column>
                  </columns>
                </tab>
              </tabs>
              <DisplayConditions Order="0" FallbackForm="true">
                <Role Id="{627090ff-40a3-4053-8790-584edc5be201}" />
                <Role Id="{119f245c-3cc8-4b62-b31c-d1a046ced15d}" />
              </DisplayConditions>
            </form>
            <IsCustomizable>1</IsCustomizable>
            <CanBeDeleted>1</CanBeDeleted>
            <LocalizedNames>
              <LocalizedName description="Bookable Resource Payment Quick Create" languagecode="1033" />
            </LocalizedNames>
          </systemform>
        </forms>
      </FormXml>
      <SavedQueries>
        <savedqueries>
          <savedquery>
            <isquickfindquery>0</isquickfindquery>
            <isprivate>0</isprivate>
            <isdefault>1</isdefault>
            <savedqueryid>{69f02639-5e18-46dc-895a-8a1ad5541d7b}</savedqueryid>
            <layoutxml>
              <grid name="resultset" jump="govcdm_name" select="1" icon="1" preview="1">
                <row name="result" id="govcdm_bookableresourcepaymentid">
                  <cell name="govcdm_name" width="300" />
                  <cell name="createdon" width="125" />
                </row>
              </grid>
            </layoutxml>
            <querytype>0</querytype>
            <fetchxml>
              <fetch version="1.0" mapping="logical">
                <entity name="govcdm_bookableresourcepayment">
                  <attribute name="govcdm_bookableresourcepaymentid" />
                  <attribute name="govcdm_name" />
                  <attribute name="createdon" />
                  <order attribute="govcdm_name" descending="false" />
                  <filter type="and">
                    <condition attribute="statecode" operator="eq" value="0" />
                  </filter>
                </entity>
              </fetch>
            </fetchxml>
            <IntroducedVersion>1.0</IntroducedVersion>
            <LocalizedNames>
              <LocalizedName description="Active Bookable Resource Payments" languagecode="1033" />
            </LocalizedNames>
          </savedquery>
        </savedqueries>
      </SavedQueries>
      <RibbonDiffXml>
        <CustomActions />
        <Templates>
          <RibbonTemplates Id="Mscrm.Templates"></RibbonTemplates>
        </Templates>
        <CommandDefinitions />
        <RuleDefinitions>
          <TabDisplayRules />
          <DisplayRules />
          <EnableRules />
        </RuleDefinitions>
        <LocLabels />
      </RibbonDiffXml>
    </Entity>
    <Entity>
      <Name LocalizedName="Bookable Resource Reservation" OriginalName="Bookable Resource Reservation">govcdm_BookableResourceReservation</Name>
      <FormXml>
        <forms type="quickCreate">
          <systemform>
            <formid>{7986868a-b671-ee11-9ae7-6045bd0062b9}</formid>
            <IntroducedVersion>1.0.0.0</IntroducedVersion>
            <FormPresentation>1</FormPresentation>
            <FormActivationState>1</FormActivationState>
            <form>
              <tabs>
                <tab id="F931FFE2-B873-473F-8F95-9502F0AA3F5E" name="tab_1" showlabel="false" labelid="{3b37c310-554e-4ef9-a5f7-720882ab1c7a}">
                  <labels>
                    <label description="New Tab" languagecode="1033" />
                  </labels>
                  <columns>
                    <column width="34%">
                      <sections>
                        <section id="0C655D4E-C6E3-424E-9AF5-71E72D30D12E" name="tab_1_column_1_section_1" columns="1" showlabel="true" showbar="false" IsUserDefined="0" labelwidth="130" labelid="{b5c5f997-47e7-49fb-ac23-0498885e1474}">
                          <labels>
                            <label description="New Section" languagecode="1033" />
                          </labels>
                          <rows>
                            <row>
                              <cell id="542FBFBE-0E4C-496C-8012-555DE6581923" labelid="{d7d24f59-8139-4fa1-896f-4cae8cac1df6}">
                                <labels>
                                  <label description="" languagecode="1033" />
                                </labels>
                              </cell>
                            </row>
                            <row>
                              <cell id="{9697aca1-6721-4e39-80f1-9f4d1ef34a62}" locklevel="0" colspan="1" rowspan="1" labelid="{2277e10b-76e8-4c7d-81c2-9e1db0c63e58}">
                                <labels>
                                  <label description="Event" languagecode="1033" />
                                </labels>
                                <control id="govcdm_event" classid="{270BD3DB-D9AF-4782-9025-509E298DEC0A}" datafieldname="govcdm_event" disabled="false" />
                              </cell>
                            </row>
                            <row>
                              <cell id="{dae1850d-a08f-4b62-b00e-20bdea26c768}" locklevel="0" colspan="1" rowspan="1" labelid="{b6c5e918-dab8-451d-944a-9393047943ba}">
                                <labels>
                                  <label description="Bookable Resource" languagecode="1033" />
                                </labels>
                                <control id="govcdm_bookableresource" classid="{270BD3DB-D9AF-4782-9025-509E298DEC0A}" datafieldname="govcdm_bookableresource" disabled="false" />
                              </cell>
                            </row>
                          </rows>
                        </section>
                      </sections>
                    </column>
                    <column width="33%">
                      <sections>
                        <section id="02DECBA0-3AE2-484D-A19F-C5353AF4F4F2" name="tab_1_column_2_section_1" columns="1" showlabel="true" showbar="false" IsUserDefined="0" labelwidth="130" labelid="{4f48a4bb-363f-47cf-aad2-8a5c4ea7bd3b}">
                          <labels>
                            <label description="New Section" languagecode="1033" />
                          </labels>
                          <rows>
                            <row>
                              <cell id="266FE48D-4D04-4E9A-8C5A-7DEF9A2F059B" labelid="{e38a4169-b8e9-4c20-93bc-c66f14f6fe96}">
                                <labels>
                                  <label description="" languagecode="1033" />
                                </labels>
                              </cell>
                            </row>
                          </rows>
                        </section>
                      </sections>
                    </column>
                    <column width="33%">
                      <sections>
                        <section id="46FD66EA-B686-41D9-AAE0-C565BD78EC1F" name="tab_1_column_3_section_1" columns="1" showlabel="true" showbar="false" IsUserDefined="0" labelwidth="130" labelid="{0bc92879-4de2-41da-abad-cb7434a7bea1}">
                          <labels>
                            <label description="New Section" languagecode="1033" />
                          </labels>
                          <rows>
                            <row>
                              <cell id="07C04A4E-A482-45CC-BAB7-7FCA3CD02938" labelid="{21dab36c-6878-43f4-9e82-8fda255e89ac}">
                                <labels>
                                  <label description="" languagecode="1033" />
                                </labels>
                              </cell>
                            </row>
                          </rows>
                        </section>
                      </sections>
                    </column>
                  </columns>
                </tab>
              </tabs>
              <DisplayConditions Order="0" FallbackForm="true">
                <Role Id="{627090ff-40a3-4053-8790-584edc5be201}" />
                <Role Id="{119f245c-3cc8-4b62-b31c-d1a046ced15d}" />
              </DisplayConditions>
            </form>
            <IsCustomizable>1</IsCustomizable>
            <CanBeDeleted>1</CanBeDeleted>
            <LocalizedNames>
              <LocalizedName description="Bookable Resource Reservation Quick Create" languagecode="1033" />
            </LocalizedNames>
          </systemform>
        </forms>
        <forms type="main">
          <systemform>
            <formid>{a55f6654-9e7a-440f-b887-7ca8cf2d88e9}</formid>
            <IntroducedVersion>1.0</IntroducedVersion>
            <FormPresentation>1</FormPresentation>
            <FormActivationState>1</FormActivationState>
            <form headerdensity="HighWithControls" solutionaction="Modified">
              <tabs>
                <tab verticallayout="true" id="{05501d76-f31c-4b88-83bc-c1272d980a09}" IsUserDefined="1" ordinalvalue="0">
                  <columns>
                    <column width="100%" id="0">
                      <sections>
                        <section name="null_section_3" id="7e7f9209-240b-4fe8-afb1-ed8ffd3b8ee3" IsUserDefined="0" locklevel="0" showlabel="true" showbar="false" layout="varwidth" celllabelalignment="Left" celllabelposition="Left" columns="1" labelwidth="115" ordinalvalue="1" solutionaction="Added">
                          <labels>
                            <label description="Reservation Payments" languagecode="1033" />
                          </labels>
                          <rows>
                            <row>
                              <cell locklevel="0" id="{6099e1c5-9e1c-4277-a13c-21c91d70dcdc}" rowspan="4" colspan="1" auto="false" showlabel="false" ordinalvalue="10000">
                                <labels>
                                  <label description="New SG control 1698072793487" languagecode="1033" />
                                </labels>
                                <control indicationOfSubgrid="true" id="Subgrid_new_1" classid="{E7A81278-8635-4D9E-8D4D-59480B391C5B}">
                                  <parameters>
                                    <RecordsPerPage>4</RecordsPerPage>
                                    <AutoExpand>Fixed</AutoExpand>
                                    <EnableQuickFind>false</EnableQuickFind>
                                    <EnableViewPicker>false</EnableViewPicker>
                                    <EnableChartPicker>true</EnableChartPicker>
                                    <ChartGridMode>All</ChartGridMode>
                                    <TargetEntityType>govcdm_bookableresourcepayment</TargetEntityType>
                                    <ViewId>{69F02639-5E18-46DC-895A-8A1AD5541D7B}</ViewId>
                                    <ViewIds>{69F02639-5E18-46DC-895A-8A1AD5541D7B}</ViewIds>
                                    <RelationshipName>govcdm_govcdm_bookableresourcepayment_BookableRe</RelationshipName>
                                  </parameters>
                                </control>
                              </cell>
                            </row>
                            <row />
                            <row />
                            <row />
                          </rows>
                        </section>
                      </sections>
                    </column>
                  </columns>
                </tab>
              </tabs>
              <header id="{2a8d28f3-9a86-40cf-889b-a8f920f54746}" celllabelposition="Top" columns="111" labelwidth="115" celllabelalignment="Left" solutionaction="Added">
                <rows>
                  <row>
                    <cell id="{ca949f14-76a4-4790-9a1b-58ed760c8ef8}" locklevel="0" colspan="1" rowspan="1" ordinalvalue="10000">
                      <labels>
                        <label description="Bookable Resource" languagecode="1033" />
                      </labels>
                      <control id="header_govcdm_bookableresource" classid="{270BD3DB-D9AF-4782-9025-509E298DEC0A}" datafieldname="govcdm_bookableresource" disabled="false" />
                    </cell>
                    <cell id="{fb45880c-bdbe-4005-b7c5-b83c5444b6dd}" showlabel="false" ordinalvalue="20001">
                      <labels>
                        <label description="" languagecode="1033" />
                      </labels>
                    </cell>
                    <cell id="{dd2c5702-76c4-4e14-8a77-e62e37413520}" showlabel="false" ordinalvalue="30002">
                      <labels>
                        <label description="" languagecode="1033" />
                      </labels>
                    </cell>
                  </row>
                  <row>
                    <cell id="{ea4791fd-4e51-447a-bfec-4b1210195445}" locklevel="0" colspan="1" rowspan="1" ordinalvalue="10003">
                      <labels>
                        <label description="Event" languagecode="1033" />
                      </labels>
                      <control id="header_govcdm_event" classid="{270BD3DB-D9AF-4782-9025-509E298DEC0A}" datafieldname="govcdm_event" disabled="false" />
                    </cell>
                    <cell id="{d3bac7a4-c0ba-431d-b9b6-c326982eb0a7}" ordinalvalue="20004">
                      <labels>
                        <label description="" languagecode="1033" />
                      </labels>
                    </cell>
                    <cell id="{053b6687-0184-408d-b95f-ac6933850e24}" ordinalvalue="30005">
                      <labels>
                        <label description="" languagecode="1033" />
                      </labels>
                    </cell>
                  </row>
                </rows>
              </header>
              <footer id="{7e3e83ea-9b20-4ebb-8d9b-c9d126c7902f}" celllabelposition="Top" columns="111" labelwidth="115" celllabelalignment="Left" solutionaction="Added">
                <rows></rows>
              </footer>
              <DisplayConditions Order="0" FallbackForm="true" solutionaction="Added">
                <Everyone />
              </DisplayConditions>
            </form>
            <LocalizedNames>
              <LocalizedName description="Information" languagecode="1033" />
            </LocalizedNames>
            <Descriptions>
              <Description description="A form for this entity." languagecode="1033" />
            </Descriptions>
          </systemform>
        </forms>
      </FormXml>
      <SavedQueries>
        <savedqueries>
          <savedquery>
            <isquickfindquery>0</isquickfindquery>
            <isprivate>0</isprivate>
            <isdefault>1</isdefault>
            <savedqueryid>{504752fc-ed36-422c-9454-557a6a6cef70}</savedqueryid>
            <layoutxml>
              <grid name="resultset" jump="govcdm_name" select="1" icon="1" preview="1">
                <row name="result" id="govcdm_bookableresourcereservationid">
                  <cell name="govcdm_name" width="300" />
                  <cell name="createdon" width="125" />
                </row>
              </grid>
            </layoutxml>
            <querytype>0</querytype>
            <fetchxml>
              <fetch version="1.0" mapping="logical">
                <entity name="govcdm_bookableresourcereservation">
                  <attribute name="govcdm_bookableresourcereservationid" />
                  <attribute name="govcdm_name" />
                  <attribute name="createdon" />
                  <order attribute="govcdm_name" descending="false" />
                  <filter type="and">
                    <condition attribute="statecode" operator="eq" value="0" />
                  </filter>
                </entity>
              </fetch>
            </fetchxml>
            <IntroducedVersion>1.0</IntroducedVersion>
            <LocalizedNames>
              <LocalizedName description="Active Bookable Resource Reservations" languagecode="1033" />
            </LocalizedNames>
          </savedquery>
        </savedqueries>
      </SavedQueries>
      <RibbonDiffXml>
        <CustomActions />
        <Templates>
          <RibbonTemplates Id="Mscrm.Templates"></RibbonTemplates>
        </Templates>
        <CommandDefinitions />
        <RuleDefinitions>
          <TabDisplayRules />
          <DisplayRules />
          <EnableRules />
        </RuleDefinitions>
        <LocLabels />
      </RibbonDiffXml>
    </Entity>
    <Entity>
      <Name LocalizedName="Event" OriginalName="Event">govcdm_Event</Name>
      <FormXml>
        <forms type="quickCreate">
          <systemform>
            <formid>{6319ec88-b771-ee11-9ae7-6045bd0062b9}</formid>
            <IntroducedVersion>1.0.0.0</IntroducedVersion>
            <FormPresentation>1</FormPresentation>
            <FormActivationState>1</FormActivationState>
            <form>
              <tabs>
                <tab id="F931FFE2-B873-473F-8F95-9502F0AA3F5E" name="tab_1" showlabel="false" labelid="{c4bf07cf-b9eb-4066-a4cd-b74c8e358126}">
                  <labels>
                    <label description="New Tab" languagecode="1033" />
                  </labels>
                  <columns>
                    <column width="34%">
                      <sections>
                        <section id="0C655D4E-C6E3-424E-9AF5-71E72D30D12E" name="tab_1_column_1_section_1" columns="1" showlabel="true" showbar="false" IsUserDefined="0" labelwidth="130" labelid="{5bffaefd-239f-4938-ae27-42ab5acddf91}">
                          <labels>
                            <label description="New Section" languagecode="1033" />
                          </labels>
                          <rows>
                            <row>
                              <cell id="{a77b4f9d-8f54-4664-96e6-bf59e8b24136}" locklevel="0" colspan="1" rowspan="1" labelid="{6f8a10a3-a37d-4ee8-a17a-8498b9a1c716}">
                                <labels>
                                  <label description="Event Type" languagecode="1033" />
                                </labels>
                                <control id="govcdm_eventtype" classid="{3EF39988-22BB-4F0B-BBBE-64B5A3748AEE}" datafieldname="govcdm_eventtype" disabled="false" />
                              </cell>
                            </row>
                            <row>
                              <cell id="{c74f6417-8315-4967-857f-e330c3708de6}" locklevel="0" colspan="1" rowspan="1" labelid="{8f60bc15-a515-4819-9dee-e05963025f95}">
                                <labels>
                                  <label description="Name" languagecode="1033" />
                                </labels>
                                <control id="govcdm_name" classid="{4273EDBD-AC1D-40D3-9FB2-095C621B552D}" datafieldname="govcdm_name" disabled="false" />
                              </cell>
                            </row>
                            <row>
                              <cell id="{eaa624bd-e37a-4a47-9a44-daf694f4e348}" locklevel="0" colspan="1" rowspan="1" labelid="{a8939262-97b3-42e5-9e73-9b91b65441fa}">
                                <labels>
                                  <label description="Start Date Time" languagecode="1033" />
                                </labels>
                                <control id="govcdm_startdatetime" classid="{5B773807-9FB2-42DB-97C3-7A91EFF8ADFF}" datafieldname="govcdm_startdatetime" disabled="false" />
                              </cell>
                            </row>
                            <row>
                              <cell id="{55e6dfad-c83f-418f-80d8-80aacc259e71}" locklevel="0" colspan="1" rowspan="1" labelid="{50b43770-b9be-49b9-bf2d-053699a79c7f}">
                                <labels>
                                  <label description="End Date Time" languagecode="1033" />
                                </labels>
                                <control id="govcdm_enddatetime" classid="{5B773807-9FB2-42DB-97C3-7A91EFF8ADFF}" datafieldname="govcdm_enddatetime" disabled="false" />
                              </cell>
                            </row>
                          </rows>
                        </section>
                      </sections>
                    </column>
                    <column width="33%">
                      <sections>
                        <section id="02DECBA0-3AE2-484D-A19F-C5353AF4F4F2" name="tab_1_column_2_section_1" columns="1" showlabel="true" showbar="false" IsUserDefined="0" labelwidth="130" labelid="{b5fad81d-a65a-4556-8c40-5104333c8ffb}">
                          <labels>
                            <label description="New Section" languagecode="1033" />
                          </labels>
                          <rows>
                            <row>
                              <cell id="266FE48D-4D04-4E9A-8C5A-7DEF9A2F059B" labelid="{11d4e012-d0f5-4b67-ab66-ef203492039d}">
                                <labels>
                                  <label description="" languagecode="1033" />
                                </labels>
                              </cell>
                            </row>
                            <row>
                              <cell id="{4d8be093-6517-49c5-949f-34dfb8bc2d1a}" locklevel="0" colspan="1" rowspan="5" labelid="{0a921b81-0e0c-46ee-918b-9788bbb12b71}">
                                <labels>
                                  <label description="Description" languagecode="1033" />
                                </labels>
                                <control id="govcdm_description" classid="{E0DECE4B-6FC8-4A8F-A065-082708572369}" datafieldname="govcdm_description" disabled="false" />
                              </cell>
                            </row>
                            <row />
                            <row />
                            <row />
                            <row />
                          </rows>
                        </section>
                      </sections>
                    </column>
                    <column width="33%">
                      <sections>
                        <section id="46FD66EA-B686-41D9-AAE0-C565BD78EC1F" name="tab_1_column_3_section_1" columns="1" showlabel="true" showbar="false" IsUserDefined="0" labelwidth="130" labelid="{c8ecbd79-b5a0-4b88-8b56-ddbe342c0980}">
                          <labels>
                            <label description="New Section" languagecode="1033" />
                          </labels>
                          <rows>
                            <row>
                              <cell id="07C04A4E-A482-45CC-BAB7-7FCA3CD02938" labelid="{74023b6f-f068-4334-ac7f-450c935e46e7}">
                                <labels>
                                  <label description="" languagecode="1033" />
                                </labels>
                              </cell>
                            </row>
                          </rows>
                        </section>
                      </sections>
                    </column>
                  </columns>
                </tab>
              </tabs>
              <DisplayConditions Order="0" FallbackForm="true">
                <Role Id="{627090ff-40a3-4053-8790-584edc5be201}" />
                <Role Id="{119f245c-3cc8-4b62-b31c-d1a046ced15d}" />
              </DisplayConditions>
            </form>
            <IsCustomizable>1</IsCustomizable>
            <CanBeDeleted>1</CanBeDeleted>
            <LocalizedNames>
              <LocalizedName description="Event Quick Create" languagecode="1033" />
            </LocalizedNames>
          </systemform>
        </forms>
        <forms type="main">
          <systemform>
            <formid>{d6c41f48-9ffa-4ff8-bc21-d3e2fd2dc701}</formid>
            <IntroducedVersion>1.0</IntroducedVersion>
            <FormPresentation>1</FormPresentation>
            <FormActivationState>1</FormActivationState>
            <form headerdensity="HighWithControls" solutionaction="Modified">
              <tabs>
                <tab verticallayout="true" id="{c86a3b25-47e0-431c-906a-2b00db938f15}" IsUserDefined="1" ordinalvalue="0">
                  <columns>
                    <column width="100%" id="0">
                      <sections>
                        <section showlabel="false" showbar="false" IsUserDefined="0" id="{a4e019ca-42b7-4499-94a1-c677febe47b5}" columns="11" ordinalvalue="0" solutionaction="Modified">
                          <rows>
                            <row>
                              <cell id="{2115ae2d-ff81-4efa-8a5e-6b4743eb8628}" ordinalvalue="10007" solutionaction="Modified" />
                            </row>
                            <row>
                              <cell id="{98d03443-e99f-4ec0-b1a4-ba2fc281074a}" locklevel="0" colspan="1" rowspan="1" ordinalvalue="20001" solutionaction="Added">
                                <labels>
                                  <label description="Event Type" languagecode="1033" />
                                </labels>
                                <control id="govcdm_eventtype" classid="{3EF39988-22BB-4F0B-BBBE-64B5A3748AEE}" datafieldname="govcdm_eventtype" disabled="false" />
                              </cell>
                            </row>
                            <row>
                              <cell id="{804fdbd7-af7f-412b-9d7e-9a53399e55e6}" locklevel="0" colspan="1" rowspan="4" ordinalvalue="10002" solutionaction="Added">
                                <labels>
                                  <label description="Description" languagecode="1033" />
                                </labels>
                                <control id="govcdm_description" classid="{E0DECE4B-6FC8-4A8F-A065-082708572369}" datafieldname="govcdm_description" disabled="false" />
                              </cell>
                              <cell id="{fc41d23f-33fa-400e-ae5b-169d54ef90e1}" locklevel="0" colspan="1" rowspan="1" ordinalvalue="20003" solutionaction="Added">
                                <labels>
                                  <label description="Start Date Time" languagecode="1033" />
                                </labels>
                                <control id="govcdm_startdatetime" classid="{5B773807-9FB2-42DB-97C3-7A91EFF8ADFF}" datafieldname="govcdm_startdatetime" disabled="false" />
                              </cell>
                            </row>
                            <row>
                              <cell id="{fc07e9c0-716d-45db-8c9e-00035af7cd31}" locklevel="0" colspan="1" rowspan="1" ordinalvalue="20004" solutionaction="Added">
                                <labels>
                                  <label description="End Date Time" languagecode="1033" />
                                </labels>
                                <control id="govcdm_enddatetime" classid="{5B773807-9FB2-42DB-97C3-7A91EFF8ADFF}" datafieldname="govcdm_enddatetime" disabled="false" />
                              </cell>
                            </row>
                            <row>
                              <cell locklevel="0" id="{ba9520f3-6ca2-4e9c-98b7-43ece2bd4f87}" ordinalvalue="20005" solutionaction="Added">
                                <labels>
                                  <label description="" languagecode="1033" />
                                </labels>
                              </cell>
                            </row>
                            <row>
                              <cell locklevel="0" id="{619f1ecc-005e-4f36-9e60-aa91c4fdbdbc}" ordinalvalue="20006" solutionaction="Added">
                                <labels>
                                  <label description="" languagecode="1033" />
                                </labels>
                              </cell>
                            </row>
                            <row>
                              <cell locklevel="0" id="{351d6565-50bf-4b83-bf8a-4e0d5512ae41}" ordinalvalue="20008" solutionaction="Added">
                                <labels>
                                  <label description="" languagecode="1033" />
                                </labels>
                              </cell>
                            </row>
                          </rows>
                        </section>
                        <section name="null_section_3" id="a99dc211-a134-4d98-a808-f36d5c1dc2c7" IsUserDefined="0" locklevel="0" showlabel="true" showbar="false" layout="varwidth" celllabelalignment="Left" celllabelposition="Left" columns="1" labelwidth="115" ordinalvalue="1" solutionaction="Added">
                          <labels>
                            <label description="Bookable Resource Reservations" languagecode="1033" />
                          </labels>
                          <rows>
                            <row>
                              <cell locklevel="0" id="{c60fdbe8-c4b7-452b-af75-bea5db9a1d55}" rowspan="4" colspan="1" auto="false" showlabel="false" ordinalvalue="10000">
                                <labels>
                                  <label description="New SG control 1698072595347" languagecode="1033" />
                                </labels>
                                <control indicationOfSubgrid="true" id="Subgrid_new_1" classid="{E7A81278-8635-4D9E-8D4D-59480B391C5B}">
                                  <parameters>
                                    <RecordsPerPage>4</RecordsPerPage>
                                    <AutoExpand>Fixed</AutoExpand>
                                    <EnableQuickFind>false</EnableQuickFind>
                                    <EnableViewPicker>false</EnableViewPicker>
                                    <EnableChartPicker>true</EnableChartPicker>
                                    <ChartGridMode>All</ChartGridMode>
                                    <TargetEntityType>govcdm_bookableresourcereservation</TargetEntityType>
                                    <ViewId>{504752FC-ED36-422C-9454-557A6A6CEF70}</ViewId>
                                    <ViewIds>{504752FC-ED36-422C-9454-557A6A6CEF70}</ViewIds>
                                    <RelationshipName>govcdm_govcdm_bookableresourcereservation_Event_</RelationshipName>
                                  </parameters>
                                </control>
                              </cell>
                            </row>
                            <row />
                            <row />
                            <row />
                          </rows>
                        </section>
                        <section name="null_section_4" id="88ebd65a-4bce-4fd5-857e-b1827a111de5" IsUserDefined="0" locklevel="0" showlabel="true" showbar="false" layout="varwidth" celllabelalignment="Left" celllabelposition="Left" columns="1" labelwidth="115" ordinalvalue="2" solutionaction="Added">
                          <labels>
                            <label description="Attendees" languagecode="1033" />
                          </labels>
                          <rows>
                            <row>
                              <cell locklevel="0" id="{03e77bd5-4ec7-43f7-88df-802b2148abb0}" rowspan="4" colspan="1" auto="false" showlabel="false" ordinalvalue="10000">
                                <labels>
                                  <label description="New SG control 1698072923293" languagecode="1033" />
                                </labels>
                                <control indicationOfSubgrid="true" id="Subgrid_new_2" classid="{E7A81278-8635-4D9E-8D4D-59480B391C5B}">
                                  <parameters>
                                    <RecordsPerPage>4</RecordsPerPage>
                                    <AutoExpand>Fixed</AutoExpand>
                                    <EnableQuickFind>false</EnableQuickFind>
                                    <EnableViewPicker>false</EnableViewPicker>
                                    <EnableChartPicker>true</EnableChartPicker>
                                    <ChartGridMode>All</ChartGridMode>
                                    <TargetEntityType>govcdm_eventattendee</TargetEntityType>
                                    <ViewId>{DFC7342E-DDC0-4730-A4F2-A5270CA1ECA7}</ViewId>
                                    <ViewIds>{DFC7342E-DDC0-4730-A4F2-A5270CA1ECA7}</ViewIds>
                                    <RelationshipName>govcdm_govcdm_eventattendee_Event_govcdm_event</RelationshipName>
                                  </parameters>
                                </control>
                              </cell>
                            </row>
                            <row />
                            <row />
                            <row />
                          </rows>
                        </section>
                      </sections>
                    </column>
                  </columns>
                </tab>
              </tabs>
              <header id="{c6ccbb65-f11e-4ecb-be4e-1b6f01d45be9}" celllabelposition="Top" columns="111" labelwidth="115" celllabelalignment="Left" solutionaction="Added">
                <rows />
              </header>
              <footer id="{c9364055-e6be-45bb-ad92-4782acbf71ac}" celllabelposition="Top" columns="111" labelwidth="115" celllabelalignment="Left" solutionaction="Added">
                <rows />
              </footer>
              <DisplayConditions Order="0" FallbackForm="true" solutionaction="Added">
                <Everyone />
              </DisplayConditions>
            </form>
            <LocalizedNames>
              <LocalizedName description="Information" languagecode="1033" />
            </LocalizedNames>
            <Descriptions>
              <Description description="A form for this entity." languagecode="1033" />
            </Descriptions>
          </systemform>
        </forms>
      </FormXml>
      <SavedQueries>
        <savedqueries>
          <savedquery>
            <isquickfindquery>0</isquickfindquery>
            <isprivate>0</isprivate>
            <isdefault>1</isdefault>
            <savedqueryid>{ffe727b8-b391-49e4-887c-e19d0f52c541}</savedqueryid>
            <layoutxml>
              <grid name="resultset" jump="govcdm_name" select="1" icon="1" preview="1">
                <row name="result" id="govcdm_eventid">
                  <cell name="govcdm_name" width="300" />
                  <cell name="createdon" width="125" />
                </row>
              </grid>
            </layoutxml>
            <querytype>0</querytype>
            <fetchxml>
              <fetch version="1.0" mapping="logical">
                <entity name="govcdm_event">
                  <attribute name="govcdm_eventid" />
                  <attribute name="govcdm_name" />
                  <attribute name="createdon" />
                  <order attribute="govcdm_name" descending="false" />
                  <filter type="and">
                    <condition attribute="statecode" operator="eq" value="0" />
                  </filter>
                </entity>
              </fetch>
            </fetchxml>
            <IntroducedVersion>1.0</IntroducedVersion>
            <LocalizedNames>
              <LocalizedName description="Active Events" languagecode="1033" />
            </LocalizedNames>
          </savedquery>
        </savedqueries>
      </SavedQueries>
      <RibbonDiffXml>
        <CustomActions />
        <Templates>
          <RibbonTemplates Id="Mscrm.Templates"></RibbonTemplates>
        </Templates>
        <CommandDefinitions />
        <RuleDefinitions>
          <TabDisplayRules />
          <DisplayRules />
          <EnableRules />
        </RuleDefinitions>
        <LocLabels />
      </RibbonDiffXml>
      <CustomControlDefaultConfigs>
        <CustomControlDefaultConfig>
          <ControlDescriptionXML>
            <controlDescriptions>
              <controlDescription>
                <customControl id="{E7A81278-8635-4d9e-8D4D-59480B391C5B}">
                  <parameters />
                </customControl>
                <customControl formFactor="0" name="MscrmControls.ActivityCalendarControl.ActivityCalendarControl">
                  <parameters>
                    <data-set name="Calendar">
                      <StartDate>govcdm_startdatetime</StartDate>
                      <Description>govcdm_name</Description>
                      <EndDate>govcdm_enddatetime</EndDate>
                    </data-set>
                  </parameters>
                </customControl>
                <customControl formFactor="1" name="MscrmControls.ActivityCalendarControl.ActivityCalendarControl">
                  <parameters>
                    <data-set name="Calendar">
                      <StartDate>govcdm_startdatetime</StartDate>
                      <Description>govcdm_name</Description>
                      <EndDate>govcdm_enddatetime</EndDate>
                    </data-set>
                  </parameters>
                </customControl>
                <customControl formFactor="2" name="MscrmControls.ActivityCalendarControl.ActivityCalendarControl">
                  <parameters>
                    <data-set name="Calendar">
                      <StartDate>govcdm_startdatetime</StartDate>
                      <Description>govcdm_name</Description>
                      <EndDate>govcdm_enddatetime</EndDate>
                    </data-set>
                  </parameters>
                </customControl>
              </controlDescription>
            </controlDescriptions>
          </ControlDescriptionXML>
          <IntroducedVersion>1.0.0.0</IntroducedVersion>
        </CustomControlDefaultConfig>
      </CustomControlDefaultConfigs>
    </Entity>
    <Entity>
      <Name LocalizedName="Event Attendee" OriginalName="Event Attendee">govcdm_EventAttendee</Name>
      <FormXml>
        <forms type="quickCreate">
          <systemform>
            <formid>{55198eae-b771-ee11-9ae7-6045bd0062b9}</formid>
            <IntroducedVersion>1.0.0.0</IntroducedVersion>
            <FormPresentation>1</FormPresentation>
            <FormActivationState>1</FormActivationState>
            <form>
              <tabs>
                <tab id="F931FFE2-B873-473F-8F95-9502F0AA3F5E" name="tab_1" showlabel="false" labelid="{e0b49a33-576f-42d7-9a8d-d08b2cc78d9e}">
                  <labels>
                    <label description="New Tab" languagecode="1033" />
                  </labels>
                  <columns>
                    <column width="34%">
                      <sections>
                        <section id="0C655D4E-C6E3-424E-9AF5-71E72D30D12E" name="tab_1_column_1_section_1" columns="1" showlabel="true" showbar="false" IsUserDefined="0" labelwidth="130" labelid="{f7210a20-f73f-4313-848e-5ac52d2030d9}">
                          <labels>
                            <label description="New Section" languagecode="1033" />
                          </labels>
                          <rows>
                            <row>
                              <cell id="542FBFBE-0E4C-496C-8012-555DE6581923" labelid="{4d27de52-d674-49c2-9e6c-4abf24e5ee07}">
                                <labels>
                                  <label description="" languagecode="1033" />
                                </labels>
                              </cell>
                            </row>
                            <row>
                              <cell id="{63d8bc06-9ce4-4c5a-b74d-16b80ada867e}" locklevel="0" colspan="1" rowspan="1" labelid="{e6d73da3-4e50-47b0-8fda-5754afb1ea76}">
                                <labels>
                                  <label description="Event" languagecode="1033" />
                                </labels>
                                <control id="govcdm_event" classid="{270BD3DB-D9AF-4782-9025-509E298DEC0A}" datafieldname="govcdm_event" disabled="false" />
                              </cell>
                            </row>
                            <row>
                              <cell id="{2bc9017f-43d6-4f54-9f04-c889068b47e0}" locklevel="0" colspan="1" rowspan="1" labelid="{47550915-070f-4a9e-9a4c-a1bdd7127d28}">
                                <labels>
                                  <label description="Person" languagecode="1033" />
                                </labels>
                                <control id="govcdm_person" classid="{270BD3DB-D9AF-4782-9025-509E298DEC0A}" datafieldname="govcdm_person" disabled="false" />
                              </cell>
                            </row>
                          </rows>
                        </section>
                      </sections>
                    </column>
                    <column width="33%">
                      <sections>
                        <section id="02DECBA0-3AE2-484D-A19F-C5353AF4F4F2" name="tab_1_column_2_section_1" columns="1" showlabel="true" showbar="false" IsUserDefined="0" labelwidth="130" labelid="{26c841a4-9d2c-4033-a02a-be8b5ae6a5f5}">
                          <labels>
                            <label description="New Section" languagecode="1033" />
                          </labels>
                          <rows>
                            <row>
                              <cell id="266FE48D-4D04-4E9A-8C5A-7DEF9A2F059B" labelid="{7be09cb6-e0ef-45d6-9776-926c376290ee}">
                                <labels>
                                  <label description="" languagecode="1033" />
                                </labels>
                              </cell>
                            </row>
                          </rows>
                        </section>
                      </sections>
                    </column>
                    <column width="33%">
                      <sections>
                        <section id="46FD66EA-B686-41D9-AAE0-C565BD78EC1F" name="tab_1_column_3_section_1" columns="1" showlabel="true" showbar="false" IsUserDefined="0" labelwidth="130" labelid="{fd571fe2-1b95-4d77-a65d-3bdf3eb1804b}">
                          <labels>
                            <label description="New Section" languagecode="1033" />
                          </labels>
                          <rows>
                            <row>
                              <cell id="07C04A4E-A482-45CC-BAB7-7FCA3CD02938" labelid="{7cc9d174-746a-4988-bd6f-25c02e1f4314}">
                                <labels>
                                  <label description="" languagecode="1033" />
                                </labels>
                              </cell>
                            </row>
                          </rows>
                        </section>
                      </sections>
                    </column>
                  </columns>
                </tab>
              </tabs>
              <DisplayConditions Order="0" FallbackForm="true">
                <Role Id="{627090ff-40a3-4053-8790-584edc5be201}" />
                <Role Id="{119f245c-3cc8-4b62-b31c-d1a046ced15d}" />
              </DisplayConditions>
            </form>
            <IsCustomizable>1</IsCustomizable>
            <CanBeDeleted>1</CanBeDeleted>
            <LocalizedNames>
              <LocalizedName description="Event Attendee Quick Create" languagecode="1033" />
            </LocalizedNames>
          </systemform>
        </forms>
        <forms type="main">
          <systemform>
            <formid>{bdc44309-c5ea-4f1d-9885-7a9195f5a1b5}</formid>
            <IntroducedVersion>1.0</IntroducedVersion>
            <FormPresentation>1</FormPresentation>
            <FormActivationState>1</FormActivationState>
            <form headerdensity="HighWithControls" solutionaction="Modified">
              <header id="{1a2ae1c2-822c-46ce-b69b-0aae3e4a6af6}" celllabelposition="Top" columns="111" labelwidth="115" celllabelalignment="Left" solutionaction="Added">
                <rows>
                  <row>
                    <cell id="{41aae7c8-1813-4a17-b2a6-aa75b28fdb5a}" locklevel="0" colspan="1" rowspan="1" ordinalvalue="10000">
                      <labels>
                        <label description="Person" languagecode="1033" />
                      </labels>
                      <control id="header_govcdm_person" classid="{270BD3DB-D9AF-4782-9025-509E298DEC0A}" datafieldname="govcdm_person" disabled="false" />
                    </cell>
                    <cell id="{7cbb5816-382f-4436-a232-bb433ad2b649}" showlabel="false" ordinalvalue="20001">
                      <labels>
                        <label description="" languagecode="1033" />
                      </labels>
                    </cell>
                    <cell id="{a1efe05a-1e9c-439d-845c-24bc09dd3ac9}" showlabel="false" ordinalvalue="30002">
                      <labels>
                        <label description="" languagecode="1033" />
                      </labels>
                    </cell>
                  </row>
                </rows>
              </header>
              <footer id="{1071aed6-6cb7-4497-9a6e-e1d2d252e8e5}" celllabelposition="Top" columns="111" labelwidth="115" celllabelalignment="Left" solutionaction="Added">
                <rows></rows>
              </footer>
              <DisplayConditions Order="0" FallbackForm="true" solutionaction="Added">
                <Everyone />
              </DisplayConditions>
            </form>
            <LocalizedNames>
              <LocalizedName description="Information" languagecode="1033" />
            </LocalizedNames>
            <Descriptions>
              <Description description="A form for this entity." languagecode="1033" />
            </Descriptions>
          </systemform>
        </forms>
      </FormXml>
      <SavedQueries>
        <savedqueries>
          <savedquery>
            <isquickfindquery>0</isquickfindquery>
            <isprivate>0</isprivate>
            <isdefault>1</isdefault>
            <savedqueryid>{dfc7342e-ddc0-4730-a4f2-a5270ca1eca7}</savedqueryid>
            <layoutxml>
              <grid name="resultset" jump="govcdm_name" select="1" icon="1" preview="1">
                <row name="result" id="govcdm_eventattendeeid">
                  <cell name="govcdm_name" width="300" />
                  <cell name="createdon" width="125" />
                </row>
              </grid>
            </layoutxml>
            <querytype>0</querytype>
            <fetchxml>
              <fetch version="1.0" mapping="logical">
                <entity name="govcdm_eventattendee">
                  <attribute name="govcdm_eventattendeeid" />
                  <attribute name="govcdm_name" />
                  <attribute name="createdon" />
                  <order attribute="govcdm_name" descending="false" />
                  <filter type="and">
                    <condition attribute="statecode" operator="eq" value="0" />
                  </filter>
                </entity>
              </fetch>
            </fetchxml>
            <IntroducedVersion>1.0</IntroducedVersion>
            <LocalizedNames>
              <LocalizedName description="Active Event Attendees" languagecode="1033" />
            </LocalizedNames>
          </savedquery>
        </savedqueries>
      </SavedQueries>
      <RibbonDiffXml>
        <CustomActions />
        <Templates>
          <RibbonTemplates Id="Mscrm.Templates"></RibbonTemplates>
        </Templates>
        <CommandDefinitions />
        <RuleDefinitions>
          <TabDisplayRules />
          <DisplayRules />
          <EnableRules />
        </RuleDefinitions>
        <LocLabels />
      </RibbonDiffXml>
    </Entity>
  </Entities>
  <Roles />
  <Workflows />
  <FieldSecurityProfiles />
  <Templates />
  <EntityMaps />
  <EntityRelationships />
  <OrganizationSettings />
  <optionsets />
  <CustomControls />
  <AppModuleSiteMaps>
    <AppModuleSiteMap>
      <SiteMapUniqueName>msgov_EventManagement</SiteMapUniqueName>
      <EnableCollapsibleGroups>False</EnableCollapsibleGroups>
      <ShowHome>True</ShowHome>
      <ShowPinned>True</ShowPinned>
      <ShowRecents>True</ShowRecents>
      <SiteMap IntroducedVersion="7.0.0.0">
        <Area Id="area_037a27c3" ResourceId="SitemapDesigner.NewTitle" DescriptionResourceId="SitemapDesigner.NewTitle" ShowGroups="true" IntroducedVersion="7.0.0.0">
          <Titles>
            <Title LCID="1033" Title="Area1" />
          </Titles>
          <Group Id="group_ae07a565" ResourceId="SitemapDesigner.NewGroup" DescriptionResourceId="SitemapDesigner.NewGroup" IntroducedVersion="7.0.0.0" IsProfile="false" ToolTipResourseId="SitemapDesigner.Unknown">
            <Titles>
              <Title LCID="1033" Title="Events and Activities" />
            </Titles>
            <SubArea Id="subarea_35e85efe" Icon="/_imgs/imagestrips/transparent_spacer.gif" Entity="activitypointer" Client="All,Outlook,OutlookLaptopClient,OutlookWorkstationClient,Web" AvailableOffline="true" PassParams="false" Sku="All,OnPremise,Live,SPLA" />
            <SubArea Id="subarea_8d941d5f" Icon="/_imgs/imagestrips/transparent_spacer.gif" Entity="govcdm_event" Client="All,Outlook,OutlookLaptopClient,OutlookWorkstationClient,Web" AvailableOffline="true" PassParams="false" Sku="All,OnPremise,Live,SPLA" />
            <SubArea Id="subarea_86dfb546" Icon="/_imgs/imagestrips/transparent_spacer.gif" Entity="govcdm_eventattendee" Client="All,Outlook,OutlookLaptopClient,OutlookWorkstationClient,Web" AvailableOffline="true" PassParams="false" Sku="All,OnPremise,Live,SPLA" />
          </Group>
          <Group Id="group_650c49d7" ResourceId="SitemapDesigner.NewGroup" DescriptionResourceId="SitemapDesigner.NewGroup" IntroducedVersion="7.0.0.0" IsProfile="false" ToolTipResourseId="SitemapDesigner.Unknown">
            <Titles>
              <Title LCID="1033" Title="Scheduling" />
            </Titles>
            <SubArea Id="subarea_40f02bc4" Icon="/_imgs/imagestrips/transparent_spacer.gif" Entity="govcdm_bookableresource" Client="All,Outlook,OutlookLaptopClient,OutlookWorkstationClient,Web" AvailableOffline="true" PassParams="false" Sku="All,OnPremise,Live,SPLA" />
            <SubArea Id="subarea_ecfb474d" Icon="/_imgs/imagestrips/transparent_spacer.gif" Entity="govcdm_bookableresourcereservation" Client="All,Outlook,OutlookLaptopClient,OutlookWorkstationClient,Web" AvailableOffline="true" PassParams="false" Sku="All,OnPremise,Live,SPLA" />
            <SubArea Id="subarea_5210d481" Icon="/_imgs/imagestrips/transparent_spacer.gif" Entity="govcdm_bookableresourcepayment" Client="All,Outlook,OutlookLaptopClient,OutlookWorkstationClient,Web" AvailableOffline="true" PassParams="false" Sku="All,OnPremise,Live,SPLA" />
          </Group>
        </Area>
      </SiteMap>
      <LocalizedNames>
        <LocalizedName description="Event Management" languagecode="1033" />
      </LocalizedNames>
    </AppModuleSiteMap>
  </AppModuleSiteMaps>
  <AppModules>
    <AppModule>
      <UniqueName>msgov_EventManagement</UniqueName>
      <IntroducedVersion>1.0</IntroducedVersion>
      <WebResourceId>953b9fac-1e5e-e611-80d6-00155ded156f</WebResourceId>
      <OptimizedFor></OptimizedFor>
      <statecode>0</statecode>
      <statuscode>1</statuscode>
      <FormFactor>1</FormFactor>
      <ClientType>4</ClientType>
      <NavigationType>0</NavigationType>
      <AppModuleComponents>
        <AppModuleComponent type="1" schemaName="activitypointer" />
        <AppModuleComponent type="1" schemaName="govcdm_bookableresource" />
        <AppModuleComponent type="1" schemaName="govcdm_bookableresourcepayment" />
        <AppModuleComponent type="1" schemaName="govcdm_bookableresourcereservation" />
        <AppModuleComponent type="1" schemaName="govcdm_event" />
        <AppModuleComponent type="1" schemaName="govcdm_eventattendee" />
        <AppModuleComponent type="62" schemaName="msgov_EventManagement" />
      </AppModuleComponents>
      <AppModuleRoleMaps>
        <Role id="{627090ff-40a3-4053-8790-584edc5be201}" />
        <Role id="{119f245c-3cc8-4b62-b31c-d1a046ced15d}" />
      </AppModuleRoleMaps>
      <LocalizedNames>
        <LocalizedName description="Event Management" languagecode="1033" />
      </LocalizedNames>
    </AppModule>
  </AppModules>
  <EntityDataProviders />
  <CanvasApps>
    <CanvasApp>
      <Name>msgov_mastercalendar_35d48</Name>
      <AppVersion>2025-10-01T20:30:37Z</AppVersion>
      <Status>Ready</Status>
      <CreatedByClientVersion>3.23101.23.0</CreatedByClientVersion>
      <MinClientVersion>3.23101.23.0</MinClientVersion>
      <Tags>{"primaryDeviceWidth":"1366","primaryDeviceHeight":"768","supportsPortrait":"true","supportsLandscape":"true","primaryFormFactor":"Tablet","showStatusBar":"false","publisherVersion":"3.23101.23","minimumRequiredApiVersion":"2.2.0","hasComponent":"true","hasUnlockedComponent":"true","isUnifiedRootApp":"false","sienaVersion":"20231019T175512Z-3.23101.23.0"}</Tags>
      <IsCdsUpgraded>0</IsCdsUpgraded>
      <GalleryItemId xsi:nil="true"></GalleryItemId>
      <BackgroundColor>RGBA(0,176,240,1)</BackgroundColor>
      <DisplayName>Master Calendar</DisplayName>
      <Description></Description>
      <CommitMessage></CommitMessage>
      <Publisher></Publisher>
      <AuthorizationReferences>[]</AuthorizationReferences>
      <ConnectionReferences>{"e728fdaf-3529-46d2-8a46-1b40745cbfea":{"id":"/providers/microsoft.powerapps/apis/shared_sharepointonline","displayName":"SharePoint","iconUri":"https://conn-afd-prod-endpoint-bmc9bqahasf3grgk.b01.azurefd.net/releases/v1.0.1732/1.0.1732.4070/sharepointonline/icon.png","dataSources":["Field Office Events"],"dependencies":[],"dependents":[],"parameterHints":{},"parameterHintsV2":{},"isOnPremiseConnection":false,"bypassConsent":false,"dataSets":{"https://crm040041.sharepoint.com/sites/SampleFieldOffice":{"dataSources":{"Field Office Events":{"tableName":"3197c00a-02a2-4ccb-847a-f667ffefb3c3"}}}},"apiTier":"Standard","actions":["providers/PowerPlatform.Governance/Operations/Read"]}}</ConnectionReferences>
      <DatabaseReferences>{"default.cds":{"databaseDetails":{"referenceType":"Environmental","environmentName":"default.cds","overrideValues":{"status":"NotSpecified","environmentVariableName":""}},"dataSources":{"Events":{"entitySetName":"govcdm_events","logicalName":"govcdm_event"}}}}</DatabaseReferences>
      <AppComponents>[]</AppComponents>
      <AppComponentDependencies>[]</AppComponentDependencies>
      <CanConsumeAppPass>1</CanConsumeAppPass>
      <CanvasAppType>0</CanvasAppType>
      <BypassConsent>0</BypassConsent>
      <EmbeddedApp xsi:nil="true"></EmbeddedApp>
      <IntroducedVersion>1.0</IntroducedVersion>
      <CdsDependencies>{"cdsdependencies":[{"componenttype":1,"logicalname":"govcdm_event"}]}</CdsDependencies>
      <IsCustomizable>1</IsCustomizable>
      <BackgroundImageUri>/CanvasApps/msgov_mastercalendar_35d48_BackgroundImageUri</BackgroundImageUri>
      <DocumentUri>/CanvasApps/msgov_mastercalendar_35d48_DocumentUri.msapp</DocumentUri>
    </CanvasApp>
  </CanvasApps>
  <Languages>
    <Language>1033</Language>
  </Languages>
</ImportExportXml>