﻿<?xml version="1.0" encoding="utf-8"?>
<ImportExportXml version="9.2.25083.183" SolutionPackageVersion="9.2" languagecode="1033" generatedBy="CrmLive" xmlns:xsi="http://www.w3.org/2001/XMLSchema-instance" OrganizationVersion="9.2.25083.183" OrganizationSchemaType="Standard" CRMServerServiceabilityVersion="9.2.25084.00181">
  <SolutionManifest>
    <UniqueName>msgov_timetravelandexpenses</UniqueName>
    <LocalizedNames>
      <LocalizedName description="Microsoft Gov - Time, Travel, and Expenses" languagecode="1033" />
    </LocalizedNames>
    <Descriptions />
    <Version>1.1.0.0</Version>
    <Managed>1</Managed>
    <Publisher>
      <UniqueName>msgovsolutions</UniqueName>
      <LocalizedNames>
        <LocalizedName description="Microsoft Government Solutions" languagecode="1033" />
      </LocalizedNames>
      <Descriptions>
        <Description description="Microsoft Government Solutions" languagecode="1033" />
      </Descriptions>
      <EMailAddress xsi:nil="true"></EMailAddress>
      <SupportingWebsiteUrl xsi:nil="true"></SupportingWebsiteUrl>
      <CustomizationPrefix>msgov</CustomizationPrefix>
      <CustomizationOptionValuePrefix>18844</CustomizationOptionValuePrefix>
      <Addresses>
        <Address>
          <AddressNumber>1</AddressNumber>
          <AddressTypeCode>1</AddressTypeCode>
          <City xsi:nil="true"></City>
          <County xsi:nil="true"></County>
          <Country xsi:nil="true"></Country>
          <Fax xsi:nil="true"></Fax>
          <FreightTermsCode xsi:nil="true"></FreightTermsCode>
          <ImportSequenceNumber xsi:nil="true"></ImportSequenceNumber>
          <Latitude xsi:nil="true"></Latitude>
          <Line1 xsi:nil="true"></Line1>
          <Line2 xsi:nil="true"></Line2>
          <Line3 xsi:nil="true"></Line3>
          <Longitude xsi:nil="true"></Longitude>
          <Name xsi:nil="true"></Name>
          <PostalCode xsi:nil="true"></PostalCode>
          <PostOfficeBox xsi:nil="true"></PostOfficeBox>
          <PrimaryContactName xsi:nil="true"></PrimaryContactName>
          <ShippingMethodCode>1</ShippingMethodCode>
          <StateOrProvince xsi:nil="true"></StateOrProvince>
          <Telephone1 xsi:nil="true"></Telephone1>
          <Telephone2 xsi:nil="true"></Telephone2>
          <Telephone3 xsi:nil="true"></Telephone3>
          <TimeZoneRuleVersionNumber xsi:nil="true"></TimeZoneRuleVersionNumber>
          <UPSZone xsi:nil="true"></UPSZone>
          <UTCOffset xsi:nil="true"></UTCOffset>
          <UTCConversionTimeZoneCode xsi:nil="true"></UTCConversionTimeZoneCode>
        </Address>
        <Address>
          <AddressNumber>2</AddressNumber>
          <AddressTypeCode>1</AddressTypeCode>
          <City xsi:nil="true"></City>
          <County xsi:nil="true"></County>
          <Country xsi:nil="true"></Country>
          <Fax xsi:nil="true"></Fax>
          <FreightTermsCode xsi:nil="true"></FreightTermsCode>
          <ImportSequenceNumber xsi:nil="true"></ImportSequenceNumber>
          <Latitude xsi:nil="true"></Latitude>
          <Line1 xsi:nil="true"></Line1>
          <Line2 xsi:nil="true"></Line2>
          <Line3 xsi:nil="true"></Line3>
          <Longitude xsi:nil="true"></Longitude>
          <Name xsi:nil="true"></Name>
          <PostalCode xsi:nil="true"></PostalCode>
          <PostOfficeBox xsi:nil="true"></PostOfficeBox>
          <PrimaryContactName xsi:nil="true"></PrimaryContactName>
          <ShippingMethodCode>1</ShippingMethodCode>
          <StateOrProvince xsi:nil="true"></StateOrProvince>
          <Telephone1 xsi:nil="true"></Telephone1>
          <Telephone2 xsi:nil="true"></Telephone2>
          <Telephone3 xsi:nil="true"></Telephone3>
          <TimeZoneRuleVersionNumber xsi:nil="true"></TimeZoneRuleVersionNumber>
          <UPSZone xsi:nil="true"></UPSZone>
          <UTCOffset xsi:nil="true"></UTCOffset>
          <UTCConversionTimeZoneCode xsi:nil="true"></UTCConversionTimeZoneCode>
        </Address>
      </Addresses>
    </Publisher>
    <RootComponents>
      <RootComponent type="1" schemaName="govcdm_actionassignment" behavior="1" />
      <RootComponent type="1" schemaName="govcdm_actionitem" behavior="1" />
      <RootComponent type="1" schemaName="govcdm_expenseitemcategory" behavior="1" />
      <RootComponent type="1" schemaName="govcdm_expensereport" behavior="1" />
      <RootComponent type="1" schemaName="govcdm_expensereportlineitem" behavior="1" />
      <RootComponent type="1" schemaName="govcdm_timeavailability" behavior="1" />
      <RootComponent type="1" schemaName="govcdm_timeentry" behavior="1" />
      <RootComponent type="1" schemaName="govcdm_timeperiod" behavior="1" />
      <RootComponent type="1" schemaName="govcdm_timeproject" behavior="1" />
      <RootComponent type="1" schemaName="govcdm_timeprojecttask" behavior="1" />
      <RootComponent type="1" schemaName="govcdm_travelpurpose" behavior="2" />
      <RootComponent type="1" schemaName="govcdm_travelrequest" behavior="2" />
      <RootComponent type="1" schemaName="govcdm_travelsegment" behavior="2" />
      <RootComponent type="300" schemaName="msgov_travelrequestsmobile_17a13" behavior="0" />
      <RootComponent type="60" id="{5218693e-5e15-f011-9989-001dd809c52b}" behavior="0" />
      <RootComponent type="62" schemaName="msgov_TimeTravelandExpenses" behavior="0" />
      <RootComponent type="80" schemaName="msgov_TimeTravelandExpenses" behavior="0" />
    </RootComponents>
    <MissingDependencies>
      <MissingDependency>
        <Required type="1" schemaName="govcdm_actionassignment" displayName="Action Assignment" solution="govcdm_processandtasking (1.0.2.0)" />
        <Dependent type="1" schemaName="govcdm_actionassignment" displayName="Action Assignment" />
      </MissingDependency>
      <MissingDependency>
        <Required type="1" schemaName="govcdm_actionitem" displayName="Action Item" solution="govcdm_processandtasking (1.0.2.0)" />
        <Dependent type="1" schemaName="govcdm_actionitem" displayName="Action Item" />
      </MissingDependency>
      <MissingDependency>
        <Required type="1" schemaName="govcdm_expenseitemcategory" displayName="Expense Item Category" solution="govcdm_timetravelandexpenses (1.0.0.1)" />
        <Dependent type="1" schemaName="govcdm_expenseitemcategory" displayName="Expense Item Category" />
      </MissingDependency>
      <MissingDependency>
        <Required type="1" schemaName="govcdm_expensereport" displayName="Expense Report" solution="govcdm_timetravelandexpenses (1.0.0.1)" />
        <Dependent type="1" schemaName="govcdm_expensereport" displayName="Expense Report" />
      </MissingDependency>
      <MissingDependency>
        <Required type="1" schemaName="govcdm_expensereportlineitem" displayName="Expense Report Line Item" solution="govcdm_timetravelandexpenses (1.0.0.1)" />
        <Dependent type="1" schemaName="govcdm_expensereportlineitem" displayName="Expense Report Line Item" />
      </MissingDependency>
      <MissingDependency>
        <Required type="1" schemaName="govcdm_timeavailability" displayName="Availability" solution="govcdm_timetravelandexpenses (1.0.0.1)" />
        <Dependent type="1" schemaName="govcdm_timeavailability" displayName="Availability" />
      </MissingDependency>
      <MissingDependency>
        <Required type="1" schemaName="govcdm_timeentry" displayName="Time Entry" solution="govcdm_timetravelandexpenses (1.0.0.1)" />
        <Dependent type="1" schemaName="govcdm_timeentry" displayName="Time Entry" />
      </MissingDependency>
      <MissingDependency>
        <Required type="1" schemaName="govcdm_timeperiod" displayName="Time Period" solution="govcdm_timetravelandexpenses (1.0.0.1)" />
        <Dependent type="1" schemaName="govcdm_timeperiod" displayName="Time Period" />
      </MissingDependency>
      <MissingDependency>
        <Required type="1" schemaName="govcdm_timeproject" displayName="Time Project" solution="govcdm_timetravelandexpenses (1.0.0.1)" />
        <Dependent type="1" schemaName="govcdm_timeproject" displayName="Time Project" />
      </MissingDependency>
      <MissingDependency>
        <Required type="1" schemaName="govcdm_timeprojecttask" displayName="Time Project Task" solution="govcdm_timetravelandexpenses (1.0.0.1)" />
        <Dependent type="1" schemaName="govcdm_timeprojecttask" displayName="Time Project Task" />
      </MissingDependency>
      <MissingDependency>
        <Required type="1" schemaName="govcdm_travelpurpose" displayName="Travel Purpose" solution="govcdm_timetravelandexpenses (1.0.0.1)" />
        <Dependent type="1" schemaName="govcdm_travelpurpose" displayName="Travel Purpose" />
      </MissingDependency>
      <MissingDependency>
        <Required type="1" schemaName="govcdm_travelpurpose" displayName="Travel Purpose" solution="govcdm_timetravelandexpenses (1.0.0.1)" />
        <Dependent type="62" schemaName="msgov_TimeTravelandExpenses" />
      </MissingDependency>
      <MissingDependency>
        <Required type="1" schemaName="govcdm_travelpurpose" displayName="Travel Purpose" solution="govcdm_timetravelandexpenses (1.0.0.1)" />
        <Dependent type="80" schemaName="msgov_TimeTravelandExpenses" displayName="Time, Travel, and Expenses" />
      </MissingDependency>
      <MissingDependency>
        <Required type="1" schemaName="govcdm_travelrequest" displayName="Travel Request" solution="govcdm_timetravelandexpenses (1.0.0.1)" />
        <Dependent type="1" schemaName="govcdm_travelrequest" displayName="Travel Request" />
      </MissingDependency>
      <MissingDependency>
        <Required type="1" schemaName="govcdm_travelsegment" displayName="Travel Segment" solution="govcdm_timetravelandexpenses (1.0.0.1)" />
        <Dependent type="1" schemaName="govcdm_travelsegment" displayName="Travel Segment" />
      </MissingDependency>
      <MissingDependency>
        <Required type="1" schemaName="govcdm_travelsegment" displayName="Travel Segment" solution="govcdm_timetravelandexpenses (1.0.0.1)" />
        <Dependent type="60" displayName="Information" parentDisplayName="Travel Request" id="{716d54fd-157a-4103-833c-711fc5b773e1}" />
      </MissingDependency>
      <MissingDependency>
        <Required type="10" schemaName="govcdm_timeavailability_Location_govcdm_location" displayName="govcdm_timeavailability_Location_govcdm_location" parentSchemaName="govcdm_location" parentDisplayName="Location" solution="govcdm_timetravelandexpenses (1.0.0.1)" />
        <Dependent type="60" displayName="Information" parentDisplayName="Availability" id="{89de8f13-84a5-417d-96fd-9c8d58fcc8a5}" />
      </MissingDependency>
      <MissingDependency>
        <Required type="10" schemaName="govcdm_timeavailability_Person_contact" displayName="govcdm_timeavailability_Person_contact" parentSchemaName="contact" parentDisplayName="Person" solution="govcdm_timetravelandexpenses (1.0.0.1)" />
        <Dependent type="60" displayName="Information" parentDisplayName="Availability" id="{89de8f13-84a5-417d-96fd-9c8d58fcc8a5}" />
      </MissingDependency>
      <MissingDependency>
        <Required type="10" schemaName="govcdm_travelrequest_Traveler_contact" displayName="govcdm_travelrequest_Traveler_contact" parentSchemaName="contact" parentDisplayName="Person" solution="govcdm_timetravelandexpenses (1.0.0.1)" />
        <Dependent type="60" displayName="Information" parentDisplayName="Travel Request" id="{716d54fd-157a-4103-833c-711fc5b773e1}" />
      </MissingDependency>
      <MissingDependency>
        <Required type="10" schemaName="govcdm_travelrequest_TravelerCountry_govcdm_country" displayName="govcdm_travelrequest_TravelerCountry_govcdm_country" parentSchemaName="govcdm_country" parentDisplayName="Country" solution="govcdm_timetravelandexpenses (1.0.0.1)" />
        <Dependent type="60" displayName="Information" parentDisplayName="Travel Request" id="{716d54fd-157a-4103-833c-711fc5b773e1}" />
      </MissingDependency>
      <MissingDependency>
        <Required type="10" schemaName="govcdm_travelrequest_TravelerDutyStation_govcdm_location" displayName="govcdm_travelrequest_TravelerDutyStation_govcdm_location" parentSchemaName="govcdm_location" parentDisplayName="Location" solution="govcdm_timetravelandexpenses (1.0.0.1)" />
        <Dependent type="60" displayName="Information" parentDisplayName="Travel Request" id="{716d54fd-157a-4103-833c-711fc5b773e1}" />
      </MissingDependency>
      <MissingDependency>
        <Required type="10" schemaName="govcdm_travelrequest_TravelerOrganizationUnit_govcdm_organizationunit" displayName="govcdm_travelrequest_TravelerOrganizationUnit_govcdm_organizationunit" parentSchemaName="govcdm_organizationunit" parentDisplayName="Organization Unit" solution="govcdm_timetravelandexpenses (1.0.0.1)" />
        <Dependent type="60" displayName="Information" parentDisplayName="Travel Request" id="{716d54fd-157a-4103-833c-711fc5b773e1}" />
      </MissingDependency>
      <MissingDependency>
        <Required type="10" schemaName="govcdm_travelrequest_TravelerStateorProvince_govcdm_stateorprovince" displayName="govcdm_travelrequest_TravelerStateorProvince_govcdm_stateorprovince" parentSchemaName="govcdm_stateorprovince" parentDisplayName="State or Province" solution="govcdm_timetravelandexpenses (1.0.0.1)" />
        <Dependent type="60" displayName="Information" parentDisplayName="Travel Request" id="{716d54fd-157a-4103-833c-711fc5b773e1}" />
      </MissingDependency>
      <MissingDependency>
        <Required type="10" schemaName="govcdm_travelrequest_TravelPurpose_govcdm_travelpurpose" displayName="govcdm_travelrequest_TravelPurpose_govcdm_travelpurpose" parentSchemaName="govcdm_travelpurpose" parentDisplayName="Travel Purpose" solution="govcdm_timetravelandexpenses (1.0.0.1)" />
        <Dependent type="60" displayName="Information" parentDisplayName="Travel Request" id="{716d54fd-157a-4103-833c-711fc5b773e1}" />
      </MissingDependency>
      <MissingDependency>
        <Required type="10" schemaName="govcdm_travelsegment_DestinationCountry_govcdm_country" displayName="govcdm_travelsegment_DestinationCountry_govcdm_country" parentSchemaName="govcdm_country" parentDisplayName="Country" solution="govcdm_timetravelandexpenses (1.0.0.1)" />
        <Dependent type="60" displayName="Information" parentDisplayName="Travel Segment" id="{ae0cc32b-9f11-4e9d-b379-6394017546e2}" />
      </MissingDependency>
      <MissingDependency>
        <Required type="10" schemaName="govcdm_travelsegment_DestinationStateorProvince_govcdm_stateorprovince" displayName="govcdm_travelsegment_DestinationStateorProvince_govcdm_stateorprovince" parentSchemaName="govcdm_stateorprovince" parentDisplayName="State or Province" solution="govcdm_timetravelandexpenses (1.0.0.1)" />
        <Dependent type="60" displayName="Information" parentDisplayName="Travel Segment" id="{ae0cc32b-9f11-4e9d-b379-6394017546e2}" />
      </MissingDependency>
      <MissingDependency>
        <Required type="10" schemaName="govcdm_travelsegment_TravelRequest_govcdm_travelrequest" displayName="govcdm_travelsegment_TravelRequest_govcdm_travelrequest" parentSchemaName="govcdm_travelrequest" parentDisplayName="Travel Request" solution="govcdm_timetravelandexpenses (1.0.0.1)" />
        <Dependent type="60" displayName="Information" parentDisplayName="Travel Request" id="{716d54fd-157a-4103-833c-711fc5b773e1}" />
      </MissingDependency>
      <MissingDependency>
        <Required type="10" schemaName="govcdm_travelsegment_TravelRequest_govcdm_travelrequest" displayName="govcdm_travelsegment_TravelRequest_govcdm_travelrequest" parentSchemaName="govcdm_travelrequest" parentDisplayName="Travel Request" solution="govcdm_timetravelandexpenses (1.0.0.1)" />
        <Dependent type="60" displayName="Information" parentDisplayName="Travel Segment" id="{ae0cc32b-9f11-4e9d-b379-6394017546e2}" />
      </MissingDependency>
      <MissingDependency>
        <Required type="2" schemaName="activityid" displayName="Activity" parentSchemaName="govcdm_actionassignment" parentDisplayName="Action Assignment" solution="Active" />
        <Dependent type="26" schemaName="Approval Needed" displayName="Approval Needed" parentSchemaName="govcdm_travelrequest" parentDisplayName="Travel Request" id="{d91c00ec-6d2a-ef11-840a-001dd805290e}" />
      </MissingDependency>
      <MissingDependency>
        <Required type="2" schemaName="createdon" displayName="Created On" parentSchemaName="govcdm_timeavailability" parentDisplayName="Availability" solution="govcdm_timetravelandexpenses (1.0.0.1)" />
        <Dependent type="26" schemaName="Inactive Availabilities" displayName="Inactive Availabilities" parentSchemaName="govcdm_timeavailability" parentDisplayName="Availability" id="{987dfb70-047f-4112-808b-72ff4830f83d}" />
      </MissingDependency>
      <MissingDependency>
        <Required type="2" schemaName="createdon" displayName="Created On" parentSchemaName="govcdm_travelrequest" parentDisplayName="Travel Request" solution="govcdm_timetravelandexpenses (1.0.0.1)" />
        <Dependent type="26" schemaName="Active Travel Requests" displayName="Active Travel Requests" parentSchemaName="govcdm_travelrequest" parentDisplayName="Travel Request" id="{2a71066c-c6ed-483a-b426-fc319405ea53}" />
      </MissingDependency>
      <MissingDependency>
        <Required type="2" schemaName="govcdm_actiontype" displayName="Action Type" parentSchemaName="govcdm_actionassignment" parentDisplayName="Action Assignment" solution="govcdm_processandtasking (1.0.2.0)" />
        <Dependent type="26" schemaName="Approval Needed" displayName="Approval Needed" parentSchemaName="govcdm_travelrequest" parentDisplayName="Travel Request" id="{d91c00ec-6d2a-ef11-840a-001dd805290e}" />
      </MissingDependency>
      <MissingDependency>
        <Required type="2" schemaName="govcdm_actualexpenserate" displayName="Actual Expense Rate" parentSchemaName="govcdm_travelsegment" parentDisplayName="Travel Segment" solution="govcdm_timetravelandexpenses (1.0.0.1)" />
        <Dependent type="60" displayName="Information" parentDisplayName="Travel Segment" id="{ae0cc32b-9f11-4e9d-b379-6394017546e2}" />
      </MissingDependency>
      <MissingDependency>
        <Required type="2" schemaName="govcdm_approvalstatus" displayName="Approval Status" parentSchemaName="govcdm_travelrequest" parentDisplayName="Travel Request" solution="govcdm_timetravelandexpenses (1.0.0.1)" />
        <Dependent type="59" schemaName="Requests by Reason and Status" displayName="Requests by Reason and Status" parentSchemaName="govcdm_travelrequest" parentDisplayName="Travel Request" id="{3899d00e-6115-f011-9989-001dd809c52b}" />
      </MissingDependency>
      <MissingDependency>
        <Required type="2" schemaName="govcdm_approvalstatus" displayName="Approval Status" parentSchemaName="govcdm_travelrequest" parentDisplayName="Travel Request" solution="govcdm_timetravelandexpenses (1.0.0.1)" />
        <Dependent type="60" displayName="Information" parentDisplayName="Travel Request" id="{716d54fd-157a-4103-833c-711fc5b773e1}" />
      </MissingDependency>
      <MissingDependency>
        <Required type="2" schemaName="govcdm_areactualexpensesauthorized" displayName="Are Actual Expenses Authorized?" parentSchemaName="govcdm_travelrequest" parentDisplayName="Travel Request" solution="govcdm_timetravelandexpenses (1.0.0.1)" />
        <Dependent type="60" displayName="Information" parentDisplayName="Travel Request" id="{716d54fd-157a-4103-833c-711fc5b773e1}" />
      </MissingDependency>
      <MissingDependency>
        <Required type="2" schemaName="govcdm_commitmentstatus" displayName="Commitment Status" parentSchemaName="govcdm_timeavailability" parentDisplayName="Availability" solution="govcdm_timetravelandexpenses (1.0.0.1)" />
        <Dependent type="26" schemaName="Active Availabilities" displayName="Active Availabilities" parentSchemaName="govcdm_timeavailability" parentDisplayName="Availability" id="{4993f4bd-925f-43d6-bc05-131e99aa05ff}" />
      </MissingDependency>
      <MissingDependency>
        <Required type="2" schemaName="govcdm_commitmentstatus" displayName="Commitment Status" parentSchemaName="govcdm_timeavailability" parentDisplayName="Availability" solution="govcdm_timetravelandexpenses (1.0.0.1)" />
        <Dependent type="60" displayName="Information" parentDisplayName="Availability" id="{89de8f13-84a5-417d-96fd-9c8d58fcc8a5}" />
      </MissingDependency>
      <MissingDependency>
        <Required type="2" schemaName="govcdm_destination" displayName="Destination" parentSchemaName="govcdm_travelrequest" parentDisplayName="Travel Request" solution="govcdm_timetravelandexpenses (1.0.0.1)" />
        <Dependent type="60" displayName="Information" parentDisplayName="Travel Request" id="{716d54fd-157a-4103-833c-711fc5b773e1}" />
      </MissingDependency>
      <MissingDependency>
        <Required type="2" schemaName="govcdm_destinationcity" displayName="Destination City" parentSchemaName="govcdm_travelsegment" parentDisplayName="Travel Segment" solution="govcdm_timetravelandexpenses (1.0.0.1)" />
        <Dependent type="60" displayName="Information" parentDisplayName="Travel Segment" id="{ae0cc32b-9f11-4e9d-b379-6394017546e2}" />
      </MissingDependency>
      <MissingDependency>
        <Required type="2" schemaName="govcdm_destinationcountry" displayName="Destination Country" parentSchemaName="govcdm_travelsegment" parentDisplayName="Travel Segment" solution="govcdm_timetravelandexpenses (1.0.0.1)" />
        <Dependent type="60" displayName="Information" parentDisplayName="Travel Segment" id="{ae0cc32b-9f11-4e9d-b379-6394017546e2}" />
      </MissingDependency>
      <MissingDependency>
        <Required type="2" schemaName="govcdm_destinationstateorprovince" displayName="Destination State or Province" parentSchemaName="govcdm_travelsegment" parentDisplayName="Travel Segment" solution="govcdm_timetravelandexpenses (1.0.0.1)" />
        <Dependent type="60" displayName="Information" parentDisplayName="Travel Segment" id="{ae0cc32b-9f11-4e9d-b379-6394017546e2}" />
      </MissingDependency>
      <MissingDependency>
        <Required type="2" schemaName="govcdm_details" displayName="Details" parentSchemaName="govcdm_timeavailability" parentDisplayName="Availability" solution="govcdm_timetravelandexpenses (1.0.0.1)" />
        <Dependent type="26" schemaName="Active Availabilities" displayName="Active Availabilities" parentSchemaName="govcdm_timeavailability" parentDisplayName="Availability" id="{4993f4bd-925f-43d6-bc05-131e99aa05ff}" />
      </MissingDependency>
      <MissingDependency>
        <Required type="2" schemaName="govcdm_details" displayName="Details" parentSchemaName="govcdm_timeavailability" parentDisplayName="Availability" solution="govcdm_timetravelandexpenses (1.0.0.1)" />
        <Dependent type="60" displayName="Information" parentDisplayName="Availability" id="{89de8f13-84a5-417d-96fd-9c8d58fcc8a5}" />
      </MissingDependency>
      <MissingDependency>
        <Required type="2" schemaName="govcdm_enddate" displayName="End Date" parentSchemaName="govcdm_timeavailability" parentDisplayName="Availability" solution="govcdm_timetravelandexpenses (1.0.0.1)" />
        <Dependent type="26" schemaName="Active Availabilities" displayName="Active Availabilities" parentSchemaName="govcdm_timeavailability" parentDisplayName="Availability" id="{4993f4bd-925f-43d6-bc05-131e99aa05ff}" />
      </MissingDependency>
      <MissingDependency>
        <Required type="2" schemaName="govcdm_enddate" displayName="End Date" parentSchemaName="govcdm_timeavailability" parentDisplayName="Availability" solution="govcdm_timetravelandexpenses (1.0.0.1)" />
        <Dependent type="60" displayName="Information" parentDisplayName="Availability" id="{89de8f13-84a5-417d-96fd-9c8d58fcc8a5}" />
      </MissingDependency>
      <MissingDependency>
        <Required type="2" schemaName="govcdm_estimatedcostother" displayName="Estimated Cost Other" parentSchemaName="govcdm_travelrequest" parentDisplayName="Travel Request" solution="govcdm_timetravelandexpenses (1.0.0.1)" />
        <Dependent type="60" displayName="Information" parentDisplayName="Travel Request" id="{716d54fd-157a-4103-833c-711fc5b773e1}" />
      </MissingDependency>
      <MissingDependency>
        <Required type="2" schemaName="govcdm_estimatedcostperdiem" displayName="Estimated Cost Per Diem" parentSchemaName="govcdm_travelrequest" parentDisplayName="Travel Request" solution="govcdm_timetravelandexpenses (1.0.0.1)" />
        <Dependent type="60" displayName="Information" parentDisplayName="Travel Request" id="{716d54fd-157a-4103-833c-711fc5b773e1}" />
      </MissingDependency>
      <MissingDependency>
        <Required type="2" schemaName="govcdm_estimatedcosttotal" displayName="Estimated Cost Total" parentSchemaName="govcdm_travelrequest" parentDisplayName="Travel Request" solution="govcdm_timetravelandexpenses (1.0.0.1)" />
        <Dependent type="26" schemaName="Approval Needed" displayName="Approval Needed" parentSchemaName="govcdm_travelrequest" parentDisplayName="Travel Request" id="{d91c00ec-6d2a-ef11-840a-001dd805290e}" />
      </MissingDependency>
      <MissingDependency>
        <Required type="2" schemaName="govcdm_estimatedcosttotal" displayName="Estimated Cost Total" parentSchemaName="govcdm_travelrequest" parentDisplayName="Travel Request" solution="govcdm_timetravelandexpenses (1.0.0.1)" />
        <Dependent type="60" displayName="Information" parentDisplayName="Travel Request" id="{716d54fd-157a-4103-833c-711fc5b773e1}" />
      </MissingDependency>
      <MissingDependency>
        <Required type="2" schemaName="govcdm_estimatedcosttravel" displayName="Estimated Cost Travel" parentSchemaName="govcdm_travelrequest" parentDisplayName="Travel Request" solution="govcdm_timetravelandexpenses (1.0.0.1)" />
        <Dependent type="60" displayName="Information" parentDisplayName="Travel Request" id="{716d54fd-157a-4103-833c-711fc5b773e1}" />
      </MissingDependency>
      <MissingDependency>
        <Required type="2" schemaName="govcdm_islowestcostaircarrierused" displayName="Is Lowest Cost Air Carrier Used?" parentSchemaName="govcdm_travelrequest" parentDisplayName="Travel Request" solution="govcdm_timetravelandexpenses (1.0.0.1)" />
        <Dependent type="60" displayName="Information" parentDisplayName="Travel Request" id="{716d54fd-157a-4103-833c-711fc5b773e1}" />
      </MissingDependency>
      <MissingDependency>
        <Required type="2" schemaName="govcdm_ispersonalconvenienceauthorized" displayName="Is Personal Convenience Authorized?" parentSchemaName="govcdm_travelrequest" parentDisplayName="Travel Request" solution="govcdm_timetravelandexpenses (1.0.0.1)" />
        <Dependent type="60" displayName="Information" parentDisplayName="Travel Request" id="{716d54fd-157a-4103-833c-711fc5b773e1}" />
      </MissingDependency>
      <MissingDependency>
        <Required type="2" schemaName="govcdm_ispremiumtravelauthorized" displayName="Is Premium Travel Authorized?" parentSchemaName="govcdm_travelrequest" parentDisplayName="Travel Request" solution="govcdm_timetravelandexpenses (1.0.0.1)" />
        <Dependent type="60" displayName="Information" parentDisplayName="Travel Request" id="{716d54fd-157a-4103-833c-711fc5b773e1}" />
      </MissingDependency>
      <MissingDependency>
        <Required type="2" schemaName="govcdm_location" displayName="Location" parentSchemaName="govcdm_timeavailability" parentDisplayName="Availability" solution="govcdm_timetravelandexpenses (1.0.0.1)" />
        <Dependent type="26" schemaName="Active Availabilities" displayName="Active Availabilities" parentSchemaName="govcdm_timeavailability" parentDisplayName="Availability" id="{4993f4bd-925f-43d6-bc05-131e99aa05ff}" />
      </MissingDependency>
      <MissingDependency>
        <Required type="2" schemaName="govcdm_location" displayName="Location" parentSchemaName="govcdm_timeavailability" parentDisplayName="Availability" solution="govcdm_timetravelandexpenses (1.0.0.1)" />
        <Dependent type="60" displayName="Information" parentDisplayName="Availability" id="{89de8f13-84a5-417d-96fd-9c8d58fcc8a5}" />
      </MissingDependency>
      <MissingDependency>
        <Required type="2" schemaName="govcdm_methodoftravel" displayName="Method of Travel" parentSchemaName="govcdm_travelsegment" parentDisplayName="Travel Segment" solution="govcdm_timetravelandexpenses (1.0.0.1)" />
        <Dependent type="60" displayName="Information" parentDisplayName="Travel Segment" id="{ae0cc32b-9f11-4e9d-b379-6394017546e2}" />
      </MissingDependency>
      <MissingDependency>
        <Required type="2" schemaName="govcdm_name" displayName="Name" parentSchemaName="govcdm_timeavailability" parentDisplayName="Availability" solution="govcdm_timetravelandexpenses (1.0.0.1)" />
        <Dependent type="26" schemaName="Active Availabilities" displayName="Active Availabilities" parentSchemaName="govcdm_timeavailability" parentDisplayName="Availability" id="{4993f4bd-925f-43d6-bc05-131e99aa05ff}" />
      </MissingDependency>
      <MissingDependency>
        <Required type="2" schemaName="govcdm_name" displayName="Name" parentSchemaName="govcdm_timeavailability" parentDisplayName="Availability" solution="govcdm_timetravelandexpenses (1.0.0.1)" />
        <Dependent type="26" schemaName="Inactive Availabilities" displayName="Inactive Availabilities" parentSchemaName="govcdm_timeavailability" parentDisplayName="Availability" id="{987dfb70-047f-4112-808b-72ff4830f83d}" />
      </MissingDependency>
      <MissingDependency>
        <Required type="2" schemaName="govcdm_name" displayName="Name" parentSchemaName="govcdm_timeavailability" parentDisplayName="Availability" solution="govcdm_timetravelandexpenses (1.0.0.1)" />
        <Dependent type="60" displayName="Information" parentDisplayName="Availability" id="{89de8f13-84a5-417d-96fd-9c8d58fcc8a5}" />
      </MissingDependency>
      <MissingDependency>
        <Required type="2" schemaName="govcdm_name" displayName="Authorization Number" parentSchemaName="govcdm_travelrequest" parentDisplayName="Travel Request" solution="govcdm_timetravelandexpenses (1.0.0.1)" />
        <Dependent type="26" schemaName="Active Travel Requests" displayName="Active Travel Requests" parentSchemaName="govcdm_travelrequest" parentDisplayName="Travel Request" id="{2a71066c-c6ed-483a-b426-fc319405ea53}" />
      </MissingDependency>
      <MissingDependency>
        <Required type="2" schemaName="govcdm_name" displayName="Authorization Number" parentSchemaName="govcdm_travelrequest" parentDisplayName="Travel Request" solution="govcdm_timetravelandexpenses (1.0.0.1)" />
        <Dependent type="26" schemaName="Approval Needed" displayName="Approval Needed" parentSchemaName="govcdm_travelrequest" parentDisplayName="Travel Request" id="{d91c00ec-6d2a-ef11-840a-001dd805290e}" />
      </MissingDependency>
      <MissingDependency>
        <Required type="2" schemaName="govcdm_name" displayName="Authorization Number" parentSchemaName="govcdm_travelrequest" parentDisplayName="Travel Request" solution="govcdm_timetravelandexpenses (1.0.0.1)" />
        <Dependent type="60" displayName="Information" parentDisplayName="Travel Request" id="{716d54fd-157a-4103-833c-711fc5b773e1}" />
      </MissingDependency>
      <MissingDependency>
        <Required type="2" schemaName="govcdm_name" displayName="Name" parentSchemaName="govcdm_travelsegment" parentDisplayName="Travel Segment" solution="govcdm_timetravelandexpenses (1.0.0.1)" />
        <Dependent type="60" displayName="Information" parentDisplayName="Travel Segment" id="{ae0cc32b-9f11-4e9d-b379-6394017546e2}" />
      </MissingDependency>
      <MissingDependency>
        <Required type="2" schemaName="govcdm_perdiemmaximumincidentals" displayName="Per Diem Maximum Incidentals" parentSchemaName="govcdm_travelsegment" parentDisplayName="Travel Segment" solution="govcdm_timetravelandexpenses (1.0.0.1)" />
        <Dependent type="60" displayName="Information" parentDisplayName="Travel Segment" id="{ae0cc32b-9f11-4e9d-b379-6394017546e2}" />
      </MissingDependency>
      <MissingDependency>
        <Required type="2" schemaName="govcdm_perdiemmaximumlodging" displayName="Per Diem Maximum Lodging" parentSchemaName="govcdm_travelsegment" parentDisplayName="Travel Segment" solution="govcdm_timetravelandexpenses (1.0.0.1)" />
        <Dependent type="60" displayName="Information" parentDisplayName="Travel Segment" id="{ae0cc32b-9f11-4e9d-b379-6394017546e2}" />
      </MissingDependency>
      <MissingDependency>
        <Required type="2" schemaName="govcdm_perdiemtotal" displayName="Per Diem Total" parentSchemaName="govcdm_travelsegment" parentDisplayName="Travel Segment" solution="govcdm_timetravelandexpenses (1.0.0.1)" />
        <Dependent type="60" displayName="Information" parentDisplayName="Travel Segment" id="{ae0cc32b-9f11-4e9d-b379-6394017546e2}" />
      </MissingDependency>
      <MissingDependency>
        <Required type="2" schemaName="govcdm_person" displayName="Person" parentSchemaName="govcdm_timeavailability" parentDisplayName="Availability" solution="govcdm_timetravelandexpenses (1.0.0.1)" />
        <Dependent type="26" schemaName="Active Availabilities" displayName="Active Availabilities" parentSchemaName="govcdm_timeavailability" parentDisplayName="Availability" id="{4993f4bd-925f-43d6-bc05-131e99aa05ff}" />
      </MissingDependency>
      <MissingDependency>
        <Required type="2" schemaName="govcdm_person" displayName="Person" parentSchemaName="govcdm_timeavailability" parentDisplayName="Availability" solution="govcdm_timetravelandexpenses (1.0.0.1)" />
        <Dependent type="60" displayName="Information" parentDisplayName="Availability" id="{89de8f13-84a5-417d-96fd-9c8d58fcc8a5}" />
      </MissingDependency>
      <MissingDependency>
        <Required type="2" schemaName="govcdm_personnelavailability" displayName="Personnel Availability" parentSchemaName="govcdm_timeavailability" parentDisplayName="Availability" solution="govcdm_timetravelandexpenses (1.0.0.1)" />
        <Dependent type="26" schemaName="Active Availabilities" displayName="Active Availabilities" parentSchemaName="govcdm_timeavailability" parentDisplayName="Availability" id="{4993f4bd-925f-43d6-bc05-131e99aa05ff}" />
      </MissingDependency>
      <MissingDependency>
        <Required type="2" schemaName="govcdm_personnelavailability" displayName="Personnel Availability" parentSchemaName="govcdm_timeavailability" parentDisplayName="Availability" solution="govcdm_timetravelandexpenses (1.0.0.1)" />
        <Dependent type="60" displayName="Information" parentDisplayName="Availability" id="{89de8f13-84a5-417d-96fd-9c8d58fcc8a5}" />
      </MissingDependency>
      <MissingDependency>
        <Required type="2" schemaName="govcdm_requestcomments" displayName="Request Comments" parentSchemaName="govcdm_travelrequest" parentDisplayName="Travel Request" solution="govcdm_timetravelandexpenses (1.0.0.1)" />
        <Dependent type="60" displayName="Information" parentDisplayName="Travel Request" id="{716d54fd-157a-4103-833c-711fc5b773e1}" />
      </MissingDependency>
      <MissingDependency>
        <Required type="2" schemaName="govcdm_requestdate" displayName="Request Date" parentSchemaName="govcdm_travelrequest" parentDisplayName="Travel Request" solution="govcdm_timetravelandexpenses (1.0.0.1)" />
        <Dependent type="26" schemaName="Active Travel Requests" displayName="Active Travel Requests" parentSchemaName="govcdm_travelrequest" parentDisplayName="Travel Request" id="{2a71066c-c6ed-483a-b426-fc319405ea53}" />
      </MissingDependency>
      <MissingDependency>
        <Required type="2" schemaName="govcdm_requestdate" displayName="Request Date" parentSchemaName="govcdm_travelrequest" parentDisplayName="Travel Request" solution="govcdm_timetravelandexpenses (1.0.0.1)" />
        <Dependent type="26" schemaName="Approval Needed" displayName="Approval Needed" parentSchemaName="govcdm_travelrequest" parentDisplayName="Travel Request" id="{d91c00ec-6d2a-ef11-840a-001dd805290e}" />
      </MissingDependency>
      <MissingDependency>
        <Required type="2" schemaName="govcdm_requestdate" displayName="Request Date" parentSchemaName="govcdm_travelrequest" parentDisplayName="Travel Request" solution="govcdm_timetravelandexpenses (1.0.0.1)" />
        <Dependent type="59" schemaName="Approved Requests by Request Date" displayName="Approved Requests by Request Date" parentSchemaName="govcdm_travelrequest" parentDisplayName="Travel Request" id="{e496d472-5e15-f011-9989-001dd809c52b}" />
      </MissingDependency>
      <MissingDependency>
        <Required type="2" schemaName="govcdm_requestdate" displayName="Request Date" parentSchemaName="govcdm_travelrequest" parentDisplayName="Travel Request" solution="govcdm_timetravelandexpenses (1.0.0.1)" />
        <Dependent type="60" displayName="Information" parentDisplayName="Travel Request" id="{716d54fd-157a-4103-833c-711fc5b773e1}" />
      </MissingDependency>
      <MissingDependency>
        <Required type="2" schemaName="govcdm_segmentenddatetime" displayName="Segment End Date Time" parentSchemaName="govcdm_travelsegment" parentDisplayName="Travel Segment" solution="govcdm_timetravelandexpenses (1.0.0.1)" />
        <Dependent type="60" displayName="Information" parentDisplayName="Travel Segment" id="{ae0cc32b-9f11-4e9d-b379-6394017546e2}" />
      </MissingDependency>
      <MissingDependency>
        <Required type="2" schemaName="govcdm_segmentstartdatetime" displayName="Segment Start Date Time" parentSchemaName="govcdm_travelsegment" parentDisplayName="Travel Segment" solution="govcdm_timetravelandexpenses (1.0.0.1)" />
        <Dependent type="60" displayName="Information" parentDisplayName="Travel Segment" id="{ae0cc32b-9f11-4e9d-b379-6394017546e2}" />
      </MissingDependency>
      <MissingDependency>
        <Required type="2" schemaName="govcdm_startdate" displayName="Start Date" parentSchemaName="govcdm_timeavailability" parentDisplayName="Availability" solution="govcdm_timetravelandexpenses (1.0.0.1)" />
        <Dependent type="26" schemaName="Active Availabilities" displayName="Active Availabilities" parentSchemaName="govcdm_timeavailability" parentDisplayName="Availability" id="{4993f4bd-925f-43d6-bc05-131e99aa05ff}" />
      </MissingDependency>
      <MissingDependency>
        <Required type="2" schemaName="govcdm_startdate" displayName="Start Date" parentSchemaName="govcdm_timeavailability" parentDisplayName="Availability" solution="govcdm_timetravelandexpenses (1.0.0.1)" />
        <Dependent type="60" displayName="Information" parentDisplayName="Availability" id="{89de8f13-84a5-417d-96fd-9c8d58fcc8a5}" />
      </MissingDependency>
      <MissingDependency>
        <Required type="2" schemaName="govcdm_submissiontype" displayName="Submission Type" parentSchemaName="govcdm_travelrequest" parentDisplayName="Travel Request" solution="govcdm_timetravelandexpenses (1.0.0.1)" />
        <Dependent type="60" displayName="Information" parentDisplayName="Travel Request" id="{716d54fd-157a-4103-833c-711fc5b773e1}" />
      </MissingDependency>
      <MissingDependency>
        <Required type="2" schemaName="govcdm_timeavailabilityid" displayName="Time Availability" parentSchemaName="govcdm_timeavailability" parentDisplayName="Availability" solution="govcdm_timetravelandexpenses (1.0.0.1)" />
        <Dependent type="26" schemaName="Active Availabilities" displayName="Active Availabilities" parentSchemaName="govcdm_timeavailability" parentDisplayName="Availability" id="{4993f4bd-925f-43d6-bc05-131e99aa05ff}" />
      </MissingDependency>
      <MissingDependency>
        <Required type="2" schemaName="govcdm_timeavailabilityid" displayName="Time Availability" parentSchemaName="govcdm_timeavailability" parentDisplayName="Availability" solution="govcdm_timetravelandexpenses (1.0.0.1)" />
        <Dependent type="26" schemaName="Inactive Availabilities" displayName="Inactive Availabilities" parentSchemaName="govcdm_timeavailability" parentDisplayName="Availability" id="{987dfb70-047f-4112-808b-72ff4830f83d}" />
      </MissingDependency>
      <MissingDependency>
        <Required type="2" schemaName="govcdm_traveladvanceauthorizedamount" displayName="Travel Advance Authorized Amount" parentSchemaName="govcdm_travelrequest" parentDisplayName="Travel Request" solution="govcdm_timetravelandexpenses (1.0.0.1)" />
        <Dependent type="60" displayName="Information" parentDisplayName="Travel Request" id="{716d54fd-157a-4103-833c-711fc5b773e1}" />
      </MissingDependency>
      <MissingDependency>
        <Required type="2" schemaName="govcdm_traveler" displayName="Traveler" parentSchemaName="govcdm_travelrequest" parentDisplayName="Travel Request" solution="govcdm_timetravelandexpenses (1.0.0.1)" />
        <Dependent type="60" displayName="Information" parentDisplayName="Travel Request" id="{716d54fd-157a-4103-833c-711fc5b773e1}" />
      </MissingDependency>
      <MissingDependency>
        <Required type="2" schemaName="govcdm_traveleraddressline1" displayName="Traveler Address Line 1" parentSchemaName="govcdm_travelrequest" parentDisplayName="Travel Request" solution="govcdm_timetravelandexpenses (1.0.0.1)" />
        <Dependent type="60" displayName="Information" parentDisplayName="Travel Request" id="{716d54fd-157a-4103-833c-711fc5b773e1}" />
      </MissingDependency>
      <MissingDependency>
        <Required type="2" schemaName="govcdm_traveleraddressline2" displayName="Traveler Address Line 2" parentSchemaName="govcdm_travelrequest" parentDisplayName="Travel Request" solution="govcdm_timetravelandexpenses (1.0.0.1)" />
        <Dependent type="60" displayName="Information" parentDisplayName="Travel Request" id="{716d54fd-157a-4103-833c-711fc5b773e1}" />
      </MissingDependency>
      <MissingDependency>
        <Required type="2" schemaName="govcdm_travelercity" displayName="Traveler City" parentSchemaName="govcdm_travelrequest" parentDisplayName="Travel Request" solution="govcdm_timetravelandexpenses (1.0.0.1)" />
        <Dependent type="60" displayName="Information" parentDisplayName="Travel Request" id="{716d54fd-157a-4103-833c-711fc5b773e1}" />
      </MissingDependency>
      <MissingDependency>
        <Required type="2" schemaName="govcdm_travelercorrespondencesymbol" displayName="Traveler Correspondence Symbol" parentSchemaName="govcdm_travelrequest" parentDisplayName="Travel Request" solution="govcdm_timetravelandexpenses (1.0.0.1)" />
        <Dependent type="60" displayName="Information" parentDisplayName="Travel Request" id="{716d54fd-157a-4103-833c-711fc5b773e1}" />
      </MissingDependency>
      <MissingDependency>
        <Required type="2" schemaName="govcdm_travelercountry" displayName="Traveler Country" parentSchemaName="govcdm_travelrequest" parentDisplayName="Travel Request" solution="govcdm_timetravelandexpenses (1.0.0.1)" />
        <Dependent type="60" displayName="Information" parentDisplayName="Travel Request" id="{716d54fd-157a-4103-833c-711fc5b773e1}" />
      </MissingDependency>
      <MissingDependency>
        <Required type="2" schemaName="govcdm_travelerdutystation" displayName="Traveler Duty Station" parentSchemaName="govcdm_travelrequest" parentDisplayName="Travel Request" solution="govcdm_timetravelandexpenses (1.0.0.1)" />
        <Dependent type="60" displayName="Information" parentDisplayName="Travel Request" id="{716d54fd-157a-4103-833c-711fc5b773e1}" />
      </MissingDependency>
      <MissingDependency>
        <Required type="2" schemaName="govcdm_travelerfirstname" displayName="Traveler First Name" parentSchemaName="govcdm_travelrequest" parentDisplayName="Travel Request" solution="govcdm_timetravelandexpenses (1.0.0.1)" />
        <Dependent type="26" schemaName="Active Travel Requests" displayName="Active Travel Requests" parentSchemaName="govcdm_travelrequest" parentDisplayName="Travel Request" id="{2a71066c-c6ed-483a-b426-fc319405ea53}" />
      </MissingDependency>
      <MissingDependency>
        <Required type="2" schemaName="govcdm_travelerfirstname" displayName="Traveler First Name" parentSchemaName="govcdm_travelrequest" parentDisplayName="Travel Request" solution="govcdm_timetravelandexpenses (1.0.0.1)" />
        <Dependent type="26" schemaName="Approval Needed" displayName="Approval Needed" parentSchemaName="govcdm_travelrequest" parentDisplayName="Travel Request" id="{d91c00ec-6d2a-ef11-840a-001dd805290e}" />
      </MissingDependency>
      <MissingDependency>
        <Required type="2" schemaName="govcdm_travelerfirstname" displayName="Traveler First Name" parentSchemaName="govcdm_travelrequest" parentDisplayName="Travel Request" solution="govcdm_timetravelandexpenses (1.0.0.1)" />
        <Dependent type="60" displayName="Information" parentDisplayName="Travel Request" id="{716d54fd-157a-4103-833c-711fc5b773e1}" />
      </MissingDependency>
      <MissingDependency>
        <Required type="2" schemaName="govcdm_travelerlastname" displayName="Traveler Last Name" parentSchemaName="govcdm_travelrequest" parentDisplayName="Travel Request" solution="govcdm_timetravelandexpenses (1.0.0.1)" />
        <Dependent type="26" schemaName="Active Travel Requests" displayName="Active Travel Requests" parentSchemaName="govcdm_travelrequest" parentDisplayName="Travel Request" id="{2a71066c-c6ed-483a-b426-fc319405ea53}" />
      </MissingDependency>
      <MissingDependency>
        <Required type="2" schemaName="govcdm_travelerlastname" displayName="Traveler Last Name" parentSchemaName="govcdm_travelrequest" parentDisplayName="Travel Request" solution="govcdm_timetravelandexpenses (1.0.0.1)" />
        <Dependent type="26" schemaName="Approval Needed" displayName="Approval Needed" parentSchemaName="govcdm_travelrequest" parentDisplayName="Travel Request" id="{d91c00ec-6d2a-ef11-840a-001dd805290e}" />
      </MissingDependency>
      <MissingDependency>
        <Required type="2" schemaName="govcdm_travelerlastname" displayName="Traveler Last Name" parentSchemaName="govcdm_travelrequest" parentDisplayName="Travel Request" solution="govcdm_timetravelandexpenses (1.0.0.1)" />
        <Dependent type="60" displayName="Information" parentDisplayName="Travel Request" id="{716d54fd-157a-4103-833c-711fc5b773e1}" />
      </MissingDependency>
      <MissingDependency>
        <Required type="2" schemaName="govcdm_travelermiddlename" displayName="Traveler Middle Name" parentSchemaName="govcdm_travelrequest" parentDisplayName="Travel Request" solution="govcdm_timetravelandexpenses (1.0.0.1)" />
        <Dependent type="60" displayName="Information" parentDisplayName="Travel Request" id="{716d54fd-157a-4103-833c-711fc5b773e1}" />
      </MissingDependency>
      <MissingDependency>
        <Required type="2" schemaName="govcdm_travelerorganizationunit" displayName="Traveler Organization Unit" parentSchemaName="govcdm_travelrequest" parentDisplayName="Travel Request" solution="govcdm_timetravelandexpenses (1.0.0.1)" />
        <Dependent type="60" displayName="Information" parentDisplayName="Travel Request" id="{716d54fd-157a-4103-833c-711fc5b773e1}" />
      </MissingDependency>
      <MissingDependency>
        <Required type="2" schemaName="govcdm_travelerphonenumber" displayName="Traveler Phone Number" parentSchemaName="govcdm_travelrequest" parentDisplayName="Travel Request" solution="govcdm_timetravelandexpenses (1.0.0.1)" />
        <Dependent type="60" displayName="Information" parentDisplayName="Travel Request" id="{716d54fd-157a-4103-833c-711fc5b773e1}" />
      </MissingDependency>
      <MissingDependency>
        <Required type="2" schemaName="govcdm_travelerstateorprovince" displayName="Traveler State or Province" parentSchemaName="govcdm_travelrequest" parentDisplayName="Travel Request" solution="govcdm_timetravelandexpenses (1.0.0.1)" />
        <Dependent type="60" displayName="Information" parentDisplayName="Travel Request" id="{716d54fd-157a-4103-833c-711fc5b773e1}" />
      </MissingDependency>
      <MissingDependency>
        <Required type="2" schemaName="govcdm_travelfromdate" displayName="Travel From Date" parentSchemaName="govcdm_travelrequest" parentDisplayName="Travel Request" solution="govcdm_timetravelandexpenses (1.0.0.1)" />
        <Dependent type="26" schemaName="Active Travel Requests" displayName="Active Travel Requests" parentSchemaName="govcdm_travelrequest" parentDisplayName="Travel Request" id="{2a71066c-c6ed-483a-b426-fc319405ea53}" />
      </MissingDependency>
      <MissingDependency>
        <Required type="2" schemaName="govcdm_travelfromdate" displayName="Travel From Date" parentSchemaName="govcdm_travelrequest" parentDisplayName="Travel Request" solution="govcdm_timetravelandexpenses (1.0.0.1)" />
        <Dependent type="60" displayName="Information" parentDisplayName="Travel Request" id="{716d54fd-157a-4103-833c-711fc5b773e1}" />
      </MissingDependency>
      <MissingDependency>
        <Required type="2" schemaName="govcdm_travelhasgovernmentpurchasecard" displayName="Travel Has Government Purchase Card?" parentSchemaName="govcdm_travelrequest" parentDisplayName="Travel Request" solution="govcdm_timetravelandexpenses (1.0.0.1)" />
        <Dependent type="60" displayName="Information" parentDisplayName="Travel Request" id="{716d54fd-157a-4103-833c-711fc5b773e1}" />
      </MissingDependency>
      <MissingDependency>
        <Required type="2" schemaName="govcdm_travelpurpose" displayName="Travel Purpose" parentSchemaName="govcdm_travelrequest" parentDisplayName="Travel Request" solution="govcdm_timetravelandexpenses (1.0.0.1)" />
        <Dependent type="26" schemaName="Active Travel Requests" displayName="Active Travel Requests" parentSchemaName="govcdm_travelrequest" parentDisplayName="Travel Request" id="{2a71066c-c6ed-483a-b426-fc319405ea53}" />
      </MissingDependency>
      <MissingDependency>
        <Required type="2" schemaName="govcdm_travelpurpose" displayName="Travel Purpose" parentSchemaName="govcdm_travelrequest" parentDisplayName="Travel Request" solution="govcdm_timetravelandexpenses (1.0.0.1)" />
        <Dependent type="59" schemaName="Requests by Reason and Status" displayName="Requests by Reason and Status" parentSchemaName="govcdm_travelrequest" parentDisplayName="Travel Request" id="{3899d00e-6115-f011-9989-001dd809c52b}" />
      </MissingDependency>
      <MissingDependency>
        <Required type="2" schemaName="govcdm_travelpurpose" displayName="Travel Purpose" parentSchemaName="govcdm_travelrequest" parentDisplayName="Travel Request" solution="govcdm_timetravelandexpenses (1.0.0.1)" />
        <Dependent type="60" displayName="Information" parentDisplayName="Travel Request" id="{716d54fd-157a-4103-833c-711fc5b773e1}" />
      </MissingDependency>
      <MissingDependency>
        <Required type="2" schemaName="govcdm_travelreason" displayName="Travel Reason" parentSchemaName="govcdm_travelrequest" parentDisplayName="Travel Request" solution="govcdm_timetravelandexpenses (1.0.0.1)" />
        <Dependent type="60" displayName="Information" parentDisplayName="Travel Request" id="{716d54fd-157a-4103-833c-711fc5b773e1}" />
      </MissingDependency>
      <MissingDependency>
        <Required type="2" schemaName="govcdm_travelrequest" displayName="Travel Request" parentSchemaName="govcdm_travelsegment" parentDisplayName="Travel Segment" solution="govcdm_timetravelandexpenses (1.0.0.1)" />
        <Dependent type="60" displayName="Information" parentDisplayName="Travel Segment" id="{ae0cc32b-9f11-4e9d-b379-6394017546e2}" />
      </MissingDependency>
      <MissingDependency>
        <Required type="2" schemaName="govcdm_travelrequestid" displayName="Travel Request" parentSchemaName="govcdm_travelrequest" parentDisplayName="Travel Request" solution="govcdm_timetravelandexpenses (1.0.0.1)" />
        <Dependent type="26" schemaName="Active Travel Requests" displayName="Active Travel Requests" parentSchemaName="govcdm_travelrequest" parentDisplayName="Travel Request" id="{2a71066c-c6ed-483a-b426-fc319405ea53}" />
      </MissingDependency>
      <MissingDependency>
        <Required type="2" schemaName="govcdm_travelrequestid" displayName="Travel Request" parentSchemaName="govcdm_travelrequest" parentDisplayName="Travel Request" solution="govcdm_timetravelandexpenses (1.0.0.1)" />
        <Dependent type="26" schemaName="Approval Needed" displayName="Approval Needed" parentSchemaName="govcdm_travelrequest" parentDisplayName="Travel Request" id="{d91c00ec-6d2a-ef11-840a-001dd805290e}" />
      </MissingDependency>
      <MissingDependency>
        <Required type="2" schemaName="govcdm_travelrequestid" displayName="Travel Request" parentSchemaName="govcdm_travelrequest" parentDisplayName="Travel Request" solution="govcdm_timetravelandexpenses (1.0.0.1)" />
        <Dependent type="59" schemaName="Requests by Reason and Status" displayName="Requests by Reason and Status" parentSchemaName="govcdm_travelrequest" parentDisplayName="Travel Request" id="{3899d00e-6115-f011-9989-001dd809c52b}" />
      </MissingDependency>
      <MissingDependency>
        <Required type="2" schemaName="govcdm_travelrequestid" displayName="Travel Request" parentSchemaName="govcdm_travelrequest" parentDisplayName="Travel Request" solution="govcdm_timetravelandexpenses (1.0.0.1)" />
        <Dependent type="59" schemaName="Approved Requests by Request Date" displayName="Approved Requests by Request Date" parentSchemaName="govcdm_travelrequest" parentDisplayName="Travel Request" id="{e496d472-5e15-f011-9989-001dd809c52b}" />
      </MissingDependency>
      <MissingDependency>
        <Required type="2" schemaName="govcdm_traveltodate" displayName="Travel To Date" parentSchemaName="govcdm_travelrequest" parentDisplayName="Travel Request" solution="govcdm_timetravelandexpenses (1.0.0.1)" />
        <Dependent type="26" schemaName="Active Travel Requests" displayName="Active Travel Requests" parentSchemaName="govcdm_travelrequest" parentDisplayName="Travel Request" id="{2a71066c-c6ed-483a-b426-fc319405ea53}" />
      </MissingDependency>
      <MissingDependency>
        <Required type="2" schemaName="govcdm_traveltodate" displayName="Travel To Date" parentSchemaName="govcdm_travelrequest" parentDisplayName="Travel Request" solution="govcdm_timetravelandexpenses (1.0.0.1)" />
        <Dependent type="60" displayName="Information" parentDisplayName="Travel Request" id="{716d54fd-157a-4103-833c-711fc5b773e1}" />
      </MissingDependency>
      <MissingDependency>
        <Required type="2" schemaName="govcdm_willusecarrental" displayName="Will Use Car Rental" parentSchemaName="govcdm_travelrequest" parentDisplayName="Travel Request" solution="govcdm_timetravelandexpenses (1.0.0.1)" />
        <Dependent type="60" displayName="Information" parentDisplayName="Travel Request" id="{716d54fd-157a-4103-833c-711fc5b773e1}" />
      </MissingDependency>
      <MissingDependency>
        <Required type="2" schemaName="govcdm_willusecommercialair" displayName="Will Use Commercial Air" parentSchemaName="govcdm_travelrequest" parentDisplayName="Travel Request" solution="govcdm_timetravelandexpenses (1.0.0.1)" />
        <Dependent type="60" displayName="Information" parentDisplayName="Travel Request" id="{716d54fd-157a-4103-833c-711fc5b773e1}" />
      </MissingDependency>
      <MissingDependency>
        <Required type="2" schemaName="govcdm_willusecommercialbus" displayName="Will Use Commercial Bus" parentSchemaName="govcdm_travelrequest" parentDisplayName="Travel Request" solution="govcdm_timetravelandexpenses (1.0.0.1)" />
        <Dependent type="60" displayName="Information" parentDisplayName="Travel Request" id="{716d54fd-157a-4103-833c-711fc5b773e1}" />
      </MissingDependency>
      <MissingDependency>
        <Required type="2" schemaName="govcdm_willusecommercialrail" displayName="Will Use Commercial Rail" parentSchemaName="govcdm_travelrequest" parentDisplayName="Travel Request" solution="govcdm_timetravelandexpenses (1.0.0.1)" />
        <Dependent type="60" displayName="Information" parentDisplayName="Travel Request" id="{716d54fd-157a-4103-833c-711fc5b773e1}" />
      </MissingDependency>
      <MissingDependency>
        <Required type="2" schemaName="govcdm_willusecommercialship" displayName="Will Use Commercial Ship" parentSchemaName="govcdm_travelrequest" parentDisplayName="Travel Request" solution="govcdm_timetravelandexpenses (1.0.0.1)" />
        <Dependent type="60" displayName="Information" parentDisplayName="Travel Request" id="{716d54fd-157a-4103-833c-711fc5b773e1}" />
      </MissingDependency>
      <MissingDependency>
        <Required type="2" schemaName="govcdm_willusegovernmentair" displayName="Will Use Government Air" parentSchemaName="govcdm_travelrequest" parentDisplayName="Travel Request" solution="govcdm_timetravelandexpenses (1.0.0.1)" />
        <Dependent type="60" displayName="Information" parentDisplayName="Travel Request" id="{716d54fd-157a-4103-833c-711fc5b773e1}" />
      </MissingDependency>
      <MissingDependency>
        <Required type="2" schemaName="govcdm_willusegovernmentship" displayName="Will Use Government Ship" parentSchemaName="govcdm_travelrequest" parentDisplayName="Travel Request" solution="govcdm_timetravelandexpenses (1.0.0.1)" />
        <Dependent type="60" displayName="Information" parentDisplayName="Travel Request" id="{716d54fd-157a-4103-833c-711fc5b773e1}" />
      </MissingDependency>
      <MissingDependency>
        <Required type="2" schemaName="govcdm_willusegovernmentvehicle" displayName="Will Use Government Vehicle" parentSchemaName="govcdm_travelrequest" parentDisplayName="Travel Request" solution="govcdm_timetravelandexpenses (1.0.0.1)" />
        <Dependent type="60" displayName="Information" parentDisplayName="Travel Request" id="{716d54fd-157a-4103-833c-711fc5b773e1}" />
      </MissingDependency>
      <MissingDependency>
        <Required type="2" schemaName="govcdm_willuseother" displayName="Will Use Other" parentSchemaName="govcdm_travelrequest" parentDisplayName="Travel Request" solution="govcdm_timetravelandexpenses (1.0.0.1)" />
        <Dependent type="60" displayName="Information" parentDisplayName="Travel Request" id="{716d54fd-157a-4103-833c-711fc5b773e1}" />
      </MissingDependency>
      <MissingDependency>
        <Required type="2" schemaName="govcdm_willuseotherspecify" displayName="Will Use Other (Specify)" parentSchemaName="govcdm_travelrequest" parentDisplayName="Travel Request" solution="govcdm_timetravelandexpenses (1.0.0.1)" />
        <Dependent type="60" displayName="Information" parentDisplayName="Travel Request" id="{716d54fd-157a-4103-833c-711fc5b773e1}" />
      </MissingDependency>
      <MissingDependency>
        <Required type="2" schemaName="govcdm_willuseprivateisadvantageous" displayName="Will Use Private Is Advantageous" parentSchemaName="govcdm_travelrequest" parentDisplayName="Travel Request" solution="govcdm_timetravelandexpenses (1.0.0.1)" />
        <Dependent type="60" displayName="Information" parentDisplayName="Travel Request" id="{716d54fd-157a-4103-833c-711fc5b773e1}" />
      </MissingDependency>
      <MissingDependency>
        <Required type="2" schemaName="govcdm_willuseprivateislimited" displayName="Will Use Private Is Limited" parentSchemaName="govcdm_travelrequest" parentDisplayName="Travel Request" solution="govcdm_timetravelandexpenses (1.0.0.1)" />
        <Dependent type="60" displayName="Information" parentDisplayName="Travel Request" id="{716d54fd-157a-4103-833c-711fc5b773e1}" />
      </MissingDependency>
      <MissingDependency>
        <Required type="2" schemaName="govcdm_willuseprivatelyownedvehicle" displayName="Will Use Privately Owned Vehicle" parentSchemaName="govcdm_travelrequest" parentDisplayName="Travel Request" solution="govcdm_timetravelandexpenses (1.0.0.1)" />
        <Dependent type="60" displayName="Information" parentDisplayName="Travel Request" id="{716d54fd-157a-4103-833c-711fc5b773e1}" />
      </MissingDependency>
      <MissingDependency>
        <Required type="2" schemaName="govcdm_willuseprivatemileagerate" displayName="Will Use Private Mileage Rate" parentSchemaName="govcdm_travelrequest" parentDisplayName="Travel Request" solution="govcdm_timetravelandexpenses (1.0.0.1)" />
        <Dependent type="60" displayName="Information" parentDisplayName="Travel Request" id="{716d54fd-157a-4103-833c-711fc5b773e1}" />
      </MissingDependency>
      <MissingDependency>
        <Required type="2" schemaName="govcdm_willusetaxi" displayName="Will Use Taxi" parentSchemaName="govcdm_travelrequest" parentDisplayName="Travel Request" solution="govcdm_timetravelandexpenses (1.0.0.1)" />
        <Dependent type="60" displayName="Information" parentDisplayName="Travel Request" id="{716d54fd-157a-4103-833c-711fc5b773e1}" />
      </MissingDependency>
      <MissingDependency>
        <Required type="2" schemaName="ownerid" displayName="Owner" parentSchemaName="govcdm_timeavailability" parentDisplayName="Availability" solution="Active" />
        <Dependent type="60" displayName="Information" parentDisplayName="Availability" id="{89de8f13-84a5-417d-96fd-9c8d58fcc8a5}" />
      </MissingDependency>
      <MissingDependency>
        <Required type="2" schemaName="ownerid" displayName="Owner" parentSchemaName="govcdm_travelrequest" parentDisplayName="Travel Request" solution="Active" />
        <Dependent type="60" displayName="Information" parentDisplayName="Travel Request" id="{716d54fd-157a-4103-833c-711fc5b773e1}" />
      </MissingDependency>
      <MissingDependency>
        <Required type="2" schemaName="ownerid" displayName="Owner" parentSchemaName="govcdm_travelsegment" parentDisplayName="Travel Segment" solution="Active" />
        <Dependent type="60" displayName="Information" parentDisplayName="Travel Segment" id="{ae0cc32b-9f11-4e9d-b379-6394017546e2}" />
      </MissingDependency>
      <MissingDependency>
        <Required type="2" schemaName="statecode" displayName="Status" parentSchemaName="govcdm_timeavailability" parentDisplayName="Availability" solution="govcdm_timetravelandexpenses (1.0.0.1)" />
        <Dependent type="26" schemaName="Active Availabilities" displayName="Active Availabilities" parentSchemaName="govcdm_timeavailability" parentDisplayName="Availability" id="{4993f4bd-925f-43d6-bc05-131e99aa05ff}" />
      </MissingDependency>
      <MissingDependency>
        <Required type="2" schemaName="statecode" displayName="Status" parentSchemaName="govcdm_timeavailability" parentDisplayName="Availability" solution="govcdm_timetravelandexpenses (1.0.0.1)" />
        <Dependent type="26" schemaName="Inactive Availabilities" displayName="Inactive Availabilities" parentSchemaName="govcdm_timeavailability" parentDisplayName="Availability" id="{987dfb70-047f-4112-808b-72ff4830f83d}" />
      </MissingDependency>
      <MissingDependency>
        <Required type="2" schemaName="statecode" displayName="Status" parentSchemaName="govcdm_travelrequest" parentDisplayName="Travel Request" solution="govcdm_timetravelandexpenses (1.0.0.1)" />
        <Dependent type="26" schemaName="Active Travel Requests" displayName="Active Travel Requests" parentSchemaName="govcdm_travelrequest" parentDisplayName="Travel Request" id="{2a71066c-c6ed-483a-b426-fc319405ea53}" />
      </MissingDependency>
      <MissingDependency>
        <Required type="26" schemaName="Active Availabilities" displayName="Active Availabilities" parentSchemaName="govcdm_timeavailability" parentDisplayName="Availability" solution="govcdm_timetravelandexpenses (1.0.0.1)" id="{4993f4bd-925f-43d6-bc05-131e99aa05ff}" />
        <Dependent type="26" schemaName="Active Availabilities" displayName="Active Availabilities" parentSchemaName="govcdm_timeavailability" parentDisplayName="Availability" id="{4993f4bd-925f-43d6-bc05-131e99aa05ff}" />
      </MissingDependency>
      <MissingDependency>
        <Required type="26" schemaName="Active Travel Requests" displayName="Active Travel Requests" parentSchemaName="govcdm_travelrequest" parentDisplayName="Travel Request" solution="govcdm_timetravelandexpenses (1.0.0.1)" id="{2a71066c-c6ed-483a-b426-fc319405ea53}" />
        <Dependent type="26" schemaName="Active Travel Requests" displayName="Active Travel Requests" parentSchemaName="govcdm_travelrequest" parentDisplayName="Travel Request" id="{2a71066c-c6ed-483a-b426-fc319405ea53}" />
      </MissingDependency>
      <MissingDependency>
        <Required type="26" schemaName="Active Travel Segments" displayName="Active Travel Segments" parentSchemaName="govcdm_travelsegment" parentDisplayName="Travel Segment" solution="govcdm_timetravelandexpenses (1.0.0.1)" id="{6720a4f7-cedb-458d-8d34-95913a835af7}" />
        <Dependent type="60" displayName="Information" parentDisplayName="Travel Request" id="{716d54fd-157a-4103-833c-711fc5b773e1}" />
      </MissingDependency>
      <MissingDependency>
        <Required type="26" schemaName="Inactive Availabilities" displayName="Inactive Availabilities" parentSchemaName="govcdm_timeavailability" parentDisplayName="Availability" solution="govcdm_timetravelandexpenses (1.0.0.1)" id="{987dfb70-047f-4112-808b-72ff4830f83d}" />
        <Dependent type="26" schemaName="Inactive Availabilities" displayName="Inactive Availabilities" parentSchemaName="govcdm_timeavailability" parentDisplayName="Availability" id="{987dfb70-047f-4112-808b-72ff4830f83d}" />
      </MissingDependency>
      <MissingDependency>
        <Required type="26" schemaName="Inactive Travel Requests" displayName="Inactive Travel Requests" parentSchemaName="govcdm_travelrequest" parentDisplayName="Travel Request" solution="govcdm_timetravelandexpenses (1.0.0.1)" id="{92a8bad9-9dda-4ac4-9f53-b06a91b3aabb}" />
        <Dependent type="80" schemaName="msgov_TimeTravelandExpenses" displayName="Time, Travel, and Expenses" />
      </MissingDependency>
      <MissingDependency>
        <Required type="26" schemaName="Quick Find Active Travel Requests" displayName="Quick Find Active Travel Requests" parentSchemaName="govcdm_travelrequest" parentDisplayName="Travel Request" solution="govcdm_timetravelandexpenses (1.0.0.1)" id="{fe2e3dfd-4c89-4b4b-b561-64bda743a1ee}" />
        <Dependent type="80" schemaName="msgov_TimeTravelandExpenses" displayName="Time, Travel, and Expenses" />
      </MissingDependency>
      <MissingDependency>
        <Required type="26" schemaName="Travel Request Advanced Find View" displayName="Travel Request Advanced Find View" parentSchemaName="govcdm_travelrequest" parentDisplayName="Travel Request" solution="govcdm_timetravelandexpenses (1.0.0.1)" id="{759bf6c2-cdd1-45fb-a971-38784d13a4cd}" />
        <Dependent type="80" schemaName="msgov_TimeTravelandExpenses" displayName="Time, Travel, and Expenses" />
      </MissingDependency>
      <MissingDependency>
        <Required type="26" schemaName="Travel Request Associated View" displayName="Travel Request Associated View" parentSchemaName="govcdm_travelrequest" parentDisplayName="Travel Request" solution="govcdm_timetravelandexpenses (1.0.0.1)" id="{3a7c4e64-0684-4447-8200-cdb39c1852f7}" />
        <Dependent type="80" schemaName="msgov_TimeTravelandExpenses" displayName="Time, Travel, and Expenses" />
      </MissingDependency>
      <MissingDependency>
        <Required type="26" schemaName="Travel Request Lookup View" displayName="Travel Request Lookup View" parentSchemaName="govcdm_travelrequest" parentDisplayName="Travel Request" solution="govcdm_timetravelandexpenses (1.0.0.1)" id="{8dd847e8-9b10-4421-8574-5d70d0930ff5}" />
        <Dependent type="80" schemaName="msgov_TimeTravelandExpenses" displayName="Time, Travel, and Expenses" />
      </MissingDependency>
      <MissingDependency>
        <Required type="300" schemaName="msgov_actionassignmentpage_3215d" displayName="Action Assignment Page" solution="msgov_processandtasking (1.1.0.0)" />
        <Dependent type="AppElement" displayName="msgov_msgov_TimeTravelandExpenses_canvasappid_msgov_actionassignmentpage_3215d" id.uniquename="msgov_msgov_TimeTravelandExpenses_canvasappid_msgov_actionassignmentpage_3215d" />
      </MissingDependency>
      <MissingDependency>
        <Required type="300" schemaName="msgov_actionitempage_94fbe" displayName="Action Item Page" solution="msgov_processandtasking (1.1.0.0)" />
        <Dependent type="AppElement" displayName="msgov_msgov_TimeTravelandExpenses_canvasappid_msgov_actionitempage_94fbe" id.uniquename="msgov_msgov_TimeTravelandExpenses_canvasappid_msgov_actionitempage_94fbe" />
      </MissingDependency>
      <MissingDependency>
        <Required type="60" displayName="Information" parentDisplayName="Travel Request" solution="govcdm_timetravelandexpenses (1.0.0.1)" id="{716d54fd-157a-4103-833c-711fc5b773e1}" />
        <Dependent type="60" displayName="Information" parentDisplayName="Travel Request" id="{716d54fd-157a-4103-833c-711fc5b773e1}" />
      </MissingDependency>
      <MissingDependency>
        <Required type="60" displayName="Information" parentDisplayName="Availability" solution="govcdm_timetravelandexpenses (1.0.0.1)" id="{89de8f13-84a5-417d-96fd-9c8d58fcc8a5}" />
        <Dependent type="60" displayName="Information" parentDisplayName="Availability" id="{89de8f13-84a5-417d-96fd-9c8d58fcc8a5}" />
      </MissingDependency>
      <MissingDependency>
        <Required type="60" displayName="Information" parentDisplayName="Travel Segment" solution="govcdm_timetravelandexpenses (1.0.0.1)" id="{ae0cc32b-9f11-4e9d-b379-6394017546e2}" />
        <Dependent type="60" displayName="Information" parentDisplayName="Travel Segment" id="{ae0cc32b-9f11-4e9d-b379-6394017546e2}" />
      </MissingDependency>
      <MissingDependency>
        <Required type="61" schemaName="msdyn_/Images/AppModule_Default_Icon.png" displayName="msdyn_/Images/AppModule_Default_Icon.png" solution="AppModuleWebResources (2.5)">
          <package appName="AppModule Web Resources Package" version="2.5">AppModuleWebResources (2.5)</package>
        </Required>
        <Dependent type="80" schemaName="msgov_TimeTravelandExpenses" displayName="Time, Travel, and Expenses" />
      </MissingDependency>
      <MissingDependency>
        <Required type="61" schemaName="msgov_core" displayName="msgov_core" solution="msgov_core (1.1.0.0)" />
        <Dependent type="appaction" displayName="msgov__Processing!2f0b5986ddba450cab935fcf17b4f203!msgov_TimeTravelandExpenses!govcdm_travelrequest!0" id.uniquename="msgov__Processing!2f0b5986ddba450cab935fcf17b4f203!msgov_TimeTravelandExpenses!govcdm_travelrequest!0" />
      </MissingDependency>
      <MissingDependency>
        <Required type="61" schemaName="msgov_processandtasking" displayName="msgov_processandtasking" solution="msgov_processandtasking (1.1.0.0)" />
        <Dependent type="60" displayName="Information" parentDisplayName="Travel Request" id="{716d54fd-157a-4103-833c-711fc5b773e1}" />
      </MissingDependency>
      <MissingDependency>
        <Required type="66" schemaName="MscrmControls.OptionSet.OptionSetControl" displayName="MscrmControls.OptionSet.OptionSetControl" solution="CustomControlsCore (9.2.25083.00183)">
          <package appName="Custom Controls Package" version="9.2.25083.00183">CustomControlsCore (9.2.25083.00183)</package>
        </Required>
        <Dependent type="60" displayName="Information" parentDisplayName="Travel Request" id="{716d54fd-157a-4103-833c-711fc5b773e1}" />
      </MissingDependency>
      <MissingDependency>
        <Required type="SettingDefinition" displayName="AppChannel" solution="msdyn_AppFrameworkInfraExtensions (1.0.0.15)" id.uniquename="AppChannel">
          <package appName="PowerAppsAppFramework Package" version="1.0.0.22">PowerAppsAppFramework_Anchor (1.0.0.22)</package>
        </Required>
        <Dependent type="AppSetting" displayName="parentappmoduleid.uniquename=msgov_TimeTravelandExpenses,settingdefinitionid.uniquename=AppChannel" id.parentappmoduleid.uniquename="msgov_TimeTravelandExpenses" id.settingdefinitionid.uniquename="AppChannel" />
      </MissingDependency>
    </MissingDependencies>
  </SolutionManifest>
</ImportExportXml>