﻿<?xml version="1.0" encoding="utf-8"?>
<ImportExportXml xmlns:xsi="http://www.w3.org/2001/XMLSchema-instance">
  <Entities>
    <Entity>
      <Name LocalizedName="Project" OriginalName="Project">govcdm_Project</Name>
      <FormXml>
        <forms type="quickCreate">
          <systemform>
            <formid>{0e0adf6f-e274-ee11-9ae7-6045bd0062b9}</formid>
            <IntroducedVersion>1.0</IntroducedVersion>
            <FormPresentation>1</FormPresentation>
            <FormActivationState>1</FormActivationState>
            <form>
              <tabs>
                <tab id="F931FFE2-B873-473F-8F95-9502F0AA3F5E" name="tab_1" showlabel="false" labelid="{d7a9e373-f324-4a70-9c87-ca22d296e92e}">
                  <labels>
                    <label description="New Tab" languagecode="1033" />
                  </labels>
                  <columns>
                    <column width="34%">
                      <sections>
                        <section id="0C655D4E-C6E3-424E-9AF5-71E72D30D12E" name="tab_1_column_1_section_1" columns="1" showlabel="true" showbar="false" IsUserDefined="0" labelwidth="130" labelid="{ae0464fa-87c4-4ab4-8359-db6e8a934cbf}">
                          <labels>
                            <label description="New Section" languagecode="1033" />
                          </labels>
                          <rows>
                            <row>
                              <cell id="542FBFBE-0E4C-496C-8012-555DE6581923" labelid="{88470787-6034-464d-af0d-633c05920877}">
                                <labels>
                                  <label description="" languagecode="1033" />
                                </labels>
                              </cell>
                            </row>
                            <row>
                              <cell id="{c8114bdb-ce5b-4dfc-9460-9a026e9954d4}" locklevel="0" colspan="1" rowspan="1" labelid="{37069b40-099f-490f-aaa5-5db2a68bc449}">
                                <labels>
                                  <label description="Name" languagecode="1033" />
                                </labels>
                                <control id="govcdm_name" classid="{4273EDBD-AC1D-40D3-9FB2-095C621B552D}" datafieldname="govcdm_name" disabled="false" />
                              </cell>
                            </row>
                            <row>
                              <cell id="{480c4b12-3424-4c69-8694-f4c546f647d9}" locklevel="0" colspan="1" rowspan="1" labelid="{7dc6ad30-a50e-47c5-be22-688778c8f6ee}">
                                <labels>
                                  <label description="Description" languagecode="1033" />
                                </labels>
                                <control id="govcdm_description" classid="{E0DECE4B-6FC8-4A8F-A065-082708572369}" datafieldname="govcdm_description" disabled="false" />
                              </cell>
                            </row>
                            <row>
                              <cell id="{6f3713d6-4156-48e5-abc0-4a9f6139adb0}" locklevel="0" colspan="1" rowspan="1" labelid="{332885b3-c93f-4eb8-9647-ee7f31fe4219}">
                                <labels>
                                  <label description="Budget Amount" languagecode="1033" />
                                </labels>
                                <control id="govcdm_budgetamount" classid="{533B9E00-756B-4312-95A0-DC888637AC78}" datafieldname="govcdm_budgetamount" disabled="false" />
                              </cell>
                            </row>
                          </rows>
                        </section>
                      </sections>
                    </column>
                    <column width="33%">
                      <sections>
                        <section id="02DECBA0-3AE2-484D-A19F-C5353AF4F4F2" name="tab_1_column_2_section_1" columns="1" showlabel="true" showbar="false" IsUserDefined="0" labelwidth="130" labelid="{036cc26e-11c5-4c6f-b682-3284ac954c1c}">
                          <labels>
                            <label description="New Section" languagecode="1033" />
                          </labels>
                          <rows>
                            <row>
                              <cell id="266FE48D-4D04-4E9A-8C5A-7DEF9A2F059B" labelid="{be8d544a-eb52-4aa3-b26c-2064d96c3298}">
                                <labels>
                                  <label description="" languagecode="1033" />
                                </labels>
                              </cell>
                            </row>
                          </rows>
                        </section>
                      </sections>
                    </column>
                    <column width="33%">
                      <sections>
                        <section id="46FD66EA-B686-41D9-AAE0-C565BD78EC1F" name="tab_1_column_3_section_1" columns="1" showlabel="true" showbar="false" IsUserDefined="0" labelwidth="130" labelid="{f24895e8-aced-4f0f-abd0-0dc7da45ac72}">
                          <labels>
                            <label description="New Section" languagecode="1033" />
                          </labels>
                          <rows>
                            <row>
                              <cell id="07C04A4E-A482-45CC-BAB7-7FCA3CD02938" labelid="{498f6824-ee15-49f4-90f2-cd0fc1cd592a}">
                                <labels>
                                  <label description="" languagecode="1033" />
                                </labels>
                              </cell>
                            </row>
                          </rows>
                        </section>
                      </sections>
                    </column>
                  </columns>
                </tab>
              </tabs>
              <DisplayConditions Order="0" FallbackForm="true">
                <Role Id="{627090ff-40a3-4053-8790-584edc5be201}" />
                <Role Id="{119f245c-3cc8-4b62-b31c-d1a046ced15d}" />
              </DisplayConditions>
            </form>
            <IsCustomizable>1</IsCustomizable>
            <CanBeDeleted>1</CanBeDeleted>
            <LocalizedNames>
              <LocalizedName description="Project quick create form" languagecode="1033" />
            </LocalizedNames>
          </systemform>
        </forms>
        <forms type="main">
          <systemform>
            <formid>{fe9074c2-e074-ee11-9ae7-6045bd0062b9}</formid>
            <IntroducedVersion>1.0</IntroducedVersion>
            <FormPresentation>1</FormPresentation>
            <FormActivationState>1</FormActivationState>
            <form headerdensity="HighWithControls">
              <tabs>
                <tab verticallayout="true" id="{7bb62420-a404-4d1d-a847-0e2f41cc2835}" IsUserDefined="1" labelid="{ff9bf41f-b2b7-4874-95d8-0ad308edf91d}">
                  <labels>
                    <label description="General" languagecode="1033" />
                  </labels>
                  <columns>
                    <column width="100%">
                      <sections>
                        <section showlabel="false" showbar="false" IsUserDefined="0" id="{528fe671-229b-4f16-830d-3d10e02cd1ed}" labelid="{eccdf2ae-ce0f-417e-83ef-4d51b559a237}">
                          <labels>
                            <label description="General" languagecode="1033" />
                          </labels>
                          <rows>
                            <row>
                              <cell id="{dce43e3e-1a82-4ecf-8bf6-9007e6fa1005}" labelid="{be46fb1c-f45b-483a-a8ef-7ff91c329b48}">
                                <labels>
                                  <label description="Name" languagecode="1033" />
                                </labels>
                                <control id="govcdm_name" classid="{4273EDBD-AC1D-40d3-9FB2-095C621B552D}" datafieldname="govcdm_name" />
                              </cell>
                            </row>
                            <row>
                              <cell id="{4eb5bb0e-3a69-4cbf-a780-54a94a8267f1}" locklevel="0" colspan="1" rowspan="1">
                                <labels>
                                  <label description="Description" languagecode="1033" />
                                </labels>
                                <control id="govcdm_description" classid="{E0DECE4B-6FC8-4A8F-A065-082708572369}" datafieldname="govcdm_description" disabled="false" />
                              </cell>
                            </row>
                            <row>
                              <cell id="{e82bfc74-9863-4a70-9d3c-2a37cd1164d9}" locklevel="0" colspan="1" rowspan="1">
                                <labels>
                                  <label description="Budget Amount" languagecode="1033" />
                                </labels>
                                <control id="govcdm_budgetamount" classid="{533B9E00-756B-4312-95A0-DC888637AC78}" datafieldname="govcdm_budgetamount" disabled="false" />
                              </cell>
                            </row>
                            <row>
                              <cell id="{92e84f27-f2b2-45d7-be03-f126093c4b0b}" locklevel="0" colspan="1" rowspan="1">
                                <labels>
                                  <label description="Scheduled Start Date" languagecode="1033" />
                                </labels>
                                <control id="govcdm_scheduledstartdate" classid="{5B773807-9FB2-42DB-97C3-7A91EFF8ADFF}" datafieldname="govcdm_scheduledstartdate" disabled="false" />
                              </cell>
                            </row>
                            <row>
                              <cell id="{16b1379f-733d-4e68-8da6-d79dd1316864}" locklevel="0" colspan="1" rowspan="1">
                                <labels>
                                  <label description="Scheduled End Date" languagecode="1033" />
                                </labels>
                                <control id="govcdm_scheduledenddate" classid="{5B773807-9FB2-42DB-97C3-7A91EFF8ADFF}" datafieldname="govcdm_scheduledenddate" disabled="false" />
                              </cell>
                            </row>
                            <row>
                              <cell id="{c4ddbb72-f825-422b-954c-c0aebb5b87c3}" labelid="{3b75e9d0-7101-48d9-bc9f-2018f363c46b}">
                                <labels>
                                  <label description="Owner" languagecode="1033" />
                                </labels>
                                <control id="ownerid" classid="{270BD3DB-D9AF-4782-9025-509E298DEC0A}" datafieldname="ownerid" />
                              </cell>
                            </row>
                          </rows>
                        </section>
                        <section name="null_section_3" id="f33b34dd-f1a8-4537-bae9-dbc4a5ea0551" IsUserDefined="0" locklevel="0" showlabel="true" showbar="false" layout="varwidth" celllabelalignment="Left" celllabelposition="Left" columns="1" labelwidth="115">
                          <labels>
                            <label description="Project Execution" languagecode="1033" />
                          </labels>
                          <rows>
                            <row />
                            <row>
                              <cell id="{cc4725a1-272f-4174-8241-dbc45bbf480a}" locklevel="0" colspan="1" rowspan="1">
                                <labels>
                                  <label description="Primary Project Manager" languagecode="1033" />
                                </labels>
                                <control id="govcdm_primaryprojectmanager" classid="{270BD3DB-D9AF-4782-9025-509E298DEC0A}" datafieldname="govcdm_primaryprojectmanager" disabled="false" />
                              </cell>
                            </row>
                            <row>
                              <cell id="{b95f8c6f-2201-4cd3-b681-87a86c9efddf}" locklevel="0" colspan="1" rowspan="1">
                                <labels>
                                  <label description="Actual Start Date" languagecode="1033" />
                                </labels>
                                <control id="govcdm_actualstartdate" classid="{5B773807-9FB2-42DB-97C3-7A91EFF8ADFF}" datafieldname="govcdm_actualstartdate" disabled="false" />
                              </cell>
                            </row>
                            <row>
                              <cell id="{bbe7c76c-bab1-4e2a-82ad-28c1a1df5d3e}" locklevel="0" colspan="1" rowspan="1">
                                <labels>
                                  <label description="Actual End Date" languagecode="1033" />
                                </labels>
                                <control id="govcdm_actualenddate" classid="{5B773807-9FB2-42DB-97C3-7A91EFF8ADFF}" datafieldname="govcdm_actualenddate" disabled="false" />
                              </cell>
                            </row>
                          </rows>
                        </section>
                      </sections>
                    </column>
                  </columns>
                </tab>
                <tab name="tab_3" id="9dbecfc1-0b98-43eb-b8ca-604c5bad00e8" IsUserDefined="0" locklevel="0" showlabel="true">
                  <labels>
                    <label description="Resources" languagecode="1033" />
                  </labels>
                  <columns>
                    <column width="100%">
                      <sections>
                        <section name="tab_3_section_1" id="daeb2d5c-b454-40f4-ba5e-efbd0d45a19d" IsUserDefined="0" locklevel="0" showlabel="true" showbar="false" layout="varwidth" celllabelalignment="Left" celllabelposition="Left" columns="1" labelwidth="115">
                          <labels>
                            <label description="Resources" languagecode="1033" />
                          </labels>
                          <rows>
                            <row />
                            <row>
                              <cell locklevel="0" id="{9d441d25-027c-4258-93fa-79f323de964b}" rowspan="4" colspan="1" auto="false" showlabel="false">
                                <labels>
                                  <label description="New SG control 1698422258670" languagecode="1033" />
                                </labels>
                                <control indicationOfSubgrid="true" id="Subgrid_new_2" classid="{E7A81278-8635-4D9E-8D4D-59480B391C5B}">
                                  <parameters>
                                    <RecordsPerPage>4</RecordsPerPage>
                                    <AutoExpand>Fixed</AutoExpand>
                                    <EnableQuickFind>false</EnableQuickFind>
                                    <EnableViewPicker>false</EnableViewPicker>
                                    <EnableChartPicker>true</EnableChartPicker>
                                    <ChartGridMode>All</ChartGridMode>
                                    <TargetEntityType>govcdm_projectresource</TargetEntityType>
                                    <ViewId>{8FD0D308-D548-4706-BD16-1AA317F48D80}</ViewId>
                                    <ViewIds>{8FD0D308-D548-4706-BD16-1AA317F48D80}</ViewIds>
                                    <RelationshipName>govcdm_govcdm_projectresource_Project_govcdm_pro</RelationshipName>
                                  </parameters>
                                </control>
                              </cell>
                            </row>
                            <row />
                            <row />
                            <row />
                          </rows>
                        </section>
                      </sections>
                    </column>
                  </columns>
                </tab>
                <tab name="tab_2" id="101a1f49-a0de-4977-9939-9b76a1aae72e" IsUserDefined="0" locklevel="0" showlabel="true">
                  <labels>
                    <label description="Timelines" languagecode="1033" />
                  </labels>
                  <columns>
                    <column width="100%">
                      <sections>
                        <section name="tab_2_section_1" id="1943caf0-e425-484f-9325-c25a48bffa5a" IsUserDefined="0" locklevel="0" showlabel="true" showbar="false" layout="varwidth" celllabelalignment="Left" celllabelposition="Left" columns="1" labelwidth="115">
                          <labels>
                            <label description="Milestones" languagecode="1033" />
                          </labels>
                          <rows>
                            <row />
                            <row>
                              <cell locklevel="0" id="{2160a719-beed-4bab-b7d7-9c42c557a688}" rowspan="4" colspan="1" auto="false" showlabel="false">
                                <labels>
                                  <label description="New SG control 1698422038184" languagecode="1033" />
                                </labels>
                                <control indicationOfSubgrid="true" id="Subgrid_new_1" classid="{E7A81278-8635-4D9E-8D4D-59480B391C5B}">
                                  <parameters>
                                    <RecordsPerPage>4</RecordsPerPage>
                                    <AutoExpand>Fixed</AutoExpand>
                                    <EnableQuickFind>false</EnableQuickFind>
                                    <EnableViewPicker>false</EnableViewPicker>
                                    <EnableChartPicker>true</EnableChartPicker>
                                    <ChartGridMode>All</ChartGridMode>
                                    <TargetEntityType>govcdm_projectmilestone</TargetEntityType>
                                    <ViewId>{2FE4D660-F328-445B-9BDF-A005C501A39B}</ViewId>
                                    <ViewIds>{2FE4D660-F328-445B-9BDF-A005C501A39B}</ViewIds>
                                    <RelationshipName>govcdm_govcdm_projectmilestone_Project_govcdm_pr</RelationshipName>
                                  </parameters>
                                </control>
                              </cell>
                            </row>
                            <row />
                            <row />
                            <row />
                          </rows>
                        </section>
                        <section name="tab_2_section_3" id="38c9fd58-0e17-419d-93c3-c6b69fcda5f1" IsUserDefined="0" locklevel="0" showlabel="true" showbar="false" layout="varwidth" celllabelalignment="Left" celllabelposition="Left" columns="1" labelwidth="115">
                          <labels>
                            <label description="Iterations" languagecode="1033" />
                          </labels>
                          <rows>
                            <row />
                            <row>
                              <cell locklevel="0" id="{96d4af6c-76df-44fd-abf0-ad23f6694cd2}" rowspan="4" colspan="1" auto="false" showlabel="false">
                                <labels>
                                  <label description="New SG control 1698422427499" languagecode="1033" />
                                </labels>
                                <control indicationOfSubgrid="true" id="Subgrid_new_5" classid="{E7A81278-8635-4D9E-8D4D-59480B391C5B}">
                                  <parameters>
                                    <RecordsPerPage>4</RecordsPerPage>
                                    <AutoExpand>Fixed</AutoExpand>
                                    <EnableQuickFind>false</EnableQuickFind>
                                    <EnableViewPicker>false</EnableViewPicker>
                                    <EnableChartPicker>true</EnableChartPicker>
                                    <ChartGridMode>All</ChartGridMode>
                                    <TargetEntityType>govcdm_projectiteration</TargetEntityType>
                                    <ViewId>{397AE4EE-BAB7-4D50-8251-939746319126}</ViewId>
                                    <ViewIds>{397AE4EE-BAB7-4D50-8251-939746319126}</ViewIds>
                                    <RelationshipName>govcdm_govcdm_projectiteration_Project_govcdm_pr</RelationshipName>
                                  </parameters>
                                </control>
                              </cell>
                            </row>
                            <row />
                            <row />
                            <row />
                          </rows>
                        </section>
                      </sections>
                    </column>
                  </columns>
                </tab>
                <tab name="tab_4" id="5d72b92d-5f49-4578-b88a-f8bf272b967f" IsUserDefined="0" locklevel="0" showlabel="true">
                  <labels>
                    <label description="Work Tracking" languagecode="1033" />
                  </labels>
                  <columns>
                    <column width="100%">
                      <sections>
                        <section name="tab_4_section_1" id="834d1670-0f7d-4b22-9805-bbff26c68930" IsUserDefined="0" locklevel="0" showlabel="true" showbar="false" layout="varwidth" celllabelalignment="Left" celllabelposition="Left" columns="1" labelwidth="115">
                          <labels>
                            <label description="Backlogs" languagecode="1033" />
                          </labels>
                          <rows>
                            <row />
                            <row>
                              <cell locklevel="0" id="{f238497d-5bd3-4948-ba31-8f23f37ea0dd}" rowspan="4" colspan="1" auto="false" showlabel="false">
                                <labels>
                                  <label description="New SG control 1698422315341" languagecode="1033" />
                                </labels>
                                <control indicationOfSubgrid="true" id="Subgrid_new_3" classid="{E7A81278-8635-4D9E-8D4D-59480B391C5B}">
                                  <parameters>
                                    <RecordsPerPage>4</RecordsPerPage>
                                    <AutoExpand>Fixed</AutoExpand>
                                    <EnableQuickFind>false</EnableQuickFind>
                                    <EnableViewPicker>false</EnableViewPicker>
                                    <EnableChartPicker>true</EnableChartPicker>
                                    <ChartGridMode>All</ChartGridMode>
                                    <TargetEntityType>govcdm_projectbacklog</TargetEntityType>
                                    <ViewId>{6023BAC8-7813-48A9-AA09-9176DCF5D6BF}</ViewId>
                                    <ViewIds>{6023BAC8-7813-48A9-AA09-9176DCF5D6BF}</ViewIds>
                                    <RelationshipName>govcdm_govcdm_projectbacklog_Project_govcdm_proj</RelationshipName>
                                  </parameters>
                                </control>
                              </cell>
                            </row>
                            <row />
                            <row />
                            <row />
                          </rows>
                        </section>
                        <section name="tab_4_section_3" id="b251a024-085b-4a13-a6b8-357a98e08c5f" IsUserDefined="0" locklevel="0" showlabel="true" showbar="false" layout="varwidth" celllabelalignment="Left" celllabelposition="Left" columns="1" labelwidth="115">
                          <labels>
                            <label description="Work Items" languagecode="1033" />
                          </labels>
                          <rows>
                            <row />
                            <row>
                              <cell locklevel="0" id="{3b33b373-5609-4fd8-91cf-d62599f29c38}" rowspan="4" colspan="1" auto="false" showlabel="false">
                                <labels>
                                  <label description="New SG control 1698422344979" languagecode="1033" />
                                </labels>
                                <control indicationOfSubgrid="true" id="Subgrid_new_4" classid="{E7A81278-8635-4D9E-8D4D-59480B391C5B}">
                                  <parameters>
                                    <RecordsPerPage>4</RecordsPerPage>
                                    <AutoExpand>Fixed</AutoExpand>
                                    <EnableQuickFind>false</EnableQuickFind>
                                    <EnableViewPicker>false</EnableViewPicker>
                                    <EnableChartPicker>true</EnableChartPicker>
                                    <ChartGridMode>All</ChartGridMode>
                                    <TargetEntityType>govcdm_projectworkitem</TargetEntityType>
                                    <ViewId>{EEAB7080-0EF1-48CA-9AEC-DF32FCB87A0C}</ViewId>
                                    <ViewIds>{EEAB7080-0EF1-48CA-9AEC-DF32FCB87A0C}</ViewIds>
                                    <RelationshipName>govcdm_govcdm_projectworkitem_Project_govcdm_pro</RelationshipName>
                                  </parameters>
                                </control>
                              </cell>
                            </row>
                            <row />
                            <row />
                            <row />
                          </rows>
                        </section>
                        <section name="tab_4_section_4" id="e321b194-460e-4858-bdc1-d7da7ca9425f" IsUserDefined="0" locklevel="0" showlabel="true" showbar="false" layout="varwidth" celllabelalignment="Left" celllabelposition="Left" columns="1" labelwidth="115">
                          <labels>
                            <label description="Change Requests" languagecode="1033" />
                          </labels>
                          <rows>
                            <row />
                            <row>
                              <cell locklevel="0" id="{0aa32299-a2c7-4b1f-9a29-fe23f6e195b5}" rowspan="4" colspan="1" auto="false" showlabel="false">
                                <labels>
                                  <label description="New SG control 1698422459583" languagecode="1033" />
                                </labels>
                                <control indicationOfSubgrid="true" id="Subgrid_new_6" classid="{E7A81278-8635-4D9E-8D4D-59480B391C5B}">
                                  <parameters>
                                    <RecordsPerPage>4</RecordsPerPage>
                                    <AutoExpand>Fixed</AutoExpand>
                                    <EnableQuickFind>false</EnableQuickFind>
                                    <EnableViewPicker>false</EnableViewPicker>
                                    <EnableChartPicker>true</EnableChartPicker>
                                    <ChartGridMode>All</ChartGridMode>
                                    <TargetEntityType>govcdm_projectchangerequest</TargetEntityType>
                                    <ViewId>{D082D576-F171-4D46-BEA4-4F06A8671031}</ViewId>
                                    <ViewIds>{D082D576-F171-4D46-BEA4-4F06A8671031}</ViewIds>
                                    <RelationshipName>govcdm_govcdm_projectchangerequest_Project_govcd</RelationshipName>
                                  </parameters>
                                </control>
                              </cell>
                            </row>
                            <row />
                            <row />
                            <row />
                          </rows>
                        </section>
                      </sections>
                    </column>
                  </columns>
                </tab>
                <tab name="tab_5" id="3bd14388-f747-42b4-8357-ad0a877020bf" IsUserDefined="0" locklevel="0" showlabel="true">
                  <labels>
                    <label description="Documents and Deliverables" languagecode="1033" />
                  </labels>
                  <columns>
                    <column width="100%">
                      <sections>
                        <section name="tab_5_section_1" id="02726dc7-b6b8-44cf-a916-2bde08581368" IsUserDefined="0" locklevel="0" showlabel="true" showbar="false" layout="varwidth" celllabelalignment="Left" celllabelposition="Left" columns="1" labelwidth="115">
                          <labels>
                            <label description="New Section" languagecode="1033" />
                          </labels>
                          <rows>
                            <row />
                          </rows>
                        </section>
                      </sections>
                    </column>
                  </columns>
                </tab>
              </tabs>
              <header id="{0f1c4110-32a6-4ffd-97e3-3bca2a3b0646}" celllabelposition="Top" columns="111" labelwidth="115" celllabelalignment="Left">
                <rows>
                  <row>
                    <cell id="{5d09e1dc-0c56-490f-b32c-79002440aa87}" showlabel="false" labelid="{f12519ac-4950-4a4a-b36c-6322e4270b72}">
                      <labels>
                        <label description="" languagecode="1033" />
                      </labels>
                    </cell>
                    <cell id="{50995964-e20c-4863-a046-05e2d3f3f64e}" showlabel="false" labelid="{0aa41e9c-bba9-456b-8555-816773f76f52}">
                      <labels>
                        <label description="" languagecode="1033" />
                      </labels>
                    </cell>
                    <cell id="{676c2ab2-8144-4705-b33c-2af8a0002b95}" showlabel="false" labelid="{0051dd24-a112-4450-8707-1c124f6993c4}">
                      <labels>
                        <label description="" languagecode="1033" />
                      </labels>
                    </cell>
                    <cell id="{353921c7-bfdc-48a5-99dd-fa59b65aa0f6}" locklevel="0" colspan="1" rowspan="1">
                      <labels>
                        <label description="Project Request" languagecode="1033" />
                      </labels>
                      <control id="header_govcdm_projectrequest" classid="{270BD3DB-D9AF-4782-9025-509E298DEC0A}" datafieldname="govcdm_projectrequest" disabled="false" />
                    </cell>
                    <cell id="{6ac738ea-0d50-443f-9109-8972fc36c4e8}" locklevel="0" colspan="1" rowspan="1">
                      <labels>
                        <label description="Parent Project" languagecode="1033" />
                      </labels>
                      <control id="header_govcdm_parentproject" classid="{270BD3DB-D9AF-4782-9025-509E298DEC0A}" datafieldname="govcdm_parentproject" disabled="false" />
                    </cell>
                  </row>
                </rows>
              </header>
              <footer id="{35d1b05b-f2a7-4d17-ab88-2f335db8d07b}" celllabelposition="Top" columns="111" labelwidth="115" celllabelalignment="Left">
                <rows>
                  <row>
                    <cell id="{6b3d2b1b-e821-4771-a543-bc70cb07ec99}" showlabel="false" labelid="{2c32fc30-7464-4269-87ab-38e23dc8ca95}">
                      <labels>
                        <label description="" languagecode="1033" />
                      </labels>
                    </cell>
                    <cell id="{6ba6b433-ec11-46c4-8e1d-7941eaa3dd23}" showlabel="false" labelid="{fcb097ae-7b64-4961-919b-ee463a264291}">
                      <labels>
                        <label description="" languagecode="1033" />
                      </labels>
                    </cell>
                    <cell id="{43084b7f-03be-45d8-838e-9a8414743286}" showlabel="false" labelid="{5f978a55-91e7-4800-8973-67a76e205cb3}">
                      <labels>
                        <label description="" languagecode="1033" />
                      </labels>
                    </cell>
                  </row>
                </rows>
              </footer>
              <DisplayConditions Order="1" FallbackForm="true">
                <Role Id="{627090ff-40a3-4053-8790-584edc5be201}" />
                <Role Id="{119f245c-3cc8-4b62-b31c-d1a046ced15d}" />
              </DisplayConditions>
            </form>
            <IsCustomizable>1</IsCustomizable>
            <CanBeDeleted>1</CanBeDeleted>
            <LocalizedNames>
              <LocalizedName description="Main" languagecode="1033" />
            </LocalizedNames>
            <Descriptions>
              <Description description="A form for this entity." languagecode="1033" />
            </Descriptions>
          </systemform>
        </forms>
      </FormXml>
      <SavedQueries>
        <savedqueries>
          <savedquery unmodified="1">
            <isquickfindquery>0</isquickfindquery>
            <isprivate>0</isprivate>
            <isdefault>1</isdefault>
            <savedqueryid>{12f94b94-d896-4812-9854-222fd6e970e9}</savedqueryid>
            <layoutxml>
              <grid name="resultset" jump="govcdm_name" select="1" icon="1" preview="1">
                <row name="result" id="govcdm_projectid">
                  <cell name="govcdm_name" width="300" />
                  <cell name="createdon" width="125" />
                </row>
              </grid>
            </layoutxml>
            <querytype>0</querytype>
            <fetchxml>
              <fetch version="1.0" mapping="logical">
                <entity name="govcdm_project">
                  <attribute name="govcdm_projectid" />
                  <attribute name="govcdm_name" />
                  <attribute name="createdon" />
                  <order attribute="govcdm_name" descending="false" />
                  <filter type="and">
                    <condition attribute="statecode" operator="eq" value="0" />
                  </filter>
                </entity>
              </fetch>
            </fetchxml>
            <IntroducedVersion>1.0</IntroducedVersion>
            <LocalizedNames>
              <LocalizedName description="Active Projects" languagecode="1033" />
            </LocalizedNames>
          </savedquery>
          <savedquery>
            <IsCustomizable>1</IsCustomizable>
            <CanBeDeleted>1</CanBeDeleted>
            <isquickfindquery>0</isquickfindquery>
            <isprivate>0</isprivate>
            <isdefault>0</isdefault>
            <savedqueryid>{aa4dfd93-e274-ee11-9ae7-6045bd0062b9}</savedqueryid>
            <layoutxml>
              <grid name="resultset" jump="govcdm_name" select="1" icon="1" preview="1">
                <row name="result" id="govcdm_projectid">
                  <cell name="govcdm_name" width="300" />
                  <cell name="govcdm_primaryprojectmanager" width="182" />
                  <cell name="govcdm_scheduledstartdate" width="159" />
                  <cell name="govcdm_scheduledenddate" width="155" />
                  <cell name="govcdm_description" width="296" />
                </row>
              </grid>
            </layoutxml>
            <querytype>0</querytype>
            <fetchxml>
              <fetch version="1.0" mapping="logical">
                <entity name="govcdm_project">
                  <attribute name="govcdm_projectid" />
                  <attribute name="govcdm_name" />
                  <order attribute="govcdm_name" descending="false" />
                  <filter type="and">
                    <condition attribute="statecode" operator="eq" value="0" />
                  </filter>
                  <attribute name="govcdm_primaryprojectmanager" />
                  <attribute name="govcdm_scheduledenddate" />
                  <attribute name="govcdm_scheduledstartdate" />
                  <attribute name="govcdm_description" />
                </entity>
              </fetch>
            </fetchxml>
            <IntroducedVersion>1.0</IntroducedVersion>
            <LocalizedNames>
              <LocalizedName description="Current Projects" languagecode="1033" />
            </LocalizedNames>
          </savedquery>
        </savedqueries>
      </SavedQueries>
      <RibbonDiffXml>
        <CustomActions />
        <Templates>
          <RibbonTemplates Id="Mscrm.Templates"></RibbonTemplates>
        </Templates>
        <CommandDefinitions />
        <RuleDefinitions>
          <TabDisplayRules />
          <DisplayRules />
          <EnableRules />
        </RuleDefinitions>
        <LocLabels />
      </RibbonDiffXml>
    </Entity>
    <Entity>
      <Name LocalizedName="Project Backlog" OriginalName="Project Backlog">govcdm_ProjectBacklog</Name>
      <RibbonDiffXml>
        <CustomActions />
        <Templates>
          <RibbonTemplates Id="Mscrm.Templates"></RibbonTemplates>
        </Templates>
        <CommandDefinitions />
        <RuleDefinitions>
          <TabDisplayRules />
          <DisplayRules />
          <EnableRules />
        </RuleDefinitions>
        <LocLabels />
      </RibbonDiffXml>
    </Entity>
    <Entity>
      <Name LocalizedName="Project Change Request" OriginalName="Project Change Request">govcdm_ProjectChangeRequest</Name>
      <RibbonDiffXml>
        <CustomActions />
        <Templates>
          <RibbonTemplates Id="Mscrm.Templates"></RibbonTemplates>
        </Templates>
        <CommandDefinitions />
        <RuleDefinitions>
          <TabDisplayRules />
          <DisplayRules />
          <EnableRules />
        </RuleDefinitions>
        <LocLabels />
      </RibbonDiffXml>
    </Entity>
    <Entity>
      <Name LocalizedName="Project Iteration" OriginalName="Project Iteration">govcdm_ProjectIteration</Name>
      <RibbonDiffXml>
        <CustomActions />
        <Templates>
          <RibbonTemplates Id="Mscrm.Templates"></RibbonTemplates>
        </Templates>
        <CommandDefinitions />
        <RuleDefinitions>
          <TabDisplayRules />
          <DisplayRules />
          <EnableRules />
        </RuleDefinitions>
        <LocLabels />
      </RibbonDiffXml>
    </Entity>
    <Entity>
      <Name LocalizedName="Project Milestone" OriginalName="Project Milestone">govcdm_ProjectMilestone</Name>
      <RibbonDiffXml>
        <CustomActions />
        <Templates>
          <RibbonTemplates Id="Mscrm.Templates"></RibbonTemplates>
        </Templates>
        <CommandDefinitions />
        <RuleDefinitions>
          <TabDisplayRules />
          <DisplayRules />
          <EnableRules />
        </RuleDefinitions>
        <LocLabels />
      </RibbonDiffXml>
    </Entity>
    <Entity>
      <Name LocalizedName="Project Request" OriginalName="Project Request">govcdm_ProjectRequest</Name>
      <FormXml>
        <forms type="main">
          <systemform>
            <formid>{d0a9dc3f-e074-ee11-9ae7-6045bd0062b9}</formid>
            <IntroducedVersion>1.0</IntroducedVersion>
            <FormPresentation>1</FormPresentation>
            <FormActivationState>1</FormActivationState>
            <form headerdensity="HighWithControls">
              <tabs>
                <tab verticallayout="true" id="{01ee8e7f-50b0-4ba8-bd37-56029587d7bf}" IsUserDefined="1" labelid="{3097a350-f3a5-40ac-80ee-bfb71c6d34eb}">
                  <labels>
                    <label description="General" languagecode="1033" />
                  </labels>
                  <columns>
                    <column width="100%">
                      <sections>
                        <section showlabel="false" showbar="false" IsUserDefined="0" id="{156b72e4-3cdf-48cd-90f5-b3b890613b02}" labelid="{3d931282-b738-43a7-ad64-4a33be1ac93c}">
                          <labels>
                            <label description="General" languagecode="1033" />
                          </labels>
                          <rows>
                            <row>
                              <cell id="{450fe00e-6799-4101-b8b6-d0667d45e474}" locklevel="0" colspan="1" rowspan="1" labelid="{8d0fe6e9-85d3-4dbb-9beb-d4537bb0bfcf}">
                                <labels>
                                  <label description="Requestor" languagecode="1033" />
                                </labels>
                                <control id="govcdm_requestor" classid="{270BD3DB-D9AF-4782-9025-509E298DEC0A}" datafieldname="govcdm_requestor" disabled="false" />
                              </cell>
                            </row>
                            <row>
                              <cell id="{588c1efc-d82d-4f9c-b98b-ed39b6547e9d}" locklevel="0" colspan="1" rowspan="1" labelid="{75ee2c7c-7620-499f-9172-ad8fb1db6fea}">
                                <labels>
                                  <label description="Request Date" languagecode="1033" />
                                </labels>
                                <control id="govcdm_requestdate" classid="{5B773807-9FB2-42DB-97C3-7A91EFF8ADFF}" datafieldname="govcdm_requestdate" disabled="false" />
                              </cell>
                            </row>
                            <row>
                              <cell id="{6bea245d-fe56-4d39-901f-ef4a7c361a05}" labelid="{7c9cd6b5-9b9c-483c-9039-d8681c1d9ac6}">
                                <labels>
                                  <label description="Name" languagecode="1033" />
                                </labels>
                                <control id="govcdm_name" classid="{4273EDBD-AC1D-40d3-9FB2-095C621B552D}" datafieldname="govcdm_name" />
                              </cell>
                            </row>
                            <row>
                              <cell id="{4134b267-b127-4003-ab75-b6ccc65686d2}" locklevel="0" colspan="1" rowspan="1" labelid="{1264dee4-e456-4998-b86c-b15bee31cea7}">
                                <labels>
                                  <label description="Description" languagecode="1033" />
                                </labels>
                                <control id="govcdm_description" classid="{E0DECE4B-6FC8-4A8F-A065-082708572369}" datafieldname="govcdm_description" disabled="false" />
                              </cell>
                            </row>
                            <row>
                              <cell id="{cbd02bcd-b9b7-4e79-99a1-7e298cb66bb8}" labelid="{c18058e8-3a81-48fa-bcdb-44743d8c92f4}">
                                <labels>
                                  <label description="Owner" languagecode="1033" />
                                </labels>
                                <control id="ownerid" classid="{270BD3DB-D9AF-4782-9025-509E298DEC0A}" datafieldname="ownerid" />
                              </cell>
                            </row>
                          </rows>
                        </section>
                        <section name="null_section_3" id="71b0a6c4-6693-461b-9a46-8a957d066c04" IsUserDefined="0" locklevel="0" showlabel="true" showbar="false" layout="varwidth" celllabelalignment="Left" celllabelposition="Left" columns="1" labelwidth="115" labelid="{1eee46e0-d05b-456a-8466-7f7957f97267}">
                          <labels>
                            <label description="Projects" languagecode="1033" />
                          </labels>
                          <rows>
                            <row />
                            <row>
                              <cell locklevel="0" id="{8ec6035b-5bb4-4d55-8b53-71a720eb6cc8}" rowspan="4" colspan="1" auto="false" showlabel="false" labelid="{78e9656e-cd0d-4c9e-8326-90e2ea60814d}">
                                <labels>
                                  <label description="New SG control 1698421501930" languagecode="1033" />
                                </labels>
                                <control indicationOfSubgrid="true" id="Subgrid_new_1" classid="{E7A81278-8635-4D9E-8D4D-59480B391C5B}">
                                  <parameters>
                                    <RecordsPerPage>4</RecordsPerPage>
                                    <AutoExpand>Fixed</AutoExpand>
                                    <EnableQuickFind>false</EnableQuickFind>
                                    <EnableViewPicker>false</EnableViewPicker>
                                    <EnableChartPicker>true</EnableChartPicker>
                                    <ChartGridMode>All</ChartGridMode>
                                    <TargetEntityType>govcdm_project</TargetEntityType>
                                    <ViewId>{AA4DFD93-E274-EE11-9AE7-6045BD0062B9}</ViewId>
                                    <ViewIds>{12F94B94-D896-4812-9854-222FD6E970E9},{AA4DFD93-E274-EE11-9AE7-6045BD0062B9}</ViewIds>
                                    <RelationshipName>govcdm_govcdm_project_ProjectRequest_govcdm_proj</RelationshipName>
                                  </parameters>
                                </control>
                              </cell>
                            </row>
                            <row />
                            <row />
                            <row />
                          </rows>
                        </section>
                      </sections>
                    </column>
                  </columns>
                </tab>
              </tabs>
              <header id="{2d94a7ca-32ee-44a3-bf78-8667f33cd065}" celllabelposition="Top" columns="111" labelwidth="115" celllabelalignment="Left">
                <rows>
                  <row>
                    <cell id="{2b2c77e7-dcbd-4b54-bcf7-6ae2cb043cc6}" showlabel="false" labelid="{b2c5a622-e85f-4ebc-a43e-37ab26292b88}">
                      <labels>
                        <label description="" languagecode="1033" />
                      </labels>
                    </cell>
                    <cell id="{04685125-47c4-4852-9a2a-a1752158d17f}" showlabel="false" labelid="{8304f5aa-94cc-4f53-83a1-b1de82e5146a}">
                      <labels>
                        <label description="" languagecode="1033" />
                      </labels>
                    </cell>
                    <cell id="{29bd6356-4717-454e-b861-9a3443251592}" showlabel="false" labelid="{670b0414-0b9b-4f28-a18b-f7a86309613c}">
                      <labels>
                        <label description="" languagecode="1033" />
                      </labels>
                    </cell>
                    <cell id="{40cccf96-c87a-4b4a-a0d1-c978f2255356}" locklevel="0" colspan="1" rowspan="1">
                      <labels>
                        <label description="Approval Status" languagecode="1033" />
                      </labels>
                      <control id="header_govcdm_approvalstatus" classid="{3EF39988-22BB-4F0B-BBBE-64B5A3748AEE}" datafieldname="govcdm_approvalstatus" disabled="false" />
                    </cell>
                  </row>
                </rows>
              </header>
              <footer id="{5b42b49b-8745-4cc6-a325-af612a05d9e1}" celllabelposition="Top" columns="111" labelwidth="115" celllabelalignment="Left">
                <rows>
                  <row>
                    <cell id="{8c22a8a7-6edc-4d86-9aa4-1fd79f86b0cb}" showlabel="false" labelid="{0baa9340-07fd-4801-a71e-47100c8fbc0a}">
                      <labels>
                        <label description="" languagecode="1033" />
                      </labels>
                    </cell>
                    <cell id="{921cb40e-2958-4090-b392-ec974dc287c8}" showlabel="false" labelid="{5a4fdd12-caff-4c64-a5f3-39873fe432b3}">
                      <labels>
                        <label description="" languagecode="1033" />
                      </labels>
                    </cell>
                    <cell id="{e719f6f9-81c4-4529-9b25-f61e2aa55ece}" showlabel="false" labelid="{9f9a8f29-3f92-4b32-8f4d-1d5553d63ec5}">
                      <labels>
                        <label description="" languagecode="1033" />
                      </labels>
                    </cell>
                  </row>
                </rows>
              </footer>
              <DisplayConditions Order="1" FallbackForm="true">
                <Role Id="{627090ff-40a3-4053-8790-584edc5be201}" />
                <Role Id="{119f245c-3cc8-4b62-b31c-d1a046ced15d}" />
              </DisplayConditions>
            </form>
            <IsCustomizable>1</IsCustomizable>
            <CanBeDeleted>1</CanBeDeleted>
            <LocalizedNames>
              <LocalizedName description="Main" languagecode="1033" />
            </LocalizedNames>
            <Descriptions>
              <Description description="A form for this entity." languagecode="1033" />
            </Descriptions>
          </systemform>
        </forms>
      </FormXml>
      <SavedQueries>
        <savedqueries>
          <savedquery>
            <IsCustomizable>1</IsCustomizable>
            <CanBeDeleted>1</CanBeDeleted>
            <isquickfindquery>0</isquickfindquery>
            <isprivate>0</isprivate>
            <isdefault>1</isdefault>
            <savedqueryid>{8e98f07a-e374-ee11-9ae7-6045bd0062b9}</savedqueryid>
            <layoutxml>
              <grid name="resultset" jump="govcdm_name" select="1" icon="1" preview="1">
                <row name="result" id="govcdm_projectrequestid">
                  <cell name="govcdm_name" width="300" />
                  <cell name="govcdm_requestor" width="224" />
                  <cell name="govcdm_requestdate" width="196" />
                  <cell name="govcdm_approvalstatus" width="131" />
                  <cell name="govcdm_description" width="277" />
                </row>
              </grid>
            </layoutxml>
            <querytype>0</querytype>
            <fetchxml>
              <fetch version="1.0" mapping="logical">
                <entity name="govcdm_projectrequest">
                  <attribute name="govcdm_projectrequestid" />
                  <attribute name="govcdm_name" />
                  <order attribute="govcdm_name" descending="false" />
                  <filter type="and">
                    <condition attribute="statecode" operator="eq" value="0" />
                  </filter>
                  <attribute name="govcdm_requestor" />
                  <attribute name="govcdm_requestdate" />
                  <attribute name="govcdm_description" />
                  <attribute name="govcdm_approvalstatus" />
                </entity>
              </fetch>
            </fetchxml>
            <IntroducedVersion>1.0</IntroducedVersion>
            <LocalizedNames>
              <LocalizedName description="Current Project Requests" languagecode="1033" />
            </LocalizedNames>
          </savedquery>
        </savedqueries>
      </SavedQueries>
      <Visualizations>
        <visualization>
          <savedqueryvisualizationid>{B948C63D-E674-EE11-9AE7-6045BD0062B9}</savedqueryvisualizationid>
          <datadescription>
            <datadefinition>
              <fetchcollection>
                <fetch mapping="logical" aggregate="true">
                  <entity name="govcdm_projectrequest">
                    <attribute name="govcdm_approvalstatus" groupby="true" alias="_CRMAutoGen_groupby_column_Num_0" />
                    <attribute name="govcdm_approvalstatus" aggregate="count" alias="_CRMAutoGen_aggregate_column_Num_0" />
                  </entity>
                </fetch>
              </fetchcollection>
              <categorycollection>
                <category alias="_CRMAutoGen_groupby_column_Num_0">
                  <measurecollection>
                    <measure alias="_CRMAutoGen_aggregate_column_Num_0" />
                  </measurecollection>
                </category>
              </categorycollection>
            </datadefinition>
          </datadescription>
          <presentationdescription>
            <Chart Palette="None" PaletteCustomColors="58,150,221; 104,153,32; 215,116,64; 195,107,209; 87,129,27; 119,141,241; 202,80,16; 79,107,237; 238,95,183; 0,165,175; 230,28,153; 178,124,0; 177,70,194; 0,115,81; 99,124,239; 0,139,148; 52,135,199; 148,112,189; 227,0,140; 208,98,40;">
              <Series>
                <Series ShadowOffset="0" IsValueShownAsLabel="True" Font="{0}, 14px" LabelForeColor="36, 36, 36" CustomProperties="PieLabelStyle=Inside, PieDrawingStyle=Default" ChartType="pie">
                  <SmartLabelStyle Enabled="True" />
                </Series>
              </Series>
              <ChartAreas>
                <ChartArea>
                  <Area3DStyle Enable3D="false" />
                </ChartArea>
              </ChartAreas>
              <Legends>
                <Legend Alignment="Center" LegendStyle="Table" Docking="right" IsEquallySpacedItems="True" Font="{0}, 12px" ShadowColor="0, 0, 0, 0" ForeColor="36, 36, 36" />
              </Legends>
              <Titles>
                <Title Alignment="TopLeft" DockingOffset="-3" Font="{0}, 14px" ForeColor="214, 214, 214" />
              </Titles>
            </Chart>
          </presentationdescription>
          <isdefault>0</isdefault>
          <LocalizedNames>
            <LocalizedName description="By Approval Status" languagecode="1033" />
          </LocalizedNames>
          <IsCustomizable>1</IsCustomizable>
          <IntroducedVersion>1.0</IntroducedVersion>
          <CanBeDeleted>1</CanBeDeleted>
        </visualization>
      </Visualizations>
      <RibbonDiffXml>
        <CustomActions />
        <Templates>
          <RibbonTemplates Id="Mscrm.Templates"></RibbonTemplates>
        </Templates>
        <CommandDefinitions />
        <RuleDefinitions>
          <TabDisplayRules />
          <DisplayRules />
          <EnableRules />
        </RuleDefinitions>
        <LocLabels />
      </RibbonDiffXml>
    </Entity>
    <Entity>
      <Name LocalizedName="Project Resource" OriginalName="Project Resource">govcdm_ProjectResource</Name>
      <RibbonDiffXml>
        <CustomActions />
        <Templates>
          <RibbonTemplates Id="Mscrm.Templates"></RibbonTemplates>
        </Templates>
        <CommandDefinitions />
        <RuleDefinitions>
          <TabDisplayRules />
          <DisplayRules />
          <EnableRules />
        </RuleDefinitions>
        <LocLabels />
      </RibbonDiffXml>
    </Entity>
    <Entity>
      <Name LocalizedName="Project Role" OriginalName="Project Role">govcdm_ProjectRole</Name>
      <RibbonDiffXml>
        <CustomActions />
        <Templates>
          <RibbonTemplates Id="Mscrm.Templates"></RibbonTemplates>
        </Templates>
        <CommandDefinitions />
        <RuleDefinitions>
          <TabDisplayRules />
          <DisplayRules />
          <EnableRules />
        </RuleDefinitions>
        <LocLabels />
      </RibbonDiffXml>
    </Entity>
    <Entity>
      <Name LocalizedName="Project Work Item" OriginalName="Project Work Item">govcdm_ProjectWorkItem</Name>
      <RibbonDiffXml>
        <CustomActions />
        <Templates>
          <RibbonTemplates Id="Mscrm.Templates"></RibbonTemplates>
        </Templates>
        <CommandDefinitions />
        <RuleDefinitions>
          <TabDisplayRules />
          <DisplayRules />
          <EnableRules />
        </RuleDefinitions>
        <LocLabels />
      </RibbonDiffXml>
    </Entity>
    <Entity>
      <Name LocalizedName="Project Work Item Type" OriginalName="Project Work Item Type">govcdm_ProjectWorkItemType</Name>
      <RibbonDiffXml>
        <CustomActions />
        <Templates>
          <RibbonTemplates Id="Mscrm.Templates"></RibbonTemplates>
        </Templates>
        <CommandDefinitions />
        <RuleDefinitions>
          <TabDisplayRules />
          <DisplayRules />
          <EnableRules />
        </RuleDefinitions>
        <LocLabels />
      </RibbonDiffXml>
    </Entity>
  </Entities>
  <Roles />
  <Workflows>
    <Workflow WorkflowId="{4e71fc26-ef74-ee11-9ae7-6045bd0062b9}" Name="New Project Request">
      <JsonFileName>/Workflows/NewProjectRequest-4E71FC26-EF74-EE11-9AE7-6045BD0062B9.json</JsonFileName>
      <Type>1</Type>
      <Subprocess>0</Subprocess>
      <Category>5</Category>
      <Mode>0</Mode>
      <Scope>4</Scope>
      <OnDemand>0</OnDemand>
      <TriggerOnCreate>0</TriggerOnCreate>
      <TriggerOnDelete>0</TriggerOnDelete>
      <AsyncAutodelete>0</AsyncAutodelete>
      <SyncWorkflowLogOnFailure>0</SyncWorkflowLogOnFailure>
      <StateCode>1</StateCode>
      <StatusCode>2</StatusCode>
      <RunAs>1</RunAs>
      <IsTransacted>1</IsTransacted>
      <IntroducedVersion>1.0</IntroducedVersion>
      <IsCustomizable>1</IsCustomizable>
      <BusinessProcessType>0</BusinessProcessType>
      <IsCustomProcessingStepAllowedForOtherPublishers>1</IsCustomProcessingStepAllowedForOtherPublishers>
      <PrimaryEntity>none</PrimaryEntity>
      <LocalizedNames>
        <LocalizedName languagecode="1033" description="New Project Request" />
      </LocalizedNames>
    </Workflow>
  </Workflows>
  <FieldSecurityProfiles />
  <Templates />
  <EntityMaps />
  <EntityRelationships />
  <OrganizationSettings />
  <optionsets />
  <Dashboards>
    <Dashboard>
      <LocalizedNames>
        <LocalizedName description="Project Requests" languagecode="1033" />
      </LocalizedNames>
      <FormId>{b36e4776-e674-ee11-9ae7-6045bd0062b9}</FormId>
      <IsCustomizable>1</IsCustomizable>
      <IsDefault>0</IsDefault>
      <FormXml>
        <forms type="dashboard">
          <form>
            <tabs>
              <tab showlabel="false" verticallayout="true" id="{64981b13-fae8-4e5b-aba2-92d4c2ed34a3}">
                <labels>
                  <label description="Tab" languagecode="1033" />
                </labels>
                <columns>
                  <column width="100%">
                    <sections>
                      <section showlabel="false" showbar="false" columns="1111" id="{06125659-a1fa-4b5e-871d-5ef827298585}">
                        <labels>
                          <label description="Section" languagecode="1033" />
                        </labels>
                        <rows>
                          <row>
                            <cell colspan="2" rowspan="12" showlabel="false" id="{bc971d8b-fd2b-45db-ad3c-6df5b1cb1ffd}" auto="false">
                              <labels>
                                <label description="Project Requests" languagecode="1033" />
                              </labels>
                              <control id="Component1cdff8d" uniqueid="{0dd20a42-8a2c-70c6-63c1-0eadcc956b73}" classid="{E7A81278-8635-4d9e-8D4D-59480B391C5B}" indicationOfSubgrid="true">
                                <parameters>
                                  <TargetEntityType>govcdm_projectrequest</TargetEntityType>
                                  <ChartGridMode>Chart</ChartGridMode>
                                  <EnableQuickFind>false</EnableQuickFind>
                                  <EnableViewPicker>false</EnableViewPicker>
                                  <EnableJumpBar>false</EnableJumpBar>
                                  <RecordsPerPage>10</RecordsPerPage>
                                  <HeaderColorCode />
                                  <ViewId>{8E98F07A-E374-EE11-9AE7-6045BD0062B9}</ViewId>
                                  <IsUserView>false</IsUserView>
                                  <ViewIds />
                                  <AutoExpand>Fixed</AutoExpand>
                                  <VisualizationId>{B948C63D-E674-EE11-9AE7-6045BD0062B9}</VisualizationId>
                                  <IsUserChart>false</IsUserChart>
                                  <EnableChartPicker>false</EnableChartPicker>
                                  <RelationshipName />
                                </parameters>
                              </control>
                            </cell>
                            <cell colspan="2" rowspan="12" showlabel="false" id="{45f2d95b-bbef-48ff-828a-f342488ed881}" auto="false">
                              <labels>
                                <label description="Project Requests" languagecode="1033" />
                              </labels>
                              <control id="Componentb6c56be" uniqueid="{1bc952c8-7901-ab84-a61b-6827ba118820}" classid="{E7A81278-8635-4d9e-8D4D-59480B391C5B}" indicationOfSubgrid="true">
                                <parameters>
                                  <TargetEntityType>govcdm_projectrequest</TargetEntityType>
                                  <ChartGridMode>Grid</ChartGridMode>
                                  <EnableQuickFind>true</EnableQuickFind>
                                  <EnableViewPicker>true</EnableViewPicker>
                                  <EnableJumpBar>true</EnableJumpBar>
                                  <RecordsPerPage>8</RecordsPerPage>
                                  <HeaderColorCode />
                                  <ViewId>{8E98F07A-E374-EE11-9AE7-6045BD0062B9}</ViewId>
                                  <IsUserView>false</IsUserView>
                                  <ViewIds />
                                  <AutoExpand>Fixed</AutoExpand>
                                  <VisualizationId />
                                  <IsUserChart>false</IsUserChart>
                                  <EnableChartPicker>false</EnableChartPicker>
                                  <RelationshipName />
                                </parameters>
                              </control>
                            </cell>
                          </row>
                          <row />
                          <row />
                          <row />
                          <row />
                          <row />
                          <row />
                          <row />
                          <row />
                          <row />
                          <row />
                          <row />
                          <row>
                            <cell colspan="4" rowspan="12" showlabel="false" id="{08834bdd-cc17-43aa-96dc-f5e2153fbcea}">
                              <labels>
                                <label description="Componentd62aec9" languagecode="1033" />
                              </labels>
                              <control id="IFRAME_Componentd62aec9" classid="{FD2A7985-3187-444e-908D-6624B21F69C0}">
                                <parameters>
                                  <Url>https://crm040041.sharepoint.com/sites/ProjectManagementOffice/SitePages/ProjectHome.aspx</Url>
                                  <PassParameters>false</PassParameters>
                                  <Security>false</Security>
                                  <Scrolling>auto</Scrolling>
                                  <Border>true</Border>
                                  <ShowOnMobileClient>false</ShowOnMobileClient>
                                </parameters>
                              </control>
                            </cell>
                          </row>
                          <row />
                          <row />
                          <row />
                          <row />
                          <row />
                          <row />
                          <row />
                          <row />
                          <row />
                          <row />
                          <row />
                        </rows>
                      </section>
                    </sections>
                  </column>
                </columns>
              </tab>
            </tabs>
            <controlDescriptions />
          </form>
        </forms>
      </FormXml>
      <IntroducedVersion>1.0</IntroducedVersion>
      <IsTabletEnabled>0</IsTabletEnabled>
    </Dashboard>
  </Dashboards>
  <CustomControls />
  <AppModuleSiteMaps>
    <AppModuleSiteMap>
      <SiteMapUniqueName>msfed_ProjectTracking</SiteMapUniqueName>
      <EnableCollapsibleGroups>False</EnableCollapsibleGroups>
      <ShowHome>True</ShowHome>
      <ShowPinned>True</ShowPinned>
      <ShowRecents>True</ShowRecents>
      <SiteMap IntroducedVersion="7.0.0.0">
        <Area Id="area_ae8e1cc3" ResourceId="SitemapDesigner.NewTitle" DescriptionResourceId="SitemapDesigner.NewTitle" ShowGroups="true" IntroducedVersion="7.0.0.0">
          <Titles>
            <Title LCID="1033" Title="Area1" />
          </Titles>
          <Group Id="group_961a02da" ResourceId="SitemapDesigner.NewGroup" DescriptionResourceId="SitemapDesigner.NewGroup" IntroducedVersion="7.0.0.0" IsProfile="false" ToolTipResourseId="SitemapDesigner.Unknown">
            <Titles>
              <Title LCID="1033" Title="Dashboards" />
            </Titles>
            <SubArea Id="subarea_f3732748" DescriptionResourceId="Dashboards_Description" Icon="/_imgs/imagestrips/transparent_spacer.gif" Url="/workplace/home_dashboards.aspx" DefaultDashboard="b36e4776-e674-ee11-9ae7-6045bd0062b9" Client="All,Outlook,OutlookLaptopClient,OutlookWorkstationClient,Web" AvailableOffline="true" PassParams="false" Sku="All,OnPremise,Live,SPLA" ToolTipResourseId="DashboardTooltip">
              <Titles>
                <Title LCID="1033" Title="Project Requests" />
              </Titles>
            </SubArea>
          </Group>
          <Group Id="group_9343178b" ResourceId="SitemapDesigner.NewGroup" DescriptionResourceId="SitemapDesigner.NewGroup" IntroducedVersion="7.0.0.0" IsProfile="false" ToolTipResourseId="SitemapDesigner.Unknown">
            <Titles>
              <Title LCID="1033" Title="Projects" />
            </Titles>
            <SubArea Id="subarea_84791aab" Icon="/_imgs/imagestrips/transparent_spacer.gif" Entity="govcdm_projectrequest" Client="All,Outlook,OutlookLaptopClient,OutlookWorkstationClient,Web" AvailableOffline="true" PassParams="false" Sku="All,OnPremise,Live,SPLA" />
            <SubArea Id="subarea_1be9585e" Icon="/_imgs/imagestrips/transparent_spacer.gif" Entity="govcdm_project" Client="All,Outlook,OutlookLaptopClient,OutlookWorkstationClient,Web" AvailableOffline="true" PassParams="false" Sku="All,OnPremise,Live,SPLA" />
            <SubArea Id="subarea_54f857ab" Icon="/_imgs/imagestrips/transparent_spacer.gif" Entity="govcdm_projectmilestone" Client="All,Outlook,OutlookLaptopClient,OutlookWorkstationClient,Web" AvailableOffline="true" PassParams="false" Sku="All,OnPremise,Live,SPLA" />
            <SubArea Id="subarea_e74427ec" Icon="/_imgs/imagestrips/transparent_spacer.gif" Entity="govcdm_projectresource" Client="All,Outlook,OutlookLaptopClient,OutlookWorkstationClient,Web" AvailableOffline="true" PassParams="false" Sku="All,OnPremise,Live,SPLA" />
          </Group>
          <Group Id="group_64f31358" ResourceId="SitemapDesigner.NewGroup" DescriptionResourceId="SitemapDesigner.NewGroup" IntroducedVersion="7.0.0.0" IsProfile="false" ToolTipResourseId="SitemapDesigner.Unknown">
            <Titles>
              <Title LCID="1033" Title="Project Lifecycle Management" />
            </Titles>
            <SubArea Id="subarea_d9937530" Icon="/_imgs/imagestrips/transparent_spacer.gif" Entity="govcdm_projectbacklog" Client="All,Outlook,OutlookLaptopClient,OutlookWorkstationClient,Web" AvailableOffline="true" PassParams="false" Sku="All,OnPremise,Live,SPLA" />
            <SubArea Id="subarea_0eb57ef6" Icon="/_imgs/imagestrips/transparent_spacer.gif" Entity="govcdm_projectworkitem" Client="All,Outlook,OutlookLaptopClient,OutlookWorkstationClient,Web" AvailableOffline="true" PassParams="false" Sku="All,OnPremise,Live,SPLA" />
            <SubArea Id="subarea_a82f7c09" Icon="/_imgs/imagestrips/transparent_spacer.gif" Entity="govcdm_projectiteration" Client="All,Outlook,OutlookLaptopClient,OutlookWorkstationClient,Web" AvailableOffline="true" PassParams="false" Sku="All,OnPremise,Live,SPLA" />
            <SubArea Id="subarea_18687865" Icon="/_imgs/imagestrips/transparent_spacer.gif" Entity="govcdm_projectchangerequest" Client="All,Outlook,OutlookLaptopClient,OutlookWorkstationClient,Web" AvailableOffline="true" PassParams="false" Sku="All,OnPremise,Live,SPLA" />
          </Group>
          <Group Id="group_f3b31a39" ResourceId="SitemapDesigner.NewGroup" DescriptionResourceId="SitemapDesigner.NewGroup" IntroducedVersion="7.0.0.0" IsProfile="false" ToolTipResourseId="SitemapDesigner.Unknown">
            <Titles>
              <Title LCID="1033" Title="Admin" />
            </Titles>
            <SubArea Id="subarea_8b64e705" Icon="/_imgs/imagestrips/transparent_spacer.gif" Entity="govcdm_projectrole" Client="All,Outlook,OutlookLaptopClient,OutlookWorkstationClient,Web" AvailableOffline="true" PassParams="false" Sku="All,OnPremise,Live,SPLA" />
            <SubArea Id="subarea_7661374b" Icon="/_imgs/imagestrips/transparent_spacer.gif" Entity="govcdm_projectworkitemtype" Client="All,Outlook,OutlookLaptopClient,OutlookWorkstationClient,Web" AvailableOffline="true" PassParams="false" Sku="All,OnPremise,Live,SPLA" />
          </Group>
        </Area>
      </SiteMap>
      <LocalizedNames>
        <LocalizedName description="Project Tracking" languagecode="1033" />
      </LocalizedNames>
    </AppModuleSiteMap>
  </AppModuleSiteMaps>
  <AppModules>
    <AppModule>
      <UniqueName>msfed_ProjectTracking</UniqueName>
      <IntroducedVersion>1.0</IntroducedVersion>
      <WebResourceId>953b9fac-1e5e-e611-80d6-00155ded156f</WebResourceId>
      <OptimizedFor></OptimizedFor>
      <statecode>0</statecode>
      <statuscode>1</statuscode>
      <FormFactor>1</FormFactor>
      <ClientType>4</ClientType>
      <NavigationType>0</NavigationType>
      <AppModuleComponents>
        <AppModuleComponent type="1" schemaName="govcdm_project" />
        <AppModuleComponent type="1" schemaName="govcdm_projectbacklog" />
        <AppModuleComponent type="1" schemaName="govcdm_projectchangerequest" />
        <AppModuleComponent type="1" schemaName="govcdm_projectiteration" />
        <AppModuleComponent type="1" schemaName="govcdm_projectmilestone" />
        <AppModuleComponent type="1" schemaName="govcdm_projectrequest" />
        <AppModuleComponent type="1" schemaName="govcdm_projectresource" />
        <AppModuleComponent type="1" schemaName="govcdm_projectrole" />
        <AppModuleComponent type="1" schemaName="govcdm_projectworkitem" />
        <AppModuleComponent type="1" schemaName="govcdm_projectworkitemtype" />
        <AppModuleComponent type="26" id="{8e98f07a-e374-ee11-9ae7-6045bd0062b9}" />
        <AppModuleComponent type="26" id="{38417057-3db5-4d8e-a09a-2b2b687f0449}" />
        <AppModuleComponent type="26" id="{dec1697c-6f1f-424b-aeac-2598048cd698}" />
        <AppModuleComponent type="26" id="{7a089170-b3d7-41ab-b35d-78090e8d3925}" />
        <AppModuleComponent type="26" id="{ae1b169e-f3eb-4231-ba2f-af65ee6d91bb}" />
        <AppModuleComponent type="60" id="{b36e4776-e674-ee11-9ae7-6045bd0062b9}" />
        <AppModuleComponent type="62" schemaName="msfed_ProjectTracking" />
      </AppModuleComponents>
      <AppModuleRoleMaps>
        <Role id="{627090ff-40a3-4053-8790-584edc5be201}" />
        <Role id="{119f245c-3cc8-4b62-b31c-d1a046ced15d}" />
      </AppModuleRoleMaps>
      <LocalizedNames>
        <LocalizedName description="Project Tracking" languagecode="1033" />
      </LocalizedNames>
    </AppModule>
  </AppModules>
  <EntityDataProviders />
  <CanvasApps>
    <CanvasApp>
      <Name>msfed_projectrequestapp_10067</Name>
      <AppVersion>2023-10-27T17:19:43Z</AppVersion>
      <Status>Ready</Status>
      <CreatedByClientVersion>3.23102.20.0</CreatedByClientVersion>
      <MinClientVersion>3.23102.20.0</MinClientVersion>
      <Tags>{"primaryDeviceWidth":"640","primaryDeviceHeight":"1136","supportsPortrait":"true","supportsLandscape":"true","primaryFormFactor":"Phone","showStatusBar":"false","publisherVersion":"3.23102.20","minimumRequiredApiVersion":"2.2.0","hasComponent":"false","hasUnlockedComponent":"false","isUnifiedRootApp":"false","sienaVersion":"20231027T170527Z-3.23102.20.0"}</Tags>
      <IsCdsUpgraded>0</IsCdsUpgraded>
      <GalleryItemId xsi:nil="true"></GalleryItemId>
      <BackgroundColor>RGBA(0,176,240,1)</BackgroundColor>
      <DisplayName>Project Request App</DisplayName>
      <Description xsi:nil="true"></Description>
      <CommitMessage xsi:nil="true"></CommitMessage>
      <Publisher xsi:nil="true"></Publisher>
      <AuthorizationReferences>[]</AuthorizationReferences>
      <ConnectionReferences>{}</ConnectionReferences>
      <DatabaseReferences>{"default.cds":{"databaseDetails":{"referenceType":"Environmental","environmentName":"default.cds","overrideValues":{"status":"NotSpecified","environmentVariableName":""}},"dataSources":{"Project Requests":{"entitySetName":"govcdm_projectrequests","logicalName":"govcdm_projectrequest"},"Persons":{"entitySetName":"contacts","logicalName":"contact"}}}}</DatabaseReferences>
      <AppComponents>[]</AppComponents>
      <AppComponentDependencies>[]</AppComponentDependencies>
      <CanConsumeAppPass>1</CanConsumeAppPass>
      <CanvasAppType>0</CanvasAppType>
      <BypassConsent>0</BypassConsent>
      <AdminControlBypassConsent>0</AdminControlBypassConsent>
      <EmbeddedApp xsi:nil="true"></EmbeddedApp>
      <IntroducedVersion>1.0</IntroducedVersion>
      <CdsDependencies>{"cdsdependencies":[{"logicalname":"govcdm_projectrequest","componenttype":1},{"logicalname":"contact","componenttype":1}]}</CdsDependencies>
      <IsCustomizable>1</IsCustomizable>
      <BackgroundImageUri>/CanvasApps/msfed_projectrequestapp_10067_BackgroundImageUri</BackgroundImageUri>
      <DocumentUri>/CanvasApps/msfed_projectrequestapp_10067_DocumentUri.msapp</DocumentUri>
    </CanvasApp>
  </CanvasApps>
  <connectionreferences>
    <connectionreference connectionreferencelogicalname="msfed_sharedcommondataserviceforapps_119c4">
      <connectionreferencedisplayname>Microsoft Dataverse msfed_projecttracking-119c4</connectionreferencedisplayname>
      <connectorid>/providers/Microsoft.PowerApps/apis/shared_commondataserviceforapps</connectorid>
      <iscustomizable>1</iscustomizable>
      <statecode>0</statecode>
      <statuscode>1</statuscode>
    </connectionreference>
    <connectionreference connectionreferencelogicalname="msfed_sharedoffice365_583dc">
      <connectionreferencedisplayname>Office 365 Outlook msfed_projecttracking-583dc</connectionreferencedisplayname>
      <connectorid>/providers/Microsoft.PowerApps/apis/shared_office365</connectorid>
      <iscustomizable>1</iscustomizable>
      <statecode>0</statecode>
      <statuscode>1</statuscode>
    </connectionreference>
  </connectionreferences>
  <Languages>
    <Language>1033</Language>
  </Languages>
</ImportExportXml>