<powerpagecomponent powerpagecomponentid="795dc955-84d6-4cee-99b0-31887f5f6720">
  <content>{
  "displayorder": 2,
  "enabletracking": false,
  "excludefromsearch": true,
  "hiddenfromsitemap": true,
  "parentpageid": "4c0dafbd-c00f-48ac-9b6a-890cb257d854",
  "partialurl": "uswds.min.css",
  "publishingstateid": "bb41cbbb-c85a-4db5-a56e-a669cb132666"
}</content>
  <filecontent mimetype="application/octet-stream">uswds.min.css</filecontent>
  <iscustomizable>1</iscustomizable>
  <name>uswds.min.css</name>
  <powerpagecomponenttype>3</powerpagecomponenttype>
  <powerpagesiteid>
    <powerpagesiteid>add6fceb-252c-456e-bead-89dbed3b19c5</powerpagesiteid>
  </powerpagesiteid>
  <statecode>0</statecode>
  <statuscode>1</statuscode>
</powerpagecomponent>