{"__Version":"0.1","App":"9d627c4e-df9c-43d7-b753-086440a1df38","Test_7F478737223C4B69":"f6c32074-aaf0-41cc-a9b2-06ee79283704","Host":"b2b8196d-cadf-49ba-bcfd-7bdd5a1c51d1","compHeaderCompound":"48249754-0db2-49e8-bf4d-363cb7f593bf","conBackIcon_Header":"0f66b5e7-2a23-4680-be1c-e7974a55fd41","IcnBack":"2ef2c003-fa30-4172-a86c-f7bb819d81b1","comp_Header":"5cca9101-6f60-413b-a70c-9355167deff0","comp_headerNavTabList":"adbc8de2-b7cd-4451-888d-7b04e6b20052","lbl_LinkLabel":"6ca03831-b8b6-4120-bf51-bce6b34e594b","compFormStatus":"4fa69a45-96d7-4d9c-9ea1-086ca52ece9b","conFormStatus":"30648e55-669d-4599-9631-888140fdc68f","shpFormStatus":"5631d686-4af8-41f3-835c-c1ed83dd00f2","txtFormStatus":"b7ef6d64-d6f5-4a42-acd4-3a9624aaf536","comSectionQuestions":"41c4e41c-9899-4467-8d8b-a343175393f3","galSectionQuestions":"c920d83d-5228-48ab-94f6-dc780e784d3a","conQuestionStatus":"3d588609-832a-4f4f-9e0b-855e77d07eba","icoCircle_1":"4c0ca732-df14-477e-8e5e-1a223ffe328d","icoLine_1":"c7c6bc35-d7aa-49fd-8db8-369082d56cae","icoCheck_1":"a3349c59-7bc2-4596-89ae-1a5658ed93a1","lblSectionTitle":"3b96bd9b-cb13-4074-9a95-78bc100ad8cf","galleryTemplate1_3":"e29531b7-4336-4ddc-82cf-a72d572c5acf","icoSelector":"ef8e3270-b03e-4976-be4b-c7cae1e60075","Employee - My Forms":"e65469a9-a163-4249-b1b9-c0babe082ccd","compHeaderCompound_EmpMyForms":"1e921ece-d4c1-4fdd-bd2b-a9d48d742b7b","conMainMyForms":"b033e472-9d12-43d7-9b3c-4403c586db46","lblMyFormsHeader":"2a833f1b-f53e-42b5-9636-38501152b241","conFormMyForms":"cb3e2cd2-c402-4003-9e48-411e532eeffe","conFilterMyForms":"49aa892b-5ec1-4ec9-8f6a-ec9c6ebd1d78","conFormFiltersMyForms":"b552abe3-ee2d-475e-a71e-4e4145f5710d","conSearchFormNameMyForms":"4231aeb1-e4fb-4170-b980-48b7d85844d4","lblSearchFormHeaderMyForms":"35d63cc1-70f3-47b6-b572-129e14c59081","txtSearchFormMyForms":"dd719164-8b02-421b-bef8-842a1215e0f6","conFormCategoryFilterMyForms":"655f7a0a-ed36-4594-9769-1035f6ba9ea6","lblFormCategoryFilterHeaderMyForms":"5a79ab39-f481-4483-8d35-8d63264077b8","cmbFormCategoryFilterMyForms":"89d42589-5585-4da8-a44f-1c84037283cc","Name3":"888a7c2b-78cc-424f-9804-0b73b471db86","Created On3":"edaa8428-2af0-48a6-adf2-4cd2d3eea0bc","conCountryFilterMyForms":"80470f4c-cec5-47d8-8ef6-dce5c0263ca9","lblCountryFilterHeaderMyForms":"8c810824-03e7-48b5-9dd8-3a4324b0b57e","cmbFormCountryFilterMyForms":"dc8a81ed-40ca-4c62-8f62-6e2afb474b58","Name4":"a3a0b67d-1267-44e9-92f5-d688c72bcd2e","Created On4":"933ad0c0-097c-423b-b722-8bae7114a319","conStatusFilterMyForms":"5664516a-32c1-4929-8d85-9fec172bf2dd","lblStatusFilterHeaderMyForms":"5b1cdf67-baec-458d-bc2f-e0e6ea2acc1d","cmbFormStatusFilterMyForms":"85ae4604-4278-40d9-b00e-40a5dbd07e0a","Name5":"e20b4982-0511-47dc-91f6-e02cd21db910","Status1":"64c90d43-22eb-4cf9-9dc3-b7ea617fb0cd","shpFilterUpperDividerMyForms":"8d4a55fa-3ca1-49d5-b7f6-26e64ddb9905","conFormDateFilterMyForms":"f69d171a-2976-40e5-a4c8-a97ca1fc1a72","conStartDateFilterMyForms":"a41fb802-1cf2-4404-afb5-9eec636ec34a","lblStartDateFilterHeaderMyForms":"18af9ce9-4029-4e19-a9a6-d1c23b76352b","dteStartDateFilterMyForms":"97bbd07d-e1f1-4ab0-8980-7ee492ad14a5","conEndDateFilterMyForms":"3874ec42-ca6c-4272-8c36-97a235d58548","lblEndDateFilterHeaderMyForms":"89d36c4a-14e4-4142-86f7-faabcc5de2f9","dteEndDateFilterMyForms":"53c04447-c840-476a-b655-579639adb7ca","shpFilterLowerDividerMyForms":"8783e1b7-a21c-4494-b810-4bf6f01835a6","conFilterButtonMyForms":"fa29dbca-1e90-4a02-84dc-5ae4e28e9420","btnApplyFilterMyForms":"7b90daa6-0866-4f50-bf48-4d49ac98c896","btnResetFilterMyForms":"5e668787-b944-4808-8edb-4eed5298ad0c","conFormListMyForms":"d516eec8-8b7e-4980-a4c3-fcbd5a0f7dce","conFormListHeaderMyForms":"c6f851e5-6a81-4572-be8c-9a0260e8d497","conFormNameHeaderMyForms":"44b87ec9-2bc4-490c-a59c-7c8fe3c4a70b","lblFormNameHeaderMyForms":"a2e4b32f-5fc9-4f82-81c5-1b7ab39d6e82","icoFormNameHeaderArrowMyForms":"0ba57c87-4fbf-4122-9f6a-453f9e8f2a47","conFormCategoryHeaderMyForms":"7b813420-c6f1-4d07-8a11-67a6eb7ee3b9","lblFormCategoryHeaderMyForms":"8b97edb1-780f-4143-8687-286fc2a1a09c","icoFormCategoryHeaderArrowMyForms":"6a673485-aa78-489e-9889-3fa42df24fc0","conFormCountryHeaderMyForms":"2dae7382-eccb-431a-a5ed-25e9cbb7ce64","lblFormCountryHeaderMyForms":"25c6b78c-c907-4664-9f77-306b11cc1ed7","icoFormCountryHeaderArrowMyForms":"db5845b9-45ba-44f9-8ef1-624541b72df4","conFormDateCreatedHeaderMyForms":"236866ff-df43-4b8c-95e9-5f288f1cbc2b","lblFormDateCreatedHeaderMyForms":"c6aa5b0b-cc99-4d33-9ccb-d9ba688817ba","icoFormDateCreatedHeaderArrowMyForms":"ae7efd7b-1d6e-4fce-961d-520c40352ef3","conFormStatusHeaderMyForms":"bdef81e6-4fc0-4e24-aadb-901623ac29b1","lblFormStatusHeaderMyForms":"0763f178-2441-43f3-9541-27c453020df5","icoFormStatusHeaderArrowMyForms":"4dc870af-6cac-46d0-bd4a-24efbc832184","shpFormListUpperDividerMyForms":"e750758a-0cf5-4922-ad4c-6432034dc953","conGalleryFormListMyForms":"a9f965f3-39da-4a6b-b298-93cec6fd23a4","galFormListMyForms":"7cee04bd-214b-4a11-96e1-2b2cc473c2e1","galleryTemplate1":"56932ca8-eb2f-4e90-8f00-0eb37003bda7","conFormListItemMyForms":"b7aaff66-31a1-4e1b-997b-4c47c25ec396","conFormNameMyForms":"8151727e-b913-4048-8a59-16a63999d0e7","conFormName":"933f7cb3-2bbc-43f4-9f1d-49ff18aa42d8","lblFormNameMyForms":"a5030059-d74d-445b-ab40-f84c4050e739","btnFormNameMyForms":"519607f5-a8c2-4a46-bccd-eee1269093e2","conFormCategoryMyForms":"a8925b26-0884-4c83-92ba-13a00315ee86","conFormCategory":"e682ff39-8c30-4738-8085-feb0d3691cd0","lblFormCategoryMyForms":"403554ac-4835-495e-9ec1-77a87a9d99d1","btnFormCategoryMyForms":"b5aacf86-5b76-4034-9c70-1637e91459e4","conFormCountryMyForms":"f66c0f63-09e7-4a21-9feb-250605694b65","conFormCountry":"4b83e262-a196-4d5e-93f2-58acd62216ca","lblFormCountryMyForms":"daff2474-974d-4dbc-afad-54a15b0d600e","btnFormCountryMyForms":"9761fae8-9f16-4b80-8e25-be0603c389fb","conFormDateCreationMyForms":"c803753e-0d85-4614-b2c0-ab38f331b8b8","conFormDateCreation":"b4548596-1b26-4b31-b675-e8c4fc04bfbb","lblFormDateCreationMyForms":"3e5892b3-66d8-4130-83ac-ca07633a2625","btnFormDateCreationMyForms":"eed289bc-8ce4-4206-a766-6b0af82187e2","conFormStatusMyForms":"59681f93-13ae-4dca-8644-0b78acd69a41","conFormStatus_1":"59043651-9aac-4103-8bf4-28e3022392b4","shpFormStatus_1":"18cac561-52a3-4274-b2bd-e74d4be40015","txtFormStatus_1":"1a72ea4d-2c17-47cf-b00d-a6f49aa7a725","conFormListDividerMyForms":"7292d64b-d421-45bc-bc13-553f0005d427","shpFormListLowerDividerMyForms":"7c2e4e7f-3aab-449e-998c-b1b49011b61d","conGalleryRowCountMyForms":"ef523b6a-0c01-46eb-9d2f-70de04bc1c17","lblGalleryRowCountMyForms":"5a391f3e-154b-42be-82fb-bca533297bf3","scrForm":"16abd13c-539e-4414-aab8-0b0e7b809fa2","compHeaderCompound_EmpMyForms_2":"2c83f67b-119c-40e2-9f8d-856b0be50f73","lblMyFormsHeader_3":"d4115198-3de4-4113-8a08-5f797fb6e559","lblMyFormsHeader_2":"6b454534-0d8f-4885-aa3a-b47470cd6a9e","conForm":"380adc33-8405-4aa2-8abf-89109b19ce3b","conSections":"7c7bf681-29a6-451b-a909-7b5aaaa7266e","Gallery1":"09b10f2c-4531-420a-a7a2-20005859a3fe","galleryTemplate2":"169ed905-2066-4bee-9c14-84e725abd74c","Icon3":"ce00c676-ee2c-4a8a-b50f-0c9fa68db4b0","TextCanvas2":"bc4830c5-b457-4289-adfa-6e9410d2a5d1","conSectionFields":"8fa57a1e-baff-47ac-a989-655f31650d3f","galSections":"ea11394e-dd04-4ddf-b6d9-96b48c60bc87","galleryTemplate5_1":"94954dc0-4751-4c05-a355-ac4aadcddd81","TextCanvas1_1":"e54b2d83-ee29-43fc-9e84-8b2e5ca813a0","Icon2_1":"040ec736-7cd3-4a05-ba81-a7f8993598c8","conFormListDividerMyForms_2":"7d2993bc-2f4e-44a0-a3dc-d28f384430aa","galQuestions":"57e3ce2d-caf1-48be-ba7a-81dfa8582fd5","galleryTemplate5_2":"a7c69a46-f485-431f-a4f9-95c464a86522","TextCanvas1_2":"7b4ff35f-e7a6-432d-92b9-9d1383f46b28","Icon2_2":"246f0456-5275-4752-a9fd-3afd1fd6f841","conFormListDividerMyForms_3":"6db4445a-b078-4bfa-9ce8-2dac6429a61f","conQuestion":"7e12d684-e55d-4ffb-9a23-9d43ee9888b1","TextCanvas3":"2255db65-0112-4944-9228-b30066298dc2","HtmlText2":"1401e31d-575e-4d37-bb9c-4a9f6057d752","TextInputCanvas1":"2c6b2a7f-1a40-4c25-be7f-b81755045ab2","NumberInput1":"c08c0ebc-4fcc-4100-b4f2-700f84877310","cmdSaveResponse":"8848e4f9-e8a8-4180-9e3f-66c786deadb0","Employee - View Form":"cfd32a51-b741-4758-9491-e164858d583d","compHeaderCompound_EmpViewForm":"6696d450-ee21-4e81-8c67-4907ec0d8fc6","conBody_EmpViewForm":"7d02d163-070b-47f1-9cc6-685884155fbc","conDetails_EmpViewForm":"4ebc1b5a-394c-4cf8-9320-dfd5b1fa2d4a","conLeftPane_EmpViewForm":"d69c54ca-de7e-4341-9acd-fcdea16c2990","conEmployeeSection_EmpViewForm":"1171c672-42aa-4e20-b80b-7f90136f8cfc","conEmployeeSectionBody_EmpViewForm":"754ff814-f32f-4693-8c1e-23f477fe0cd0","conEmployeeSectionTitle_EmpViewForm":"9096a21f-1277-41c2-b267-7ac5df275e58","lblLeftPaneEmployeeTitle_EmpViewForm":"a0c3200b-abc0-4f27-8fef-aeb65faeb233","conEmployeeSectionQuestions_EmpViewForm":"718cd6c9-cff7-4dd0-b979-2035589d3a1c","galEmpSectionQuestions_EmpViewForm":"85b3d112-9734-49f9-9f20-5c427e9486ee","galleryTemplate3":"40d599b0-3c03-4b3f-b11f-73895335e98d","btnEmpSectionQuestions_EmpViewForm":"b3c1b0c3-adac-4df5-936c-c079d8894f6b","lblEmployeeSectionTitle_EmpViewForm":"40fffe4f-f568-4b70-9067-6d8e7b95f780","conQuestionStatus_EmpViewForm":"ee82c96b-55af-4ce8-a7e1-dc2725611137","icoCircleEmployee_EmpViewForm":"520d1217-ef00-4830-b628-e075209739f2","icoLineEmployee_EmpViewForm":"f969aa82-f98b-4aa9-9432-6f4e6de615e1","icoCheckEmployee_EmpViewForm":"6158dd8f-e23a-47d5-9823-a9f42b205df1","icoXEmployee_EmpViewForm":"53404f1d-7ff1-4d39-9d09-4d4f8e2cb00d","icoSelectorEmployee_EmpViewForm":"80bdaa54-13f2-4bfe-b680-aeb5f7574b29","conRightPane_EmpViewForm":"3da17edc-7705-4d95-98ef-3c9bfafe4924","conSectionHeader_EmpViewForm":"e69d6fcc-1095-4204-bad7-a33c9ded2da6","conSectionDetails_EmpViewForm":"adb23168-4c78-4dcd-8305-03b1c75cf322","conSectionTitle_EmpViewForm":"1797a91a-a8a8-4c88-b043-5c62378dcd1a","lblSectionTitle_EmpViewForm":"a521935b-5009-4e99-b9d8-407e57a4dcee","conSectionDescription_EmpViewForm":"536b6e43-7723-44b1-9359-e84faadba520","lblSectionDescription_EmpViewForm":"b09ccea3-6ca8-4843-bb40-8c624ef4b7d4","conSectionStatus_EmpViewForm":"0971d0c5-a1b7-4015-be1b-10eb52df8fae","lblSectionStatus_EmpViewForm":"94e08692-e8be-43a8-9b91-0a4af0c9b8b1","compFormStatus_EmpViewForm":"271ccb29-94ba-44ad-8cd3-19a653d39fa3","conSectionQuestions_EmpViewForm":"3b3ad492-288d-4750-873b-8808f4155649","conSectionQuestionsBody_EmpViewForm":"86848112-a498-4fd6-8a04-eb2284cc187d","conSectionQuestionsDetails_EmpViewForm":"3e56b570-b488-4adc-bf75-7116b54475be","conSectionQuestionsGallery_EmpViewForm":"0f155d4f-6b71-4b16-9c15-ae54f2887906","conEmployeeSectionQuestionsGallery_EmpViewForm":"83206f32-fdf2-422f-96b8-45f5661083a1","galEmployeeSectionQuestionsGallery_EmpViewForm":"ddd75778-d6d4-4998-894f-16410ba60254","galleryTemplate2_3":"32822dd6-5857-4e0b-b87b-42049b4fd524","conSectionQuestionNo_EmpViewForm":"f5e1f2db-80bf-48af-8d1b-98550b375e31","lblSectionQuestionNo_EmpViewForm":"770e2913-da88-439f-9243-44b23b015f1f","conSectionQuestionTitle_EmpViewForm":"5e2b42ce-2575-468e-a8bf-3572009e0d8a","conSectionQuestionTitleBody_EmpViewForm":"b22d0adf-8644-46ce-b9c9-70fc03aa7338","lblSectionQuestionNote_EmpViewForm":"7dfafd34-4dc6-41b8-8d83-3e29b5dc738c","lblSectionQuestionTitle_EmpViewForm":"307013c8-2995-401c-96f3-1e7adb3eeaeb","conSectionResponse_EmpViewForm":"5bf3a079-db4e-4f83-acba-a5a458bbed37","conSectionResponseType_EmpViewForm":"3d7cae3a-5d21-4ce4-8f67-7efe85cfda59","cmbListResponse_EmpViewForm":"b553e4ed-3afd-4b7d-90e4-42c5f2ab2469","Name8":"803cae67-cae9-4940-af87-a48039231ed6","Form Item2":"7efd8457-485c-47dd-9089-c1c77e9a62c9","Form Item List ID2":"7cbe7f1c-86bb-4316-88b1-d382e8d4f624","cmbListResponseMultiselect_EmpViewForm":"422b40c3-f25f-4a94-81df-126ff19d620d","Name7_2":"009928cd-38bb-4960-95d2-4abdde51d5b1","Form Item1_2":"4702b168-651a-4843-abd2-799dd6bd4c4c","Form Item List ID1_2":"e687b993-50a3-4335-a54b-09ad0c593873","upldDocument_EmpViewForm":"aeddd56a-b1c6-4ade-bd35-47ed0b4088c4","inpSignature_EmpViewForm":"563cb338-bc1e-48c4-a383-8211cbe44161","imgSignature_EmpViewForm":"28925193-3fc0-4dab-ac59-741f1554d629","txtStringResponse_EmpViewForm":"d30f2687-1130-452d-97f9-cddd0f1f8f6d","cmbYesNoResponse_EmpViewForm":"800ec64d-1ea1-41e2-9cc1-41f1238fb121","Value1_1":"9d6ce1ec-8df8-4921-b54d-b5666280f7fc","btnDownloadFiles_EmpViewForm":"b645618a-cfa6-4f98-a2dd-d4d3959decdb","btnClearSignature_EmpViewForm":"f755c99c-2917-48b2-b7c4-e9f092b98569","conApproverComments_EmpViewForm":"3efbcdbf-1369-4503-8bb4-8bde136f9223","conApproverCommentsHeader_EmpViewForm":"d896a1ef-3ed0-46b4-ac0d-d18fa5b7b51d","lblApproverCommentsHeader_EmpViewForm":"0f80dce9-97da-4133-a32d-b6c12c87f922","conApproverCommentsBody_EmpViewForm":"80f7970d-eb71-4f22-9a73-14623a68a5fe","conApproverCommentsDetails_EmpViewForm":"89379eb2-e908-4f9b-b606-81636fc6f0b6","lblApproverCommentsDetailsHeader_EmpViewForm":"804d5d1d-ae6b-48c0-92a2-9843272d885e","lblApproverCommentsDetailsBody_EmpViewForm":"cb3820d6-cfe4-4b40-9bdf-038ea4bd5e4e","conApproverSectionQuestionsGallery_EmpViewForm":"854d1f7e-1db0-49f9-b36d-94ae00772eaf","conApproverSectionQuestionNo_EmpViewForm":"89de4a8b-31e3-43be-8409-54ee8f308cc9","lblApproverSectionQuestionNo_EmpViewForm":"38a98ba5-4616-49c3-8f75-3b68d8967f3a","conApprovalDetails_EmpViewForm":"ba27283a-7c56-491e-a8ac-dc4524e11298","conApproverName_EmpViewForm":"f7acb76b-4083-4bb2-9b39-5dc97a259b3e","lblApproverNameHeader_EmpViewForm":"672f6c5d-eaf3-4e94-9097-739a26424f8a","lblApproverNameValue_EmpViewForm":"1bf62d83-edeb-4f0b-8044-7a4ef99fe972","conApproverDate_EmpViewForm":"99cefde6-55cb-4bbf-80f8-96e98eeb323f","lblApprovalDateHeader_EmpViewForm":"60617339-4c6b-489b-bf38-c777637ce63f","lblApprovalDateValue_EmpViewForm":"29435a73-4bf8-447b-9556-bbeafc9522ec","conApprovalStatus_EmpViewForm":"90295ee7-be70-48ed-8fbc-5cc0058db17c","conApproverSignatureBody_EmpViewForm":"1aaf6cd2-e0f1-49bf-be46-1db0ef7bc1e9","lblApproverSignatureHeader_EmpViewForm":"a9ae918a-0755-4b8e-8709-3d3e496b329c","imgApproverSignature_EmpViewForm":"521e78c4-a097-4663-bef0-cee73ede4804","conApprovalStatusBody_EmpViewForm":"8611f8a7-2a06-4f7a-8c84-399267ed61c9","lblApprovalStatusHeader_EmpViewForm":"5be595e8-6cf9-476c-8cc2-19c5ef7d2859","lblApprovalStatusValue_EmpViewForm":"1042d8c5-4a09-4048-95e8-51485e1ba7c2","conInteractiveControls_EmpViewForm":"55b3df02-ffc5-4103-8972-058910998a2e","conInteractiveControlsBody_EmpViewForm":"10a6f760-1d5c-47a5-bad1-dc9d910db442","conLeftInteractiveControls_EmpViewForm":"e3bbfe00-a771-4db2-97fd-e8ec401502fb","conLeftInteractiveControlsBody_EmpViewForm":"3f8086bd-7309-4b26-b9f0-0613af30c076","conLeftInteractiveControlsButtons_EmpViewForm":"8e31ca78-a778-4309-b603-3af52b7c8c2b","btnBack_EmpViewForm":"49363944-6ab8-4ed0-a893-fc5010c901cf","btnSaveAndNext_EmpViewForm":"3a2bdd1f-539a-4e36-a8de-1dc227f042a8","conRightnteractiveControlsBody_EmpViewForm":"c7e75162-f729-446c-b6c3-8e107e9e7991","conRightInteractiveControlsButtons_EmpViewForm":"fab990bb-174c-4b5a-aef8-31efa15a628f","btnSubmit_EmpViewForm":"12815716-da7d-4be3-958c-8a8bedc34014","Success Screen":"5653a5b1-6865-414c-bc4a-fbdd523459c3","compHeaderCompound_Success":"d6374bb0-b01c-4328-8a7c-ca46115ad2f6","conBody_Success":"d194c8e2-95a3-4989-9530-bad9c0eab51c","conSuccessPrompt_Success":"11ceff32-ab6b-45f4-9c77-eb7a4a84896a","conSuccessPromptBody_Success":"37576a0b-c3d0-49f4-83c2-40a88189f666","lblSuccessTitle_Success":"605ae89c-5ef3-49de-98f5-34137fa4f82c","lblSuccessBody_Success":"6078426d-4682-4b46-9aa4-3dd446e12662","conSuccessInteractiveButtons_Success":"f336342f-39ad-4154-8ede-c2b086c686ea","btnReturn_Success":"7e65edc5-55af-4787-b085-bb734e46dfea","scrMain":"b9043630-82ad-4fc6-bf9f-8f8e761db8d9","compHeaderCompound_EmpMyForms_1":"da91ad26-06e3-461f-853a-af39610772c5","lblMyFormsHeader_1":"37638bd6-3108-4722-85e5-6ea13300968d","conStage":"76776857-b100-4a9e-b0f7-35b1ff1b60a6","conLeft":"f78e4d17-0a0c-490f-994e-cfe36d15600e","ButtonCanvas1":"f5459d3a-5c7d-46be-985a-227afe0492f0","ButtonCanvas1_1":"03445ea2-12ea-4c53-8cb3-3c76edc467e0","TextCanvas5":"cac3e372-d893-4464-bb46-528eff69a5d8","conNew":"dd09bf6f-e64e-4145-a655-add543966d42","TabList1":"9c80ae19-ee99-44c9-b36d-38c137b75b3d","galForms":"d9fa0e86-6f72-4257-a0ef-c97a0e62f1a5","galleryTemplate5":"50859b8b-6f7a-4348-b621-84885a338d9a","TextCanvas1":"413cc08e-f205-4741-9c24-ea7f4240049e","HtmlText1":"6d17bbbf-b8db-42a4-a247-323fdbac9388","Icon2":"cf7d946a-a38f-4c6f-adfd-4d5857f69966","conFormListDividerMyForms_1":"f345d73d-2fe8-4407-873a-328ec19da86b","Gallery2":"864fa1d3-213a-47fe-b510-bdc1e8a98110","galleryTemplate4":"5ef5adec-4431-4eed-8891-e410e8ad9e42","Rectangle1":"2f91e170-e523-4ba6-8c28-096b735bad09","Icon2_3":"81c1b5f2-ac24-4cd8-974b-4623f984c936","Title1":"7eb285c5-c1ea-45cb-924f-ca048245e208","Separator1":"11916b55-c994-470a-935a-3eeb27c030d6","Rectangle2":"93bace83-0f9f-449e-913c-b8153317fdff"}