﻿<?xml version="1.0" encoding="utf-8"?>
<ImportExportXml xmlns:xsi="http://www.w3.org/2001/XMLSchema-instance">
  <Entities>
    <Entity>
      <Name LocalizedName="KB Article" OriginalName="KB Article">govcdm_KBArticle</Name>
      <FormXml>
        <forms type="main">
          <systemform>
            <formid>{a1fc05f6-00f2-ee11-904b-000d3a8cbc95}</formid>
            <IntroducedVersion>1.0</IntroducedVersion>
            <FormPresentation>1</FormPresentation>
            <FormActivationState>1</FormActivationState>
            <form headerdensity="HighWithControls">
              <tabs>
                <tab verticallayout="true" id="{2605b58d-7243-4840-99e0-7a81e24b5e71}" IsUserDefined="1" name="New Tab" labelid="{b7b7e9c0-3a3d-4ba8-895b-8ac0909cb176}">
                  <labels>
                    <label description="New Tab" languagecode="1033" />
                  </labels>
                  <columns>
                    <column width="100%">
                      <sections>
                        <section showlabel="false" showbar="false" IsUserDefined="0" id="{f3d93055-5c88-413b-b371-ffca8c46cffc}" name="New Section" labelid="{de957e27-f483-4169-a074-f6a70d96531c}">
                          <labels>
                            <label description="New Section" languagecode="1033" />
                          </labels>
                          <rows>
                            <row>
                              <cell id="{278fd44b-26cb-42cf-a2c5-255de9b3cdff}" locklevel="0" colspan="1" rowspan="1" labelid="{8ddb9f86-c07b-46e4-9125-1c38ffc2b615}">
                                <labels>
                                  <label description="Name" languagecode="1033" />
                                </labels>
                                <control id="govcdm_name" classid="{4273EDBD-AC1D-40D3-9FB2-095C621B552D}" datafieldname="govcdm_name" disabled="false" />
                              </cell>
                            </row>
                            <row>
                              <cell id="{fdb69d32-7932-431d-a61b-4ff0dc59dcf5}" locklevel="0" colspan="1" rowspan="1" labelid="{3009f471-6dde-45c6-9a6d-1da18e3da1ac}">
                                <labels>
                                  <label description="URL Moniker" languagecode="1033" />
                                </labels>
                                <control id="govcdm_urlmoniker" classid="{4273EDBD-AC1D-40D3-9FB2-095C621B552D}" datafieldname="govcdm_urlmoniker" disabled="false" />
                              </cell>
                            </row>
                            <row>
                              <cell id="{862bb0c6-bb7f-449f-bf26-c6350906affe}" locklevel="0" colspan="1" rowspan="1" labelid="{4e60f260-345f-4ed8-a2dc-cddf5a3337ec}">
                                <labels>
                                  <label description="Details" languagecode="1033" />
                                </labels>
                                <control id="govcdm_details" classid="{E0DECE4B-6FC8-4A8F-A065-082708572369}" datafieldname="govcdm_details" disabled="false" />
                              </cell>
                            </row>
                            <row>
                              <cell id="{cce41e6e-538e-488f-b39c-7f9712d2201a}" locklevel="0" colspan="1" rowspan="4" labelid="{49f6b3c8-d44e-40d7-9b86-8d983fac22ab}">
                                <labels>
                                  <label description="Keywords" languagecode="1033" />
                                </labels>
                                <control id="govcdm_keywords" classid="{E0DECE4B-6FC8-4A8F-A065-082708572369}" datafieldname="govcdm_keywords" disabled="false" />
                              </cell>
                            </row>
                            <row />
                            <row />
                            <row />
                            <row>
                              <cell id="{6e670158-fd09-4443-af88-069de5f78593}" locklevel="0" colspan="1" rowspan="1" labelid="{d241edbc-63bd-43c8-9e9e-e850902b8993}">
                                <labels>
                                  <label description="Short URL" languagecode="1033" />
                                </labels>
                                <control id="govcdm_shorturl" classid="{71716B6C-711E-476C-8AB8-5D11542BFB47}" datafieldname="govcdm_shorturl" disabled="false" />
                              </cell>
                            </row>
                          </rows>
                        </section>
                      </sections>
                    </column>
                  </columns>
                </tab>
              </tabs>
              <header id="{65bf0f07-d2cf-4c9e-be02-3836cdb632b6}" celllabelposition="Top" columns="111" labelwidth="115" celllabelalignment="Left">
                <rows>
                  <row>
                    <cell id="{2cd8aec1-a3d9-4e92-9a93-552ad3853f64}" showlabel="false" labelid="{b9fba4cb-b270-4a07-9489-30ce6f13e58d}">
                      <labels>
                        <label description="" languagecode="1033" />
                      </labels>
                    </cell>
                    <cell id="{efb74378-6758-40d8-a0bf-4ba54a922979}" showlabel="false" labelid="{0ae9f420-a465-4057-a333-ea6bb67df734}">
                      <labels>
                        <label description="" languagecode="1033" />
                      </labels>
                    </cell>
                    <cell id="{fb3e40e1-d718-467c-ab17-ca786f642389}" showlabel="false" labelid="{fb6398d0-cb3d-4542-8bbc-25845600f9b3}">
                      <labels>
                        <label description="" languagecode="1033" />
                      </labels>
                    </cell>
                  </row>
                </rows>
              </header>
              <footer id="{1439e377-f0ea-457e-beb5-5668d2d42a4d}" celllabelposition="Top" columns="111" labelwidth="115" celllabelalignment="Left">
                <rows>
                  <row>
                    <cell id="{65de1645-c7f2-4177-a21d-b2a13e588b65}" showlabel="false" labelid="{2718c10a-eab9-4ce0-959d-7467bb78e5c3}">
                      <labels>
                        <label description="" languagecode="1033" />
                      </labels>
                    </cell>
                    <cell id="{160c7bea-3a86-4fcc-8200-2ec8c9fb2bca}" showlabel="false" labelid="{9491dbf9-d8df-4254-bf68-3b5a4e2373ce}">
                      <labels>
                        <label description="" languagecode="1033" />
                      </labels>
                    </cell>
                    <cell id="{0217fa65-1b32-4059-a6c8-025bae9a1d5f}" showlabel="false" labelid="{8211a05c-b980-4e7f-b919-3d7df0c83f07}">
                      <labels>
                        <label description="" languagecode="1033" />
                      </labels>
                    </cell>
                  </row>
                </rows>
              </footer>
              <DisplayConditions Order="0" FallbackForm="true">
                <Role Id="{627090ff-40a3-4053-8790-584edc5be201}" />
                <Role Id="{119f245c-3cc8-4b62-b31c-d1a046ced15d}" />
              </DisplayConditions>
            </form>
            <IsCustomizable>1</IsCustomizable>
            <CanBeDeleted>1</CanBeDeleted>
            <LocalizedNames>
              <LocalizedName description="Main" languagecode="1033" />
            </LocalizedNames>
          </systemform>
        </forms>
      </FormXml>
      <RibbonDiffXml>
        <CustomActions />
        <Templates>
          <RibbonTemplates Id="Mscrm.Templates"></RibbonTemplates>
        </Templates>
        <CommandDefinitions />
        <RuleDefinitions>
          <TabDisplayRules />
          <DisplayRules />
          <EnableRules />
        </RuleDefinitions>
        <LocLabels />
      </RibbonDiffXml>
    </Entity>
    <Entity>
      <Name LocalizedName="KM Catalog Item" OriginalName="KM Catalog Item">govcdm_KMCatalogItem</Name>
      <FormXml>
        <forms type="main">
          <systemform>
            <formid>{9d579405-4bf1-ee11-904b-000d3a8cbc95}</formid>
            <IntroducedVersion>1.0</IntroducedVersion>
            <FormPresentation>1</FormPresentation>
            <FormActivationState>1</FormActivationState>
            <form headerdensity="HighWithControls">
              <tabs>
                <tab verticallayout="true" id="{a36dbb6d-7b34-420c-af2b-879e9d7223a4}" IsUserDefined="1" labelid="{653bdf26-33af-4ef3-a1d0-22ae097da156}">
                  <labels>
                    <label description="General" languagecode="1033" />
                  </labels>
                  <columns>
                    <column width="100%">
                      <sections>
                        <section showlabel="false" showbar="false" IsUserDefined="0" id="{a3981ea8-b5ec-4470-8fd5-a3d7dcce3d46}" labelid="{d5c877a2-f26f-4b69-b092-19c23fa9df87}">
                          <labels>
                            <label description="General" languagecode="1033" />
                          </labels>
                          <rows>
                            <row>
                              <cell id="{fb87fb21-4d76-4947-8b86-400125885406}" labelid="{8a5bb30a-2cad-40c6-974f-84ad2c57b739}">
                                <labels>
                                  <label description="Name" languagecode="1033" />
                                </labels>
                                <control id="govcdm_name" classid="{4273EDBD-AC1D-40d3-9FB2-095C621B552D}" datafieldname="govcdm_name" />
                              </cell>
                            </row>
                            <row>
                              <cell id="{2c6383bd-bc9c-4baf-935c-c5cbd1d856ac}" locklevel="0" colspan="1" rowspan="1" labelid="{4f723c35-64f6-4824-bf4e-2e00099e5743}">
                                <labels>
                                  <label description="Description" languagecode="1033" />
                                </labels>
                                <control id="govcdm_description" classid="{E0DECE4B-6FC8-4A8F-A065-082708572369}" datafieldname="govcdm_description" disabled="false" />
                              </cell>
                            </row>
                            <row>
                              <cell id="{f3647519-74de-426f-a7fb-95909ff826ad}" locklevel="0" colspan="1" rowspan="1" labelid="{075eab45-e4f2-444f-a1ff-75987618dd1f}">
                                <labels>
                                  <label description="URL" languagecode="1033" />
                                </labels>
                                <control id="govcdm_url" classid="{71716B6C-711E-476C-8AB8-5D11542BFB47}" datafieldname="govcdm_url" disabled="false" />
                              </cell>
                            </row>
                            <row>
                              <cell id="{c377ffd6-56d0-4320-833f-cfe9e886f21e}" locklevel="0" colspan="1" rowspan="1">
                                <labels>
                                  <label description="" languagecode="1033" />
                                </labels>
                                <control id="govcdm_contentdate" classid="{5B773807-9FB2-42DB-97C3-7A91EFF8ADFF}" datafieldname="govcdm_contentdate" disabled="false" />
                              </cell>
                            </row>
                            <row>
                              <cell id="{02197edd-b792-4b82-b6e6-de240afe6c1f}" locklevel="0" colspan="1" rowspan="1">
                                <labels>
                                  <label description="" languagecode="1033" />
                                </labels>
                                <control id="govcdm_primarypoc" classid="{270BD3DB-D9AF-4782-9025-509E298DEC0A}" datafieldname="govcdm_primarypoc" disabled="false" />
                              </cell>
                            </row>
                            <row>
                              <cell id="{9c3b9fa9-c4dc-47d6-8dc2-289d21f30f90}" locklevel="0" colspan="1" rowspan="1">
                                <labels>
                                  <label description="" languagecode="1033" />
                                </labels>
                                <control id="govcdm_kmcategory" classid="{270BD3DB-D9AF-4782-9025-509E298DEC0A}" datafieldname="govcdm_kmcategory" disabled="false" />
                              </cell>
                            </row>
                            <row>
                              <cell id="{a6d08508-dd34-4b02-b7b9-7b1f0d5acfc9}" locklevel="0" colspan="1" rowspan="1">
                                <labels>
                                  <label description="" languagecode="1033" />
                                </labels>
                                <control id="govcdm_kmcatalogitemtype" classid="{270BD3DB-D9AF-4782-9025-509E298DEC0A}" datafieldname="govcdm_kmcatalogitemtype" disabled="false" />
                              </cell>
                            </row>
                            <row>
                              <cell id="{d06dda17-82f1-4014-9ebe-f69a855a2340}" locklevel="0" colspan="1" rowspan="1">
                                <labels>
                                  <label description="" languagecode="1033" />
                                </labels>
                                <control id="govcdm_kmcatalogitemsubtype" classid="{4273EDBD-AC1D-40D3-9FB2-095C621B552D}" datafieldname="govcdm_kmcatalogitemsubtype" disabled="false" />
                              </cell>
                            </row>
                            <row>
                              <cell id="{7b8859e8-6307-4407-bc88-5d94a8869b44}" labelid="{22d79838-9690-4d64-be8c-52a7bd109961}">
                                <labels>
                                  <label description="Owner" languagecode="1033" />
                                </labels>
                                <control id="ownerid" classid="{270BD3DB-D9AF-4782-9025-509E298DEC0A}" datafieldname="ownerid" />
                              </cell>
                            </row>
                          </rows>
                        </section>
                      </sections>
                    </column>
                  </columns>
                </tab>
              </tabs>
              <header id="{0b546742-13d8-4b90-bb8f-3dc51f92a78a}" celllabelposition="Top" columns="111" labelwidth="115" celllabelalignment="Left">
                <rows>
                  <row>
                    <cell id="{18e995f3-7cc0-4c5d-a768-2a23e90f8be6}" showlabel="false" labelid="{79ed105b-4d07-4a4e-8dd2-77adc83abfc2}">
                      <labels>
                        <label description="" languagecode="1033" />
                      </labels>
                    </cell>
                    <cell id="{319b9483-72fb-4d88-921b-a9d8b0a07d6b}" showlabel="false" labelid="{4a27b551-12c6-4ac9-af17-ed86b99c32e3}">
                      <labels>
                        <label description="" languagecode="1033" />
                      </labels>
                    </cell>
                    <cell id="{f27f300a-1293-4294-8921-61a12a41586d}" showlabel="false" labelid="{dfe409fd-3e73-4813-9add-6e1ebbfbb2dd}">
                      <labels>
                        <label description="" languagecode="1033" />
                      </labels>
                    </cell>
                    <cell id="{dcdb606a-ba5f-4778-a1ad-3850280c2364}" locklevel="0" colspan="1" rowspan="1" labelid="{76740cf4-f093-48b0-8602-bc8e31a38689}">
                      <labels>
                        <label description="Parent KM Catalog Item" languagecode="1033" />
                      </labels>
                      <control id="header_govcdm_parentkmcatalogitem" classid="{270BD3DB-D9AF-4782-9025-509E298DEC0A}" datafieldname="govcdm_parentkmcatalogitem" disabled="false" />
                    </cell>
                    <cell id="{71b85577-32a6-45ba-bcbc-a6bc4607e361}" locklevel="0" colspan="1" rowspan="1">
                      <labels>
                        <label description="" languagecode="1033" />
                      </labels>
                      <control id="header_govcdm_publicationstatus" classid="{3EF39988-22BB-4F0B-BBBE-64B5A3748AEE}" datafieldname="govcdm_publicationstatus" disabled="false" />
                    </cell>
                  </row>
                </rows>
              </header>
              <footer id="{ddb21bba-77bb-42a6-9c72-f94ca4de5a3c}" celllabelposition="Top" columns="111" labelwidth="115" celllabelalignment="Left">
                <rows>
                  <row>
                    <cell id="{ba6b17f5-726b-41ae-921f-c2cc89956509}" showlabel="false" labelid="{98356f95-1ad5-4c7e-b860-c80635b28c4b}">
                      <labels>
                        <label description="" languagecode="1033" />
                      </labels>
                    </cell>
                    <cell id="{8586a1e4-9044-468d-8146-dfc9ec43fb12}" showlabel="false" labelid="{8a6497a0-7421-4bf9-9ffa-f66e75331d97}">
                      <labels>
                        <label description="" languagecode="1033" />
                      </labels>
                    </cell>
                    <cell id="{df2af1c8-bee8-44fe-bfc8-74216e78101a}" showlabel="false" labelid="{a43ba4f0-ca56-401d-841d-e5f90fe81bfa}">
                      <labels>
                        <label description="" languagecode="1033" />
                      </labels>
                    </cell>
                  </row>
                </rows>
              </footer>
              <DisplayConditions Order="1" FallbackForm="true">
                <Role Id="{627090ff-40a3-4053-8790-584edc5be201}" />
                <Role Id="{119f245c-3cc8-4b62-b31c-d1a046ced15d}" />
              </DisplayConditions>
            </form>
            <IsCustomizable>1</IsCustomizable>
            <CanBeDeleted>1</CanBeDeleted>
            <LocalizedNames>
              <LocalizedName description="Main" languagecode="1033" />
            </LocalizedNames>
            <Descriptions>
              <Description description="A form for this entity." languagecode="1033" />
            </Descriptions>
          </systemform>
        </forms>
      </FormXml>
      <SavedQueries>
        <savedqueries>
          <savedquery>
            <IsCustomizable>1</IsCustomizable>
            <CanBeDeleted>1</CanBeDeleted>
            <isquickfindquery>0</isquickfindquery>
            <isprivate>0</isprivate>
            <isdefault>0</isdefault>
            <savedqueryid>{0762671b-3707-ef11-9f89-001dd806e944}</savedqueryid>
            <layoutxml>
              <grid name="resultset" jump="govcdm_name" select="1" icon="1" preview="1">
                <row name="result" id="govcdm_kmcatalogitemid">
                  <cell name="govcdm_name" width="200" />
                  <cell name="govcdm_kmcatalogitemtype" width="171" />
                  <cell name="govcdm_kmcategory" width="118" />
                  <cell name="govcdm_url" width="100" />
                  <cell name="govcdm_description" width="106" />
                  <cell name="govcdm_primarypoc" width="116" />
                  <cell name="govcdm_publicationstatus" width="142" />
                </row>
              </grid>
            </layoutxml>
            <querytype>0</querytype>
            <fetchxml>
              <fetch version="1.0" output-format="xml-platform" mapping="logical">
                <entity name="govcdm_kmcatalogitem">
                  <attribute name="govcdm_name" />
                  <attribute name="govcdm_kmcatalogitemid" />
                  <attribute name="govcdm_kmcatalogitemtype" />
                  <attribute name="govcdm_kmcategory" />
                  <attribute name="govcdm_url" />
                  <attribute name="govcdm_description" />
                  <attribute name="govcdm_primarypoc" />
                  <attribute name="govcdm_publicationstatus" />
                </entity>
              </fetch>
            </fetchxml>
            <IntroducedVersion>1.0</IntroducedVersion>
            <LocalizedNames>
              <LocalizedName description="KM Catalog Items" languagecode="1033" />
            </LocalizedNames>
          </savedquery>
        </savedqueries>
      </SavedQueries>
      <RibbonDiffXml>
        <CustomActions />
        <Templates>
          <RibbonTemplates Id="Mscrm.Templates"></RibbonTemplates>
        </Templates>
        <CommandDefinitions />
        <RuleDefinitions>
          <TabDisplayRules />
          <DisplayRules />
          <EnableRules />
        </RuleDefinitions>
        <LocLabels />
      </RibbonDiffXml>
    </Entity>
    <Entity>
      <Name LocalizedName="KM Catalog Item POC" OriginalName="KM Catalog Item POC">govcdm_KMCatalogItemPOC</Name>
      <RibbonDiffXml>
        <CustomActions />
        <Templates>
          <RibbonTemplates Id="Mscrm.Templates"></RibbonTemplates>
        </Templates>
        <CommandDefinitions />
        <RuleDefinitions>
          <TabDisplayRules />
          <DisplayRules />
          <EnableRules />
        </RuleDefinitions>
        <LocLabels />
      </RibbonDiffXml>
    </Entity>
    <Entity>
      <Name LocalizedName="KM Catalog Item Relation" OriginalName="KM Catalog Item Relation">govcdm_KMCatalogItemRelation</Name>
      <FormXml>
        <forms type="main">
          <systemform>
            <formid>{40b9a121-4bf1-ee11-904b-000d3a8cbc95}</formid>
            <IntroducedVersion>1.0</IntroducedVersion>
            <FormPresentation>1</FormPresentation>
            <FormActivationState>1</FormActivationState>
            <form headerdensity="HighWithControls">
              <tabs>
                <tab verticallayout="true" id="{7ef70d5d-7399-4075-9efc-1f01b5a5bc06}" IsUserDefined="1" labelid="{6c8950a7-72db-4a87-92b5-56b8f9b73227}">
                  <labels>
                    <label description="General" languagecode="1033" />
                  </labels>
                  <columns>
                    <column width="100%">
                      <sections>
                        <section showlabel="false" showbar="false" IsUserDefined="0" id="{9c458161-b291-4eb5-a653-0ac387acf22c}" labelid="{c0fb0f98-1b53-4cf1-8c30-d3c4ebc7a4c6}">
                          <labels>
                            <label description="General" languagecode="1033" />
                          </labels>
                          <rows>
                            <row>
                              <cell id="{328adf94-4beb-4a03-bf15-16390a04609e}" labelid="{8d3ec95e-e76d-46a1-8c08-fbc4256bf954}">
                                <labels>
                                  <label description="Name" languagecode="1033" />
                                </labels>
                                <control id="govcdm_name" classid="{4273EDBD-AC1D-40d3-9FB2-095C621B552D}" datafieldname="govcdm_name" />
                              </cell>
                            </row>
                            <row>
                              <cell id="{9d1dff84-2175-4cf1-af5d-7aace497a47c}" locklevel="0" colspan="1" rowspan="1" labelid="{7c2035ce-1c42-47c9-90ff-fdb77c6e6d1e}">
                                <labels>
                                  <label description="From Item" languagecode="1033" />
                                </labels>
                                <control id="govcdm_fromitem" classid="{270BD3DB-D9AF-4782-9025-509E298DEC0A}" datafieldname="govcdm_fromitem" disabled="false" />
                              </cell>
                            </row>
                            <row>
                              <cell id="{3309d9d1-a27b-45d8-8932-b943002ecd9e}" locklevel="0" colspan="1" rowspan="1" labelid="{4363a223-4bfd-4803-a7ec-6d2260bd225a}">
                                <labels>
                                  <label description="To Item" languagecode="1033" />
                                </labels>
                                <control id="govcdm_toitem" classid="{270BD3DB-D9AF-4782-9025-509E298DEC0A}" datafieldname="govcdm_toitem" disabled="false" />
                              </cell>
                            </row>
                            <row>
                              <cell id="{8111c72c-f375-4190-b8e2-ebe02451ee76}" labelid="{bb702a26-c962-43c7-88ec-c203998a539b}">
                                <labels>
                                  <label description="Owner" languagecode="1033" />
                                </labels>
                                <control id="ownerid" classid="{270BD3DB-D9AF-4782-9025-509E298DEC0A}" datafieldname="ownerid" />
                              </cell>
                            </row>
                          </rows>
                        </section>
                      </sections>
                    </column>
                  </columns>
                </tab>
              </tabs>
              <header id="{72adb422-4ec7-4c5d-97c0-8855db64cd8f}" celllabelposition="Top" columns="111" labelwidth="115" celllabelalignment="Left">
                <rows>
                  <row>
                    <cell id="{37a9b6fc-0330-46b6-bee2-67b96ff3d578}" showlabel="false" labelid="{719e9ac3-59dc-42ba-93a5-cbe51661b34a}">
                      <labels>
                        <label description="" languagecode="1033" />
                      </labels>
                    </cell>
                    <cell id="{2cb7372a-cf46-4606-a7fb-90079e001e87}" showlabel="false" labelid="{a300bd78-fe20-430d-aa3d-8a534ad94c36}">
                      <labels>
                        <label description="" languagecode="1033" />
                      </labels>
                    </cell>
                    <cell id="{90263b52-4651-4e5d-a680-cccd500690c5}" showlabel="false" labelid="{3dced6f5-1548-4cb7-9b6b-8f9810303b28}">
                      <labels>
                        <label description="" languagecode="1033" />
                      </labels>
                    </cell>
                  </row>
                </rows>
              </header>
              <footer id="{1d05f105-f70c-4a81-a18a-127f9deb607e}" celllabelposition="Top" columns="111" labelwidth="115" celllabelalignment="Left">
                <rows>
                  <row>
                    <cell id="{b26f54c1-d895-4213-9fb0-e9d4fe17e2d5}" showlabel="false" labelid="{4b852263-9302-45f2-9290-24236414705b}">
                      <labels>
                        <label description="" languagecode="1033" />
                      </labels>
                    </cell>
                    <cell id="{e042571e-b51d-44ee-baf3-0a83ed4b6f77}" showlabel="false" labelid="{1a6c7d43-68c2-450c-83ef-9b90156c00c4}">
                      <labels>
                        <label description="" languagecode="1033" />
                      </labels>
                    </cell>
                    <cell id="{79570cb8-63e1-441e-9a11-6fae00bc3b8f}" showlabel="false" labelid="{fbc162ab-204c-4a2a-afcd-6fbc16e94417}">
                      <labels>
                        <label description="" languagecode="1033" />
                      </labels>
                    </cell>
                  </row>
                </rows>
              </footer>
              <DisplayConditions Order="1" FallbackForm="true">
                <Role Id="{627090ff-40a3-4053-8790-584edc5be201}" />
                <Role Id="{119f245c-3cc8-4b62-b31c-d1a046ced15d}" />
              </DisplayConditions>
            </form>
            <IsCustomizable>1</IsCustomizable>
            <CanBeDeleted>1</CanBeDeleted>
            <LocalizedNames>
              <LocalizedName description="Main" languagecode="1033" />
            </LocalizedNames>
            <Descriptions>
              <Description description="A form for this entity." languagecode="1033" />
            </Descriptions>
          </systemform>
        </forms>
      </FormXml>
      <RibbonDiffXml>
        <CustomActions />
        <Templates>
          <RibbonTemplates Id="Mscrm.Templates"></RibbonTemplates>
        </Templates>
        <CommandDefinitions />
        <RuleDefinitions>
          <TabDisplayRules />
          <DisplayRules />
          <EnableRules />
        </RuleDefinitions>
        <LocLabels />
      </RibbonDiffXml>
    </Entity>
    <Entity>
      <Name LocalizedName="KM Catalog Item Type" OriginalName="KM Catalog Item Type">govcdm_KMCatalogItemType</Name>
      <RibbonDiffXml>
        <CustomActions />
        <Templates>
          <RibbonTemplates Id="Mscrm.Templates"></RibbonTemplates>
        </Templates>
        <CommandDefinitions />
        <RuleDefinitions>
          <TabDisplayRules />
          <DisplayRules />
          <EnableRules />
        </RuleDefinitions>
        <LocLabels />
      </RibbonDiffXml>
    </Entity>
  </Entities>
  <Roles />
  <Workflows />
  <FieldSecurityProfiles />
  <Templates />
  <EntityMaps />
  <EntityRelationships />
  <OrganizationSettings />
  <optionsets />
  <CustomControls />
  <AppModuleSiteMaps>
    <AppModuleSiteMap>
      <SiteMapUniqueName>msfed_KnowledgeManagement</SiteMapUniqueName>
      <EnableCollapsibleGroups>False</EnableCollapsibleGroups>
      <ShowHome>True</ShowHome>
      <ShowPinned>True</ShowPinned>
      <ShowRecents>True</ShowRecents>
      <SiteMap IntroducedVersion="7.0.0.0">
        <Area Id="area_59219bbb" ResourceId="SitemapDesigner.NewTitle" DescriptionResourceId="SitemapDesigner.NewTitle" ShowGroups="true" IntroducedVersion="7.0.0.0">
          <Titles>
            <Title LCID="1033" Title="Area1" />
          </Titles>
          <Group Id="group_8271fa8a" ResourceId="SitemapDesigner.NewGroup" DescriptionResourceId="SitemapDesigner.NewGroup" IntroducedVersion="7.0.0.0" IsProfile="false" ToolTipResourseId="SitemapDesigner.Unknown">
            <Titles>
              <Title LCID="1033" Title="Knowledge Base" />
            </Titles>
            <SubArea Id="subarea_f5669a46" Icon="/_imgs/imagestrips/transparent_spacer.gif" Entity="govcdm_kmcatalogitem" Client="All,Outlook,OutlookLaptopClient,OutlookWorkstationClient,Web" AvailableOffline="true" PassParams="false" Sku="All,OnPremise,Live,SPLA" />
            <SubArea Id="subarea_df699abc" Icon="/_imgs/imagestrips/transparent_spacer.gif" Entity="govcdm_kmcatalogitemrelation" Client="All,Outlook,OutlookLaptopClient,OutlookWorkstationClient,Web" AvailableOffline="true" PassParams="false" Sku="All,OnPremise,Live,SPLA" />
            <SubArea Id="subarea_bf8a1bc9" Icon="/_imgs/imagestrips/transparent_spacer.gif" Entity="govcdm_kmcatalogitempoc" Client="All,Outlook,OutlookLaptopClient,OutlookWorkstationClient,Web" AvailableOffline="true" PassParams="false" Sku="All,OnPremise,Live,SPLA" />
            <SubArea Id="subarea_aeed234c" Icon="/_imgs/imagestrips/transparent_spacer.gif" Entity="govcdm_kbarticle" Client="All,Outlook,OutlookLaptopClient,OutlookWorkstationClient,Web" AvailableOffline="true" PassParams="false" Sku="All,OnPremise,Live,SPLA" />
          </Group>
          <Group Id="group_c6c029ca" ResourceId="SitemapDesigner.NewGroup" DescriptionResourceId="SitemapDesigner.NewGroup" IntroducedVersion="7.0.0.0" IsProfile="false" ToolTipResourseId="SitemapDesigner.Unknown">
            <Titles>
              <Title LCID="1033" Title="Admin" />
            </Titles>
            <SubArea Id="subarea_20c986c0" Icon="/_imgs/imagestrips/transparent_spacer.gif" Entity="govcdm_kmcatalogitemtype" Client="All,Outlook,OutlookLaptopClient,OutlookWorkstationClient,Web" AvailableOffline="true" PassParams="false" Sku="All,OnPremise,Live,SPLA" />
            <SubArea Id="subarea_544a3a71" Icon="/_imgs/imagestrips/transparent_spacer.gif" Entity="govcdm_kmcategory" Client="All,Outlook,OutlookLaptopClient,OutlookWorkstationClient,Web" AvailableOffline="true" PassParams="false" Sku="All,OnPremise,Live,SPLA" />
          </Group>
        </Area>
      </SiteMap>
      <LocalizedNames>
        <LocalizedName description="Knowledge Management" languagecode="1033" />
      </LocalizedNames>
    </AppModuleSiteMap>
  </AppModuleSiteMaps>
  <AppModules>
    <AppModule>
      <UniqueName>msfed_KnowledgeManagement</UniqueName>
      <IntroducedVersion>1.0</IntroducedVersion>
      <WebResourceId>953b9fac-1e5e-e611-80d6-00155ded156f</WebResourceId>
      <OptimizedFor></OptimizedFor>
      <statecode>0</statecode>
      <statuscode>1</statuscode>
      <FormFactor>1</FormFactor>
      <ClientType>4</ClientType>
      <NavigationType>0</NavigationType>
      <AppModuleComponents>
        <AppModuleComponent type="1" schemaName="govcdm_kbarticle" />
        <AppModuleComponent type="1" schemaName="govcdm_kmcatalogitem" />
        <AppModuleComponent type="1" schemaName="govcdm_kmcatalogitempoc" />
        <AppModuleComponent type="1" schemaName="govcdm_kmcatalogitemrelation" />
        <AppModuleComponent type="1" schemaName="govcdm_kmcatalogitemtype" />
        <AppModuleComponent type="1" schemaName="govcdm_kmcategory" />
        <AppModuleComponent type="26" id="{0762671b-3707-ef11-9f89-001dd806e944}" />
        <AppModuleComponent type="60" id="{9d579405-4bf1-ee11-904b-000d3a8cbc95}" />
        <AppModuleComponent type="60" id="{40b9a121-4bf1-ee11-904b-000d3a8cbc95}" />
        <AppModuleComponent type="62" schemaName="msfed_KnowledgeManagement" />
      </AppModuleComponents>
      <AppModuleRoleMaps>
        <Role id="{627090ff-40a3-4053-8790-584edc5be201}" />
        <Role id="{119f245c-3cc8-4b62-b31c-d1a046ced15d}" />
      </AppModuleRoleMaps>
      <LocalizedNames>
        <LocalizedName description="Knowledge Management" languagecode="1033" />
      </LocalizedNames>
      <appsettings>
        <appsetting settingdefinitionid.uniquename="AppChannel">
          <iscustomizable>1</iscustomizable>
          <value>1</value>
        </appsetting>
      </appsettings>
    </AppModule>
  </AppModules>
  <EntityDataProviders />
  <CanvasApps>
    <CanvasApp>
      <Name>msfed_faq_0f494</Name>
      <AppVersion>2024-04-25T18:05:38Z</AppVersion>
      <Status>Ready</Status>
      <CreatedByClientVersion>3.23064.16.0</CreatedByClientVersion>
      <MinClientVersion>3.23064.16.0</MinClientVersion>
      <Tags>{"primaryDeviceWidth":"1366","primaryDeviceHeight":"768","supportsPortrait":"true","supportsLandscape":"true","primaryFormFactor":"Tablet","publisherVersion":"3.23064.16","minimumRequiredApiVersion":"2.2.0","hasComponent":"false","hasUnlockedComponent":"false","isUnifiedRootApp":"false","sienaVersion":"20230710T195610Z-3.23063.15.0"}</Tags>
      <IsCdsUpgraded>0</IsCdsUpgraded>
      <GalleryItemId xsi:nil="true"></GalleryItemId>
      <BackgroundColor>RGBA(0,176,240,1)</BackgroundColor>
      <DisplayName>FAQ</DisplayName>
      <Description></Description>
      <CommitMessage></CommitMessage>
      <Publisher></Publisher>
      <AuthorizationReferences>[]</AuthorizationReferences>
      <ConnectionReferences>{"34a557bf-d8e1-492c-b231-60546a568ac8":{"id":"/providers/microsoft.powerapps/apis/shared_sharepointonline","displayName":"SharePoint","iconUri":"https://connectoricons-prod.azureedge.net/releases/v1.0.1685/1.0.1685.3700/sharepointonline/icon.png","dataSources":["FAQ"],"dependencies":[],"dependents":[],"parameterHints":{},"parameterHintsV2":{},"isOnPremiseConnection":false,"bypassConsent":false,"dataSets":{"https://crm836607.sharepoint.com/sites/SampleSite":{"dataSources":{"FAQ":{"tableName":"3c892315-e269-4736-aaf5-1ff1e377495b"}}}},"apiTier":"Standard","actions":["providers/PowerPlatform.Governance/Operations/Read","providers/PowerPlatform.Governance/Operations/Write"]}}</ConnectionReferences>
      <DatabaseReferences>{}</DatabaseReferences>
      <CanConsumeAppPass>1</CanConsumeAppPass>
      <CanvasAppType>0</CanvasAppType>
      <BypassConsent>0</BypassConsent>
      <EmbeddedApp xsi:nil="true"></EmbeddedApp>
      <IntroducedVersion>1.0</IntroducedVersion>
      <CdsDependencies>{"cdsdependencies":[]}</CdsDependencies>
      <IsCustomizable>1</IsCustomizable>
      <BackgroundImageUri>/CanvasApps/msfed_faq_0f494_BackgroundImageUri</BackgroundImageUri>
      <DocumentUri>/CanvasApps/msfed_faq_0f494_DocumentUri.msapp</DocumentUri>
    </CanvasApp>
    <CanvasApp>
      <Name>msfed_knowledgecatalog_a9ca0</Name>
      <AppVersion>2024-04-30T21:13:26Z</AppVersion>
      <Status>Ready</Status>
      <CreatedByClientVersion>3.24043.33.0</CreatedByClientVersion>
      <MinClientVersion>3.24043.33.0</MinClientVersion>
      <Tags>{"primaryDeviceWidth":"1366","primaryDeviceHeight":"768","supportsPortrait":"true","supportsLandscape":"true","primaryFormFactor":"Tablet","showStatusBar":"false","publisherVersion":"3.24043.33","minimumRequiredApiVersion":"2.2.0","hasComponent":"false","hasUnlockedComponent":"false","isUnifiedRootApp":"false","sienaVersion":"20240430T163122Z-3.24043.33.0"}</Tags>
      <IsCdsUpgraded>0</IsCdsUpgraded>
      <GalleryItemId xsi:nil="true"></GalleryItemId>
      <BackgroundColor>RGBA(0,176,240,1)</BackgroundColor>
      <DisplayName>Knowledge Catalog</DisplayName>
      <Description xsi:nil="true"></Description>
      <CommitMessage xsi:nil="true"></CommitMessage>
      <Publisher xsi:nil="true"></Publisher>
      <AuthorizationReferences>[]</AuthorizationReferences>
      <ConnectionReferences>{}</ConnectionReferences>
      <DatabaseReferences>{"default.cds":{"databaseDetails":{"referenceType":"Environmental","environmentName":"default.cds","overrideValues":{"status":"NotSpecified","environmentVariableName":""}},"dataSources":{"KM Catalog Items":{"entitySetName":"govcdm_kmcatalogitems","logicalName":"govcdm_kmcatalogitem"},"Users":{"entitySetName":"systemusers","logicalName":"systemuser"},"Security Roles":{"entitySetName":"roles","logicalName":"role"},"KM Catalog Item Relations":{"entitySetName":"govcdm_kmcatalogitemrelations","logicalName":"govcdm_kmcatalogitemrelation"},"Feedback":{"entitySetName":"feedback","logicalName":"feedback"},"KM Catalog Item Types":{"entitySetName":"govcdm_kmcatalogitemtypes","logicalName":"govcdm_kmcatalogitemtype"},"KM Catalog Item POCs":{"entitySetName":"govcdm_kmcatalogitempocs","logicalName":"govcdm_kmcatalogitempoc"},"KM Categories":{"entitySetName":"govcdm_kmcategories","logicalName":"govcdm_kmcategory"},"Privacy Consents":{"entitySetName":"govcdm_privacyconsents","logicalName":"govcdm_privacyconsent"},"Persons":{"entitySetName":"contacts","logicalName":"contact"}}}}</DatabaseReferences>
      <AppComponents>[]</AppComponents>
      <AppComponentDependencies>[]</AppComponentDependencies>
      <CanConsumeAppPass>1</CanConsumeAppPass>
      <CanvasAppType>0</CanvasAppType>
      <BypassConsent>0</BypassConsent>
      <AdminControlBypassConsent>0</AdminControlBypassConsent>
      <EmbeddedApp xsi:nil="true"></EmbeddedApp>
      <IntroducedVersion>1.0</IntroducedVersion>
      <CdsDependencies>{"cdsdependencies":[{"logicalname":"govcdm_kmcatalogitem","componenttype":1},{"logicalname":"systemuser","componenttype":1},{"logicalname":"role","componenttype":1},{"logicalname":"govcdm_kmcatalogitemrelation","componenttype":1},{"logicalname":"feedback","componenttype":1},{"logicalname":"govcdm_kmcatalogitemtype","componenttype":1},{"logicalname":"govcdm_kmcatalogitempoc","componenttype":1},{"logicalname":"govcdm_kmcategory","componenttype":1},{"logicalname":"govcdm_privacyconsent","componenttype":1},{"logicalname":"contact","componenttype":1}]}</CdsDependencies>
      <IsCustomizable>1</IsCustomizable>
      <BackgroundImageUri>/CanvasApps/msfed_knowledgecatalog_a9ca0_BackgroundImageUri</BackgroundImageUri>
      <DocumentUri>/CanvasApps/msfed_knowledgecatalog_a9ca0_DocumentUri.msapp</DocumentUri>
      <AdditionalUris>
        <AdditionalUri>/CanvasApps/msfed_knowledgecatalog_a9ca0_AdditionalUris0_identity.json</AdditionalUri>
      </AdditionalUris>
    </CanvasApp>
  </CanvasApps>
  <Languages>
    <Language>1033</Language>
  </Languages>
</ImportExportXml>