{
  "properties": {
    "connectionReferences": {
      "shared_excelonlinebusiness-1": {
        "runtimeSource": "invoker",
        "connection": {
          "connectionReferenceLogicalName": "new_sharedexcelonlinebusiness_23cac"
        },
        "api": {
          "name": "shared_excelonlinebusiness"
        }
      }
    },
    "definition": {
      "$schema": "https://schema.management.azure.com/providers/Microsoft.Logic/schemas/2016-06-01/workflowdefinition.json#",
      "contentVersion": "1.0.0.0",
      "parameters": {
        "$authentication": {
          "defaultValue": {},
          "type": "SecureObject"
        },
        "$connections": {
          "defaultValue": {},
          "type": "Object"
        }
      },
      "triggers": {
        "manual": {
          "metadata": {
            "operationMetadataId": "fcd8dc28-280c-4ed6-9af6-956b2b4f258e"
          },
          "type": "Request",
          "kind": "PowerAppV2",
          "inputs": {
            "schema": {
              "type": "object",
              "properties": {
                "text": {
                  "title": "File",
                  "type": "string",
                  "x-ms-dynamically-added": true,
                  "description": "Enter SharePoint Path to File (/Folder/File)",
                  "x-ms-content-hint": "TEXT"
                }
              },
              "required": [
                "text"
              ]
            }
          }
        }
      },
      "actions": {
        "List_Excel_Rows": {
          "runAfter": {},
          "metadata": {
            "operationMetadataId": "da73f3d3-ce8f-4cca-b8a0-da7a163e4aa6",
            "tableId": "Table1"
          },
          "type": "OpenApiConnection",
          "inputs": {
            "parameters": {
              "source": "sites/crm569769.sharepoint.com,1a36af60-bf0f-48ba-9eca-37b259d20b83,c3698e8d-f8fa-4784-8647-98c4b5775028",
              "drive": "b!YK82Gg-_ukieyjeyWdILg42OacP6-IRHhkeYxLV3UCi535QxNaLcRJot78CAufB1",
              "file": "@triggerBody()['text']",
              "table": "Table1"
            },
            "host": {
              "apiId": "/providers/Microsoft.PowerApps/apis/shared_excelonlinebusiness",
              "operationId": "GetItems",
              "connectionName": "shared_excelonlinebusiness-1"
            }
          }
        },
        "Respond_to_a_PowerApp_or_flow": {
          "runAfter": {
            "List_Excel_Rows": [
              "Succeeded"
            ]
          },
          "metadata": {
            "operationMetadataId": "9b3bac60-fbe0-4d9a-ae23-bcc9ce3d00cf"
          },
          "type": "Response",
          "kind": "PowerApp",
          "inputs": {
            "schema": {
              "type": "object",
              "properties": {
                "result": {
                  "title": "Result",
                  "x-ms-dynamically-added": true,
                  "type": "string"
                }
              },
              "additionalProperties": {}
            },
            "statusCode": 200,
            "body": {
              "result": "@{outputs('List_Excel_Rows')}"
            }
          }
        }
      }
    },
    "templateName": null
  },
  "schemaVersion": "1.0.0.0"
}