﻿<?xml version="1.0" encoding="utf-8"?>
<ImportExportXml xmlns:xsi="http://www.w3.org/2001/XMLSchema-instance">
  <Entities>
    <Entity>
      <Name LocalizedName="Activity" OriginalName="Activity">ActivityPointer</Name>
      <RibbonDiffXml>
        <CustomActions />
        <Templates>
          <RibbonTemplates Id="Mscrm.Templates"></RibbonTemplates>
        </Templates>
        <CommandDefinitions />
        <RuleDefinitions>
          <TabDisplayRules />
          <DisplayRules />
          <EnableRules />
        </RuleDefinitions>
        <LocLabels />
      </RibbonDiffXml>
      <CustomControlDefaultConfigs>
        <CustomControlDefaultConfig>
          <ControlDescriptionXML>
            <controlDescriptions>
              <controlDescription>
                <customControl id="{E7A81278-8635-4d9e-8D4D-59480B391C5B}">
                  <parameters />
                </customControl>
                <customControl formFactor="0" name="MscrmControls.ActivityCalendarControl.ActivityCalendarControl">
                  <parameters>
                    <data-set name="Calendar">
                      <StartDate>scheduledstart</StartDate>
                      <Description>subject</Description>
                      <EndDate>scheduledend</EndDate>
                    </data-set>
                  </parameters>
                </customControl>
                <customControl formFactor="1" name="MscrmControls.ActivityCalendarControl.ActivityCalendarControl">
                  <parameters>
                    <data-set name="Calendar">
                      <StartDate>scheduledstart</StartDate>
                      <Description>subject</Description>
                      <EndDate>scheduledend</EndDate>
                    </data-set>
                  </parameters>
                </customControl>
                <customControl formFactor="2" name="MscrmControls.ActivityCalendarControl.ActivityCalendarControl">
                  <parameters>
                    <data-set name="Calendar">
                      <StartDate>scheduledstart</StartDate>
                      <Description>subject</Description>
                      <EndDate>scheduledend</EndDate>
                    </data-set>
                  </parameters>
                </customControl>
              </controlDescription>
            </controlDescriptions>
          </ControlDescriptionXML>
          <IntroducedVersion>5.0</IntroducedVersion>
        </CustomControlDefaultConfig>
      </CustomControlDefaultConfigs>
    </Entity>
    <Entity>
      <Name LocalizedName="Event" OriginalName="Event">govcdm_Event</Name>
      <FormXml>
        <forms type="main">
          <systemform>
            <formid>{d6c41f48-9ffa-4ff8-bc21-d3e2fd2dc701}</formid>
            <IntroducedVersion>1.0</IntroducedVersion>
            <FormPresentation>1</FormPresentation>
            <FormActivationState>1</FormActivationState>
            <form headerdensity="HighWithControls" solutionaction="Modified">
              <tabs>
                <tab verticallayout="true" id="{c86a3b25-47e0-431c-906a-2b00db938f15}" IsUserDefined="1" ordinalvalue="0">
                  <columns>
                    <column width="100%" id="0">
                      <sections>
                        <section showlabel="false" showbar="false" IsUserDefined="0" id="{a4e019ca-42b7-4499-94a1-c677febe47b5}" columns="11" ordinalvalue="0" solutionaction="Modified">
                          <rows>
                            <row>
                              <cell id="{2115ae2d-ff81-4efa-8a5e-6b4743eb8628}" ordinalvalue="10007" solutionaction="Modified" />
                            </row>
                            <row>
                              <cell id="{98d03443-e99f-4ec0-b1a4-ba2fc281074a}" locklevel="0" colspan="1" rowspan="1" ordinalvalue="20001" solutionaction="Added">
                                <labels>
                                  <label description="" languagecode="1033" />
                                </labels>
                                <control id="govcdm_eventtype" classid="{3EF39988-22BB-4F0B-BBBE-64B5A3748AEE}" datafieldname="govcdm_eventtype" disabled="false" />
                              </cell>
                            </row>
                            <row>
                              <cell id="{804fdbd7-af7f-412b-9d7e-9a53399e55e6}" locklevel="0" colspan="1" rowspan="4" ordinalvalue="10002" solutionaction="Added">
                                <labels>
                                  <label description="" languagecode="1033" />
                                </labels>
                                <control id="govcdm_description" classid="{E0DECE4B-6FC8-4A8F-A065-082708572369}" datafieldname="govcdm_description" disabled="false" />
                              </cell>
                              <cell id="{fc41d23f-33fa-400e-ae5b-169d54ef90e1}" locklevel="0" colspan="1" rowspan="1" ordinalvalue="20003" solutionaction="Added">
                                <labels>
                                  <label description="" languagecode="1033" />
                                </labels>
                                <control id="govcdm_startdatetime" classid="{5B773807-9FB2-42DB-97C3-7A91EFF8ADFF}" datafieldname="govcdm_startdatetime" disabled="false" />
                              </cell>
                            </row>
                            <row>
                              <cell id="{fc07e9c0-716d-45db-8c9e-00035af7cd31}" locklevel="0" colspan="1" rowspan="1" ordinalvalue="20004" solutionaction="Added">
                                <labels>
                                  <label description="" languagecode="1033" />
                                </labels>
                                <control id="govcdm_enddatetime" classid="{5B773807-9FB2-42DB-97C3-7A91EFF8ADFF}" datafieldname="govcdm_enddatetime" disabled="false" />
                              </cell>
                            </row>
                            <row>
                              <cell locklevel="0" id="{ba9520f3-6ca2-4e9c-98b7-43ece2bd4f87}" ordinalvalue="20005" solutionaction="Added">
                                <labels>
                                  <label description="" languagecode="1033" />
                                </labels>
                              </cell>
                            </row>
                            <row>
                              <cell locklevel="0" id="{619f1ecc-005e-4f36-9e60-aa91c4fdbdbc}" ordinalvalue="20006" solutionaction="Added">
                                <labels>
                                  <label description="" languagecode="1033" />
                                </labels>
                              </cell>
                            </row>
                            <row>
                              <cell locklevel="0" id="{351d6565-50bf-4b83-bf8a-4e0d5512ae41}" ordinalvalue="20008" solutionaction="Added">
                                <labels>
                                  <label description="" languagecode="1033" />
                                </labels>
                              </cell>
                            </row>
                          </rows>
                        </section>
                      </sections>
                    </column>
                  </columns>
                </tab>
              </tabs>
              <header id="{c6ccbb65-f11e-4ecb-be4e-1b6f01d45be9}" celllabelposition="Top" columns="111" labelwidth="115" celllabelalignment="Left" solutionaction="Added">
                <rows>
                  <row>
                    <cell id="{3b321146-0e15-48a2-90df-98c4eba4ae37}" showlabel="false" ordinalvalue="10000">
                      <labels>
                        <label description="" languagecode="1033" />
                      </labels>
                    </cell>
                    <cell id="{6356e692-3d0f-42ce-912c-8ad62ee18f37}" showlabel="false" ordinalvalue="20001">
                      <labels>
                        <label description="" languagecode="1033" />
                      </labels>
                    </cell>
                    <cell id="{4bcd35f4-e59a-46b0-bf94-152a095d3d56}" showlabel="false" ordinalvalue="30002">
                      <labels>
                        <label description="" languagecode="1033" />
                      </labels>
                    </cell>
                  </row>
                </rows>
              </header>
              <footer id="{c9364055-e6be-45bb-ad92-4782acbf71ac}" celllabelposition="Top" columns="111" labelwidth="115" celllabelalignment="Left" solutionaction="Added">
                <rows>
                  <row>
                    <cell id="{075b6238-40b0-4ecb-8981-dbc09e9ad9f0}" showlabel="false" ordinalvalue="10000">
                      <labels>
                        <label description="" languagecode="1033" />
                      </labels>
                    </cell>
                    <cell id="{381e135a-c70a-40a1-9973-b5c500c4b303}" showlabel="false" ordinalvalue="20001">
                      <labels>
                        <label description="" languagecode="1033" />
                      </labels>
                    </cell>
                    <cell id="{c94befc5-490a-41ef-920d-954b2c90a6b5}" showlabel="false" ordinalvalue="30002">
                      <labels>
                        <label description="" languagecode="1033" />
                      </labels>
                    </cell>
                  </row>
                </rows>
              </footer>
              <DisplayConditions Order="0" FallbackForm="true" solutionaction="Added">
                <Everyone />
              </DisplayConditions>
            </form>
            <LocalizedNames>
              <LocalizedName description="Information" languagecode="1033" />
            </LocalizedNames>
            <Descriptions>
              <Description description="A form for this entity." languagecode="1033" />
            </Descriptions>
          </systemform>
        </forms>
      </FormXml>
      <RibbonDiffXml>
        <CustomActions />
        <Templates>
          <RibbonTemplates Id="Mscrm.Templates"></RibbonTemplates>
        </Templates>
        <CommandDefinitions />
        <RuleDefinitions>
          <TabDisplayRules />
          <DisplayRules />
          <EnableRules />
        </RuleDefinitions>
        <LocLabels />
      </RibbonDiffXml>
      <CustomControlDefaultConfigs>
        <CustomControlDefaultConfig>
          <ControlDescriptionXML>
            <controlDescriptions>
              <controlDescription>
                <customControl id="{E7A81278-8635-4d9e-8D4D-59480B391C5B}">
                  <parameters />
                </customControl>
                <customControl formFactor="0" name="MscrmControls.ActivityCalendarControl.ActivityCalendarControl">
                  <parameters>
                    <data-set name="Calendar">
                      <StartDate>govcdm_startdatetime</StartDate>
                      <Description>govcdm_name</Description>
                      <EndDate>govcdm_enddatetime</EndDate>
                    </data-set>
                  </parameters>
                </customControl>
                <customControl formFactor="1" name="MscrmControls.ActivityCalendarControl.ActivityCalendarControl">
                  <parameters>
                    <data-set name="Calendar">
                      <StartDate>govcdm_startdatetime</StartDate>
                      <Description>govcdm_name</Description>
                      <EndDate>govcdm_enddatetime</EndDate>
                    </data-set>
                  </parameters>
                </customControl>
                <customControl formFactor="2" name="MscrmControls.ActivityCalendarControl.ActivityCalendarControl">
                  <parameters>
                    <data-set name="Calendar">
                      <StartDate>govcdm_startdatetime</StartDate>
                      <Description>govcdm_name</Description>
                      <EndDate>govcdm_enddatetime</EndDate>
                    </data-set>
                  </parameters>
                </customControl>
              </controlDescription>
            </controlDescriptions>
          </ControlDescriptionXML>
          <IntroducedVersion>1.0.0.0</IntroducedVersion>
        </CustomControlDefaultConfig>
      </CustomControlDefaultConfigs>
    </Entity>
    <Entity>
      <Name LocalizedName="Event Attendee" OriginalName="Event Attendee">govcdm_EventAttendee</Name>
      <RibbonDiffXml>
        <CustomActions />
        <Templates>
          <RibbonTemplates Id="Mscrm.Templates"></RibbonTemplates>
        </Templates>
        <CommandDefinitions />
        <RuleDefinitions>
          <TabDisplayRules />
          <DisplayRules />
          <EnableRules />
        </RuleDefinitions>
        <LocLabels />
      </RibbonDiffXml>
    </Entity>
  </Entities>
  <Roles />
  <Workflows />
  <FieldSecurityProfiles />
  <Templates />
  <EntityMaps />
  <EntityRelationships />
  <OrganizationSettings />
  <optionsets />
  <CustomControls />
  <AppModuleSiteMaps>
    <AppModuleSiteMap>
      <SiteMapUniqueName>msfed_EventManagement</SiteMapUniqueName>
      <EnableCollapsibleGroups>False</EnableCollapsibleGroups>
      <ShowHome>True</ShowHome>
      <ShowPinned>True</ShowPinned>
      <ShowRecents>True</ShowRecents>
      <SiteMap IntroducedVersion="7.0.0.0">
        <Area Id="area_037a27c3" ResourceId="SitemapDesigner.NewTitle" DescriptionResourceId="SitemapDesigner.NewTitle" ShowGroups="true" IntroducedVersion="7.0.0.0">
          <Titles>
            <Title LCID="1033" Title="Area1" />
          </Titles>
          <Group Id="group_ae07a565" ResourceId="SitemapDesigner.NewGroup" DescriptionResourceId="SitemapDesigner.NewGroup" IntroducedVersion="7.0.0.0" IsProfile="false" ToolTipResourseId="SitemapDesigner.Unknown">
            <Titles>
              <Title LCID="1033" Title="Events and Activities" />
            </Titles>
            <SubArea Id="subarea_35e85efe" Icon="/_imgs/imagestrips/transparent_spacer.gif" Entity="activitypointer" Client="All,Outlook,OutlookLaptopClient,OutlookWorkstationClient,Web" AvailableOffline="true" PassParams="false" Sku="All,OnPremise,Live,SPLA" />
            <SubArea Id="subarea_8d941d5f" Icon="/_imgs/imagestrips/transparent_spacer.gif" Entity="govcdm_event" Client="All,Outlook,OutlookLaptopClient,OutlookWorkstationClient,Web" AvailableOffline="true" PassParams="false" Sku="All,OnPremise,Live,SPLA" />
          </Group>
        </Area>
      </SiteMap>
      <LocalizedNames>
        <LocalizedName description="Event Management" languagecode="1033" />
      </LocalizedNames>
    </AppModuleSiteMap>
  </AppModuleSiteMaps>
  <AppModules>
    <AppModule>
      <UniqueName>msfed_EventManagement</UniqueName>
      <IntroducedVersion>1.0</IntroducedVersion>
      <WebResourceId>953b9fac-1e5e-e611-80d6-00155ded156f</WebResourceId>
      <OptimizedFor></OptimizedFor>
      <statecode>0</statecode>
      <statuscode>1</statuscode>
      <FormFactor>1</FormFactor>
      <ClientType>4</ClientType>
      <NavigationType>0</NavigationType>
      <AppModuleComponents>
        <AppModuleComponent type="1" schemaName="activitypointer" />
        <AppModuleComponent type="1" schemaName="govcdm_event" />
        <AppModuleComponent type="62" schemaName="msfed_EventManagement" />
      </AppModuleComponents>
      <AppModuleRoleMaps>
        <Role id="{627090ff-40a3-4053-8790-584edc5be201}" />
        <Role id="{119f245c-3cc8-4b62-b31c-d1a046ced15d}" />
      </AppModuleRoleMaps>
      <LocalizedNames>
        <LocalizedName description="Event Management" languagecode="1033" />
      </LocalizedNames>
    </AppModule>
  </AppModules>
  <EntityDataProviders />
  <CanvasApps>
    <CanvasApp>
      <Name>msfed_mastercalendar_35d48</Name>
      <AppVersion>2023-10-19T19:23:16Z</AppVersion>
      <Status>Ready</Status>
      <CreatedByClientVersion>3.23101.23.0</CreatedByClientVersion>
      <MinClientVersion>3.23101.23.0</MinClientVersion>
      <Tags>{"primaryDeviceWidth":"1366","primaryDeviceHeight":"768","supportsPortrait":"true","supportsLandscape":"true","primaryFormFactor":"Tablet","showStatusBar":"false","publisherVersion":"3.23101.23","minimumRequiredApiVersion":"2.2.0","hasComponent":"true","hasUnlockedComponent":"true","isUnifiedRootApp":"false","sienaVersion":"20231019T175512Z-3.23101.23.0"}</Tags>
      <IsCdsUpgraded>0</IsCdsUpgraded>
      <GalleryItemId xsi:nil="true"></GalleryItemId>
      <BackgroundColor>RGBA(0,176,240,1)</BackgroundColor>
      <DisplayName>Master Calendar</DisplayName>
      <Description xsi:nil="true"></Description>
      <CommitMessage xsi:nil="true"></CommitMessage>
      <Publisher xsi:nil="true"></Publisher>
      <AuthorizationReferences>[]</AuthorizationReferences>
      <ConnectionReferences>{"e728fdaf-3529-46d2-8a46-1b40745cbfea":{"id":"/providers/microsoft.powerapps/apis/shared_sharepointonline","displayName":"SharePoint","iconUri":"https://connectoricons-prod.azureedge.net/releases/v1.0.1656/1.0.1656.3432/sharepointonline/icon.png","dataSources":["Field Office Events"],"dependencies":[],"dependents":[],"parameterHints":{},"parameterHintsV2":{},"isOnPremiseConnection":false,"bypassConsent":false,"dataSets":{"https://crm040041.sharepoint.com/sites/SampleFieldOffice":{"dataSources":{"Field Office Events":{"tableName":"3197c00a-02a2-4ccb-847a-f667ffefb3c3"}}}},"apiTier":"Standard","actions":["providers/PowerPlatform.Governance/Operations/Read"]}}</ConnectionReferences>
      <DatabaseReferences>{"default.cds":{"databaseDetails":{"referenceType":"Environmental","environmentName":"default.cds","overrideValues":{"status":"NotSpecified","environmentVariableName":""}},"dataSources":{"Events":{"entitySetName":"govcdm_events","logicalName":"govcdm_event"}}}}</DatabaseReferences>
      <AppComponents>[]</AppComponents>
      <AppComponentDependencies>[]</AppComponentDependencies>
      <CanConsumeAppPass>1</CanConsumeAppPass>
      <CanvasAppType>0</CanvasAppType>
      <BypassConsent>0</BypassConsent>
      <AdminControlBypassConsent>0</AdminControlBypassConsent>
      <EmbeddedApp xsi:nil="true"></EmbeddedApp>
      <IntroducedVersion>1.0</IntroducedVersion>
      <CdsDependencies>{"cdsdependencies":[{"logicalname":"govcdm_event","componenttype":1}]}</CdsDependencies>
      <IsCustomizable>1</IsCustomizable>
      <BackgroundImageUri>/CanvasApps/msfed_mastercalendar_35d48_BackgroundImageUri</BackgroundImageUri>
      <DocumentUri>/CanvasApps/msfed_mastercalendar_35d48_DocumentUri.msapp</DocumentUri>
    </CanvasApp>
  </CanvasApps>
  <Languages>
    <Language>1033</Language>
  </Languages>
</ImportExportXml>