
<entities xmlns:xsd="http://www.w3.org/2001/XMLSchema" xmlns:xsi="http://www.w3.org/2001/XMLSchema-instance" timestamp="2024-04-24T19:51:35.2897987Z">
  <entity name="govcdm_kbarticle" displayname="KB Article">
    <records>
      <record id="56656721-02f2-ee11-904b-000d3a8cbc95">
        <field name="govcdm_details" value="&amp;lt;div data-wrapper=&amp;quot;true&amp;quot; dir=&amp;quot;ltr&amp;quot; style=&amp;quot;font-family:&amp;#39;Segoe UI&amp;#39;,&amp;#39;Helvetica Neue&amp;#39;,sans-serif; font-size:9pt&amp;quot;&amp;gt;&amp;lt;div&amp;gt;&amp;lt;span style=&amp;quot;font-size:11pt&amp;quot;&amp;gt;&amp;lt;strong&amp;gt;Overview&amp;lt;/strong&amp;gt;&amp;lt;br&amp;gt;The journey to becoming a part of the Federal Academy begins with our straightforward enrollment process. Designed to guide prospective students through every step, this process ensures that you can easily submit your application, meet all requirements, and register for classes with confidence.&amp;lt;/span&amp;gt;&amp;lt;/div&amp;gt;&#xA;&amp;lt;div&amp;gt;&amp;amp;nbsp;&amp;lt;/div&amp;gt;&#xA;&amp;lt;div&amp;gt;&amp;lt;span style=&amp;quot;font-size:11pt&amp;quot;&amp;gt;&amp;lt;strong&amp;gt;Steps to Enroll&amp;lt;/strong&amp;gt;&amp;lt;br&amp;gt;Application Submission: Start by completing our online application form. Ensure all personal information is accurately provided and that you have attached any required documents.&amp;lt;br&amp;gt;Documentation: Submit official transcripts, standardized test scores (if applicable), and any additional documents required for your specific program of interest.&amp;lt;br&amp;gt;Acceptance: Once your application is reviewed, you will receive an acceptance letter with further instructions on finalizing your enrollment.&amp;lt;br&amp;gt;Registration: Log in to our student portal to register for classes. Advising resources are available to help you select courses that align with your academic goals.&amp;lt;/span&amp;gt;&amp;lt;/div&amp;gt;&#xA;&amp;lt;div&amp;gt;&amp;lt;br&amp;gt;&amp;lt;span style=&amp;quot;font-size:11pt&amp;quot;&amp;gt;&amp;lt;strong&amp;gt;Conclusion&amp;lt;/strong&amp;gt;&amp;lt;br&amp;gt;Our goal is to make your transition to the Federal Academy as seamless as possible. Should you have any questions throughout the process, our admissions team is here to assist.&amp;lt;/span&amp;gt;&amp;lt;/div&amp;gt;&amp;lt;/div&amp;gt;" />
        <field name="govcdm_kbarticleid" value="56656721-02f2-ee11-904b-000d3a8cbc95" />
        <field name="govcdm_keywords" value="Enrollment process; Application guide; New student registration; Enrollment checklist" />
        <field name="govcdm_name" value="Navigating the Enrollment Process for New Students" />
        <field name="govcdm_urlmoniker" value="navigating-the-enrollment-process-for-new-students" />
      </record>
      <record id="ba8e2c8b-02f2-ee11-904b-000d3a8cbc95">
        <field name="govcdm_details" value="&amp;lt;div data-wrapper=&amp;quot;true&amp;quot; dir=&amp;quot;ltr&amp;quot; style=&amp;quot;font-family:&amp;#39;Segoe UI&amp;#39;,&amp;#39;Helvetica Neue&amp;#39;,sans-serif; font-size:9pt&amp;quot;&amp;gt;&amp;lt;div&amp;gt;&amp;lt;span style=&amp;quot;font-size:11pt&amp;quot;&amp;gt;&amp;lt;strong&amp;gt;Introduction&amp;lt;/strong&amp;gt;&amp;lt;br&amp;gt;Financing your education is a critical aspect of planning your academic journey. The Federal Academy offers a variety of financial aid options to support students, including scholarships, grants, loans, and work-study programs.&amp;lt;/span&amp;gt;&amp;lt;/div&amp;gt;&#xA;&amp;lt;div&amp;gt;&amp;amp;nbsp;&amp;lt;/div&amp;gt;&#xA;&amp;lt;div&amp;gt;&amp;lt;span style=&amp;quot;font-size:11pt&amp;quot;&amp;gt;&amp;lt;strong&amp;gt;Financial Aid Opportunities&amp;lt;/strong&amp;gt;&amp;lt;br&amp;gt;Scholarships and Grants: These need-based or merit-based awards do not require repayment. Explore our website for a list of available scholarships and grants.&amp;lt;br&amp;gt;Loans: Federal and private loans can help cover the cost of your education. Understand the terms and repayment obligations associated with each loan option.&amp;lt;br&amp;gt;Work-Study Programs: Earn money while gaining valuable work experience through part-time positions on or off campus.&amp;lt;/span&amp;gt;&amp;lt;/div&amp;gt;&#xA;&amp;lt;div&amp;gt;&amp;lt;br&amp;gt;&amp;lt;span style=&amp;quot;font-size:11pt&amp;quot;&amp;gt;&amp;lt;strong&amp;gt;Applying for Financial Aid&amp;lt;/strong&amp;gt;&amp;lt;br&amp;gt;Begin by completing the Free Application for Federal Student Aid (FAFSA) to determine your eligibility for federal aid. Additionally, check our website for application forms and deadlines for scholarships and work-study programs.&amp;lt;/span&amp;gt;&amp;lt;/div&amp;gt;&amp;lt;/div&amp;gt;" />
        <field name="govcdm_kbarticleid" value="ba8e2c8b-02f2-ee11-904b-000d3a8cbc95" />
        <field name="govcdm_name" value="Exploring Financial Aid Options at the Federal Academy" />
        <field name="govcdm_urlmoniker" value="exploring-financial-aid-options-at-the-federal-academy" />
      </record>
      <record id="984a09b6-02f2-ee11-904b-000d3a8cbc95">
        <field name="govcdm_details" value="&amp;lt;div data-wrapper=&amp;quot;true&amp;quot; dir=&amp;quot;ltr&amp;quot; style=&amp;quot;font-family:&amp;#39;Segoe UI&amp;#39;,&amp;#39;Helvetica Neue&amp;#39;,sans-serif; font-size:9pt&amp;quot;&amp;gt;&amp;lt;div&amp;gt;&amp;lt;span style=&amp;quot;font-size:11pt&amp;quot;&amp;gt;&amp;lt;strong&amp;gt;Introduction&amp;lt;/strong&amp;gt;&amp;lt;br&amp;gt;Registering for courses is an exciting step in your academic journey. This guide will walk you through the Federal Academy&amp;#39;s course registration process, ensuring you can easily select and enroll in courses that fit your educational path.&amp;lt;/span&amp;gt;&amp;lt;/div&amp;gt;&#xA;&amp;lt;div&amp;gt;&amp;amp;nbsp;&amp;lt;/div&amp;gt;&#xA;&amp;lt;div&amp;gt;&amp;lt;span style=&amp;quot;font-size:11pt&amp;quot;&amp;gt;&amp;lt;strong&amp;gt;Registration Process&amp;lt;/strong&amp;gt;&amp;lt;br&amp;gt;Access the Course Catalog: Log in to the student portal to view the course catalog. Review course descriptions, prerequisites, and schedules.&amp;lt;br&amp;gt;Plan Your Schedule: Consider your academic plan, workload, and any extracurricular activities as you select courses.&amp;lt;br&amp;gt;Submit Your Selections: Once you&amp;#39;ve chosen your courses, follow the prompts to submit your registration.&amp;lt;/span&amp;gt;&amp;lt;/div&amp;gt;&#xA;&amp;lt;div&amp;gt;&amp;lt;br&amp;gt;&amp;lt;span style=&amp;quot;font-size:11pt&amp;quot;&amp;gt;&amp;lt;strong&amp;gt;Tips for a Successful Registration&amp;lt;/strong&amp;gt;&amp;lt;br&amp;gt;Meet with an Academic Advisor: Advisors can help ensure your selections align with your degree requirements and career goals.&amp;lt;br&amp;gt;Check for Prerequisites: Make sure you meet all course prerequisites before registering.&amp;lt;/span&amp;gt;&amp;lt;/div&amp;gt;&amp;lt;/div&amp;gt;" />
        <field name="govcdm_kbarticleid" value="984a09b6-02f2-ee11-904b-000d3a8cbc95" />
        <field name="govcdm_name" value="Course Registration: A Step-by-Step Guide" />
        <field name="govcdm_urlmoniker" value="Course-Registration-A-Step-by-Step-Guide" />
      </record>
      <record id="66d81ad6-02f2-ee11-904b-000d3a8cbc95">
        <field name="govcdm_details" value="&amp;lt;div data-wrapper=&amp;quot;true&amp;quot; dir=&amp;quot;ltr&amp;quot; style=&amp;quot;font-family:&amp;#39;Segoe UI&amp;#39;,&amp;#39;Helvetica Neue&amp;#39;,sans-serif; font-size:9pt&amp;quot;&amp;gt;&amp;lt;div&amp;gt;&amp;lt;span style=&amp;quot;font-size:11pt&amp;quot;&amp;gt;&amp;lt;strong&amp;gt;Introduction&amp;lt;/strong&amp;gt;&amp;lt;br&amp;gt;The Federal Academy campus is a vibrant community with countless opportunities to enrich your educational experience. From academic resources to extracurricular activities, there&amp;#39;s something for everyone.&amp;lt;/span&amp;gt;&amp;lt;/div&amp;gt;&#xA;&amp;lt;div&amp;gt;&amp;amp;nbsp;&amp;lt;/div&amp;gt;&#xA;&amp;lt;div&amp;gt;&amp;lt;span style=&amp;quot;font-size:11pt&amp;quot;&amp;gt;&amp;lt;strong&amp;gt;Getting Involved&amp;lt;/strong&amp;gt;&amp;lt;br&amp;gt;Join Student Organizations: Engage with peers who share your interests, whether academic, cultural, or recreational.&amp;lt;br&amp;gt;Utilize Campus Facilities: Take advantage of our libraries, labs, and sports facilities to support your studies and hobbies.&amp;lt;br&amp;gt;Attend Campus Events: Workshops, guest lectures, and social events are great ways to connect with the community.&amp;lt;/span&amp;gt;&amp;lt;/div&amp;gt;&#xA;&amp;lt;div&amp;gt;&amp;lt;br&amp;gt;&amp;lt;span style=&amp;quot;font-size:11pt&amp;quot;&amp;gt;&amp;lt;strong&amp;gt;Making the Most of Your Time&amp;lt;/strong&amp;gt;&amp;lt;br&amp;gt;Balancing academics with extracurricular activities is key. Time management and involvement in campus life can greatly enhance your college experience, providing both personal and professional growth opportunities.&amp;lt;/span&amp;gt;&amp;lt;/div&amp;gt;&amp;lt;/div&amp;gt;" />
        <field name="govcdm_kbarticleid" value="66d81ad6-02f2-ee11-904b-000d3a8cbc95" />
        <field name="govcdm_name" value="Maximizing Your Campus Experience" />
        <field name="govcdm_urlmoniker" value="Maximizing-Your-Campus-Experience" />
      </record>
      <record id="e079bff9-02f2-ee11-904b-000d3a8cbc95">
        <field name="govcdm_details" value="&amp;lt;div data-wrapper=&amp;quot;true&amp;quot; dir=&amp;quot;ltr&amp;quot; style=&amp;quot;font-family:&amp;#39;Segoe UI&amp;#39;,&amp;#39;Helvetica Neue&amp;#39;,sans-serif; font-size:9pt&amp;quot;&amp;gt;&amp;lt;div&amp;gt;&amp;lt;span style=&amp;quot;font-size:11pt&amp;quot;&amp;gt;&amp;lt;strong&amp;gt;Introduction&amp;lt;/strong&amp;gt;&amp;lt;br&amp;gt;Achieving academic success is a priority at the Federal Academy. Our comprehensive support services are designed to assist students in reaching their full potential.&amp;lt;/span&amp;gt;&amp;lt;/div&amp;gt;&#xA;&amp;lt;div&amp;gt;&amp;amp;nbsp;&amp;lt;/div&amp;gt;&#xA;&amp;lt;div&amp;gt;&amp;lt;span style=&amp;quot;font-size:11pt&amp;quot;&amp;gt;&amp;lt;strong&amp;gt;Available Services&amp;lt;/strong&amp;gt;&amp;lt;/span&amp;gt;&amp;lt;/div&amp;gt;&#xA;&amp;lt;ul&amp;gt;&amp;lt;li style=&amp;quot;list-style-position: inside;&amp;quot;&amp;gt;&amp;lt;span style=&amp;quot;font-size:11pt&amp;quot;&amp;gt;Tutoring Services: One-on-one or group tutoring is available for a wide range of subjects.&amp;lt;/span&amp;gt;&amp;lt;/li&amp;gt;&amp;lt;li style=&amp;quot;list-style-position: inside;&amp;quot;&amp;gt;&amp;lt;span style=&amp;quot;font-size:11pt&amp;quot;&amp;gt;Writing Assistance: Get help with essays, research papers, and other writing assignments from experienced writing coaches.&amp;lt;/span&amp;gt;&amp;lt;/li&amp;gt;&amp;lt;li style=&amp;quot;list-style-position: inside;&amp;quot;&amp;gt;&amp;lt;span style=&amp;quot;font-size:11pt&amp;quot;&amp;gt;Study Resources: Access study guides, workshops, and seminars to enhance your learning skills.&amp;lt;/span&amp;gt;&amp;lt;/li&amp;gt;&amp;lt;/ul&amp;gt;&#xA;&amp;lt;div&amp;gt;&amp;lt;span style=&amp;quot;font-size:11pt&amp;quot;&amp;gt;&amp;lt;strong&amp;gt;Utilizing Academic Support&amp;lt;/strong&amp;gt;&amp;lt;br&amp;gt;Whether you&amp;#39;re facing challenges in a particular subject or looking to excel in your studies, our academic support services are here to help. Visit the student portal or our academic resource centers to learn more about how to access these services.&amp;lt;/span&amp;gt;&amp;lt;/div&amp;gt;&amp;lt;/div&amp;gt;" />
        <field name="govcdm_kbarticleid" value="e079bff9-02f2-ee11-904b-000d3a8cbc95" />
        <field name="govcdm_name" value="Accessing Academic Support Services" />
        <field name="govcdm_urlmoniker" value="accessing-academic-support-services" />
      </record>
      <record id="88b8cf48-03f2-ee11-904b-000d3a8cbc95">
        <field name="govcdm_details" value="&amp;lt;div data-wrapper=&amp;quot;true&amp;quot; dir=&amp;quot;ltr&amp;quot; style=&amp;quot;font-family:&amp;#39;Segoe UI&amp;#39;,&amp;#39;Helvetica Neue&amp;#39;,sans-serif; font-size:9pt&amp;quot;&amp;gt;&amp;lt;div&amp;gt;&amp;lt;span style=&amp;quot;font-size:12pt&amp;quot;&amp;gt;&amp;lt;strong&amp;gt;Introduction&amp;lt;/strong&amp;gt;&amp;lt;/span&amp;gt;&amp;lt;br&amp;gt;&amp;lt;span style=&amp;quot;font-size:11pt&amp;quot;&amp;gt;The Learning Management System (LMS) is your gateway to a wealth of learning resources, course materials, and interactive academic communities at the Federal Academy. Setting up your LMS account is a crucial first step in accessing your courses and participating in the digital classroom environment. This guide will walk you through the process of creating your LMS account, ensuring you&amp;#39;re ready to embark on your learning journey.&amp;lt;/span&amp;gt;&amp;lt;/div&amp;gt;&#xA;&amp;lt;div&amp;gt;&amp;amp;nbsp;&amp;lt;/div&amp;gt;&#xA;&amp;lt;div&amp;gt;&amp;lt;span style=&amp;quot;font-size:12pt&amp;quot;&amp;gt;&amp;lt;strong&amp;gt;Step-by-Step Account Creation&amp;lt;/strong&amp;gt;&amp;lt;/span&amp;gt;&amp;lt;/div&amp;gt;&#xA;&amp;lt;ol&amp;gt;&amp;lt;li style=&amp;quot;list-style-position: inside;&amp;quot;&amp;gt;&amp;lt;span style=&amp;quot;font-size:11pt&amp;quot;&amp;gt;Visit the LMS Portal: Start by navigating to the LMS portal link provided on the Federal Academy&amp;#39;s official website or your welcome email.&amp;lt;/span&amp;gt;&amp;lt;/li&amp;gt;&amp;lt;li style=&amp;quot;list-style-position: inside;&amp;quot;&amp;gt;&amp;lt;span style=&amp;quot;font-size:11pt&amp;quot;&amp;gt;Sign Up for an Account: Click on the &amp;quot;Sign Up&amp;quot; or &amp;quot;Create Account&amp;quot; button. You will be prompted to enter basic information such as your name, student ID (if applicable), and email address.&amp;lt;/span&amp;gt;&amp;lt;/li&amp;gt;&amp;lt;li style=&amp;quot;list-style-position: inside;&amp;quot;&amp;gt;&amp;lt;span style=&amp;quot;font-size:11pt&amp;quot;&amp;gt;Verification: After submitting your information, check your email for a verification message. Click on the verification link to activate your account. This step is crucial for ensuring the security and authenticity of your LMS account.&amp;lt;/span&amp;gt;&amp;lt;/li&amp;gt;&amp;lt;li style=&amp;quot;list-style-position: inside;&amp;quot;&amp;gt;&amp;lt;span style=&amp;quot;font-size:11pt&amp;quot;&amp;gt;Set Your Password: Choose a strong, secure password. It should be unique to you and not used for other accounts to ensure the security of your academic information.&amp;lt;/span&amp;gt;&amp;lt;/li&amp;gt;&amp;lt;li style=&amp;quot;list-style-position: inside;&amp;quot;&amp;gt;&amp;lt;span style=&amp;quot;font-size:11pt&amp;quot;&amp;gt;Log In to Your Account: With your account verified and password set, you can now log in to the LMS portal. Here, you will access your courses, assignments, and learning materials.&amp;lt;/span&amp;gt;&amp;lt;/li&amp;gt;&amp;lt;/ol&amp;gt;&#xA;&amp;lt;div&amp;gt;&amp;lt;span style=&amp;quot;font-size:12pt&amp;quot;&amp;gt;&amp;lt;strong&amp;gt;Tips for a Smooth LMS Experience&amp;lt;/strong&amp;gt;&amp;lt;/span&amp;gt;&amp;lt;/div&amp;gt;&#xA;&amp;lt;ul&amp;gt;&amp;lt;li style=&amp;quot;list-style-position: inside;&amp;quot;&amp;gt;&amp;lt;span style=&amp;quot;font-size:11pt&amp;quot;&amp;gt;Familiarize Yourself with the Platform: Spend some time exploring the LMS interface, including where to find course materials, submit assignments, and participate in forums.&amp;lt;/span&amp;gt;&amp;lt;/li&amp;gt;&amp;lt;li style=&amp;quot;list-style-position: inside;&amp;quot;&amp;gt;&amp;lt;span style=&amp;quot;font-size:11pt&amp;quot;&amp;gt;Update Your Profile: Add a profile picture and complete your profile information to help classmates and instructors recognize you in digital interactions.&amp;lt;/span&amp;gt;&amp;lt;/li&amp;gt;&amp;lt;li style=&amp;quot;list-style-position: inside;&amp;quot;&amp;gt;&amp;lt;span style=&amp;quot;font-size:11pt&amp;quot;&amp;gt;Bookmark the LMS Portal: Ensure easy access to your learning materials by bookmarking the LMS portal in your browser.&amp;lt;/span&amp;gt;&amp;lt;/li&amp;gt;&amp;lt;li style=&amp;quot;list-style-position: inside;&amp;quot;&amp;gt;&amp;lt;span style=&amp;quot;font-size:11pt&amp;quot;&amp;gt;Technical Support: If you encounter any issues during the account creation process or while using the LMS, don&amp;#39;t hesitate to reach out to our technical support team for assistance.&amp;lt;/span&amp;gt;&amp;lt;/li&amp;gt;&amp;lt;/ul&amp;gt;&#xA;&amp;lt;div&amp;gt;&amp;lt;span style=&amp;quot;font-size:12pt&amp;quot;&amp;gt;&amp;lt;strong&amp;gt;Conclusion&amp;lt;/strong&amp;gt;&amp;lt;/span&amp;gt;&amp;lt;br&amp;gt;&amp;lt;span style=&amp;quot;font-size:11pt&amp;quot;&amp;gt;Creating your LMS account is the first step toward a successful and engaging online learning experience at the Federal Academy. By following these simple steps, you&amp;#39;ll be well-prepared to dive into your courses, connect with your instructors and peers, and make the most of the educational opportunities available through our LMS. Welcome to your academic journey!&amp;lt;/span&amp;gt;&amp;lt;/div&amp;gt;&amp;lt;/div&amp;gt;" />
        <field name="govcdm_kbarticleid" value="88b8cf48-03f2-ee11-904b-000d3a8cbc95" />
        <field name="govcdm_name" value="Creating Your LMS Account" />
        <field name="govcdm_urlmoniker" value="creating-your-lms-account" />
      </record>
    </records>
    <m2mrelationships />
  </entity>
</entities>