<appaction uniquename="msgov__ActionItems!41aa5ab7fd6448be8020d7884fdcd7e3!msgov_ExecutiveCoordination!govcdm_executiveaction!0">
  <appmoduleid>
    <uniquename>msgov_ExecutiveCoordination</uniquename>
  </appmoduleid>
  <buttonlabeltext default="Action Items">
    <label description="Action Items" languagecode="1033" />
  </buttonlabeltext>
  <context>1</context>
  <contextentity>
    <logicalname>govcdm_executiveaction</logicalname>
  </contextentity>
  <contextvalue>govcdm_executiveaction</contextvalue>
  <hidden>0</hidden>
  <iconwebresourceid>
    <webresourceid>b9edfa5d-ee2c-f011-8c4e-001dd80c29f4</webresourceid>
  </iconwebresourceid>
  <iscustomizable>1</iscustomizable>
  <isdisabled>0</isdisabled>
  <isgrouptitlehidden>0</isgrouptitlehidden>
  <location>0</location>
  <name>ActionItems!41aa5ab7fd6448be8020d7884fdcd7e3</name>
  <onclickeventtype>0</onclickeventtype>
  <origin>0</origin>
  <sequence>100100015.0000000000</sequence>
  <statecode>0</statecode>
  <statuscode>1</statuscode>
  <type>1</type>
  <visibilitytype>0</visibilitytype>
</appaction>