<powerpagecomponent powerpagecomponentid="59709414-0be9-4381-a570-5c90325627f7">
  <content>{"display_name":"Footer","type":756150001,"value":"&lt;p&gt;Copyright © {{ now | date: 'yyyy' }}. All rights reserved.&lt;/p&gt;"}</content>
  <iscustomizable>1</iscustomizable>
  <name>Footer</name>
  <powerpagecomponenttype>7</powerpagecomponenttype>
  <powerpagesiteid>
    <powerpagesiteid>add6fceb-252c-456e-bead-89dbed3b19c5</powerpagesiteid>
  </powerpagesiteid>
  <powerpagesitelanguageid>
    <powerpagesitelanguageid>478b893f-eef8-4927-ac86-ba2f4f37d706</powerpagesitelanguageid>
  </powerpagesitelanguageid>
  <statecode>0</statecode>
  <statuscode>1</statuscode>
</powerpagecomponent>