﻿<?xml version="1.0" encoding="utf-8"?>
<ImportExportXml version="9.2.23092.212" SolutionPackageVersion="9.2" languagecode="1033" generatedBy="CrmLive" xmlns:xsi="http://www.w3.org/2001/XMLSchema-instance">
  <SolutionManifest>
    <UniqueName>msfed_eventmanagement</UniqueName>
    <LocalizedNames>
      <LocalizedName description="Microsoft Federal - Event Management" languagecode="1033" />
    </LocalizedNames>
    <Descriptions />
    <Version>1.0.0.0</Version>
    <Managed>0</Managed>
    <Publisher>
      <UniqueName>microsoftfederal</UniqueName>
      <LocalizedNames>
        <LocalizedName description="Microsoft Federal" languagecode="1033" />
      </LocalizedNames>
      <Descriptions>
        <Description description="microsoftfederal" languagecode="1033" />
      </Descriptions>
      <EMailAddress xsi:nil="true"></EMailAddress>
      <SupportingWebsiteUrl xsi:nil="true"></SupportingWebsiteUrl>
      <CustomizationPrefix>msfed</CustomizationPrefix>
      <CustomizationOptionValuePrefix>18844</CustomizationOptionValuePrefix>
      <Addresses>
        <Address>
          <AddressNumber>1</AddressNumber>
          <AddressTypeCode>1</AddressTypeCode>
          <City xsi:nil="true"></City>
          <County xsi:nil="true"></County>
          <Country xsi:nil="true"></Country>
          <Fax xsi:nil="true"></Fax>
          <FreightTermsCode xsi:nil="true"></FreightTermsCode>
          <ImportSequenceNumber xsi:nil="true"></ImportSequenceNumber>
          <Latitude xsi:nil="true"></Latitude>
          <Line1 xsi:nil="true"></Line1>
          <Line2 xsi:nil="true"></Line2>
          <Line3 xsi:nil="true"></Line3>
          <Longitude xsi:nil="true"></Longitude>
          <Name xsi:nil="true"></Name>
          <PostalCode xsi:nil="true"></PostalCode>
          <PostOfficeBox xsi:nil="true"></PostOfficeBox>
          <PrimaryContactName xsi:nil="true"></PrimaryContactName>
          <ShippingMethodCode>1</ShippingMethodCode>
          <StateOrProvince xsi:nil="true"></StateOrProvince>
          <Telephone1 xsi:nil="true"></Telephone1>
          <Telephone2 xsi:nil="true"></Telephone2>
          <Telephone3 xsi:nil="true"></Telephone3>
          <TimeZoneRuleVersionNumber xsi:nil="true"></TimeZoneRuleVersionNumber>
          <UPSZone xsi:nil="true"></UPSZone>
          <UTCOffset xsi:nil="true"></UTCOffset>
          <UTCConversionTimeZoneCode xsi:nil="true"></UTCConversionTimeZoneCode>
        </Address>
        <Address>
          <AddressNumber>2</AddressNumber>
          <AddressTypeCode>1</AddressTypeCode>
          <City xsi:nil="true"></City>
          <County xsi:nil="true"></County>
          <Country xsi:nil="true"></Country>
          <Fax xsi:nil="true"></Fax>
          <FreightTermsCode xsi:nil="true"></FreightTermsCode>
          <ImportSequenceNumber xsi:nil="true"></ImportSequenceNumber>
          <Latitude xsi:nil="true"></Latitude>
          <Line1 xsi:nil="true"></Line1>
          <Line2 xsi:nil="true"></Line2>
          <Line3 xsi:nil="true"></Line3>
          <Longitude xsi:nil="true"></Longitude>
          <Name xsi:nil="true"></Name>
          <PostalCode xsi:nil="true"></PostalCode>
          <PostOfficeBox xsi:nil="true"></PostOfficeBox>
          <PrimaryContactName xsi:nil="true"></PrimaryContactName>
          <ShippingMethodCode>1</ShippingMethodCode>
          <StateOrProvince xsi:nil="true"></StateOrProvince>
          <Telephone1 xsi:nil="true"></Telephone1>
          <Telephone2 xsi:nil="true"></Telephone2>
          <Telephone3 xsi:nil="true"></Telephone3>
          <TimeZoneRuleVersionNumber xsi:nil="true"></TimeZoneRuleVersionNumber>
          <UPSZone xsi:nil="true"></UPSZone>
          <UTCOffset xsi:nil="true"></UTCOffset>
          <UTCConversionTimeZoneCode xsi:nil="true"></UTCConversionTimeZoneCode>
        </Address>
      </Addresses>
    </Publisher>
    <RootComponents>
      <RootComponent type="1" schemaName="activitypointer" behavior="2" />
      <RootComponent type="1" schemaName="govcdm_event" behavior="2" />
      <RootComponent type="1" schemaName="govcdm_eventattendee" behavior="2" />
      <RootComponent type="300" schemaName="msfed_mastercalendar_35d48" behavior="0" />
      <RootComponent type="62" schemaName="msfed_EventManagement" behavior="0" />
      <RootComponent type="80" schemaName="msfed_EventManagement" behavior="0" />
    </RootComponents>
    <MissingDependencies>
      <MissingDependency>
        <Required type="1" schemaName="govcdm_event" displayName="Event" solution="govcdm_eventmanagement (1.0.0.0)" />
        <Dependent type="1" schemaName="govcdm_event" displayName="Event" />
      </MissingDependency>
      <MissingDependency>
        <Required type="1" schemaName="govcdm_eventattendee" displayName="Event Attendee" solution="govcdm_eventmanagement (1.0.0.0)" />
        <Dependent type="1" schemaName="govcdm_eventattendee" displayName="Event Attendee" />
      </MissingDependency>
      <MissingDependency>
        <Required type="2" schemaName="govcdm_description" displayName="Description" parentSchemaName="govcdm_event" parentDisplayName="Event" solution="govcdm_eventmanagement (1.0.0.0)" />
        <Dependent type="60" displayName="Information" parentDisplayName="Event" id="{d6c41f48-9ffa-4ff8-bc21-d3e2fd2dc701}" />
      </MissingDependency>
      <MissingDependency>
        <Required type="2" schemaName="govcdm_enddatetime" displayName="End Date Time" parentSchemaName="govcdm_event" parentDisplayName="Event" solution="govcdm_eventmanagement (1.0.0.0)" />
        <Dependent type="60" displayName="Information" parentDisplayName="Event" id="{d6c41f48-9ffa-4ff8-bc21-d3e2fd2dc701}" />
      </MissingDependency>
      <MissingDependency>
        <Required type="2" schemaName="govcdm_eventtype" displayName="Event Type" parentSchemaName="govcdm_event" parentDisplayName="Event" solution="govcdm_eventmanagement (1.0.0.0)" />
        <Dependent type="60" displayName="Information" parentDisplayName="Event" id="{d6c41f48-9ffa-4ff8-bc21-d3e2fd2dc701}" />
      </MissingDependency>
      <MissingDependency>
        <Required type="2" schemaName="govcdm_name" displayName="Name" parentSchemaName="govcdm_event" parentDisplayName="Event" solution="govcdm_eventmanagement (1.0.0.0)" />
        <Dependent type="60" displayName="Information" parentDisplayName="Event" id="{d6c41f48-9ffa-4ff8-bc21-d3e2fd2dc701}" />
      </MissingDependency>
      <MissingDependency>
        <Required type="2" schemaName="govcdm_startdatetime" displayName="Start Date Time" parentSchemaName="govcdm_event" parentDisplayName="Event" solution="govcdm_eventmanagement (1.0.0.0)" />
        <Dependent type="60" displayName="Information" parentDisplayName="Event" id="{d6c41f48-9ffa-4ff8-bc21-d3e2fd2dc701}" />
      </MissingDependency>
      <MissingDependency>
        <Required type="2" schemaName="ownerid" displayName="Owner" parentSchemaName="govcdm_event" parentDisplayName="Event" solution="Active" />
        <Dependent type="60" displayName="Information" parentDisplayName="Event" id="{d6c41f48-9ffa-4ff8-bc21-d3e2fd2dc701}" />
      </MissingDependency>
      <MissingDependency>
        <Required type="60" displayName="Information" parentDisplayName="Event" solution="govcdm_eventmanagement (1.0.0.0)" id="{d6c41f48-9ffa-4ff8-bc21-d3e2fd2dc701}" />
        <Dependent type="60" displayName="Information" parentDisplayName="Event" id="{d6c41f48-9ffa-4ff8-bc21-d3e2fd2dc701}" />
      </MissingDependency>
      <MissingDependency>
        <Required type="61" schemaName="msdyn_/Images/AppModule_Default_Icon.png" displayName="msdyn_/Images/AppModule_Default_Icon.png" solution="AppModuleWebResources (2.5)" />
        <Dependent type="80" schemaName="msfed_EventManagement" displayName="Event Management" />
      </MissingDependency>
    </MissingDependencies>
  </SolutionManifest>
</ImportExportXml>