﻿<?xml version="1.0" encoding="utf-8"?>
<ImportExportXml version="9.2.24032.208" SolutionPackageVersion="9.2" languagecode="1033" generatedBy="CrmLive" xmlns:xsi="http://www.w3.org/2001/XMLSchema-instance">
  <SolutionManifest>
    <UniqueName>msfed_federalfinancial</UniqueName>
    <LocalizedNames>
      <LocalizedName description="Microsoft Federal - Federal Financial" languagecode="1033" />
    </LocalizedNames>
    <Descriptions />
    <Version>1.0.0.0</Version>
    <Managed>1</Managed>
    <Publisher>
      <UniqueName>microsoftfederal</UniqueName>
      <LocalizedNames>
        <LocalizedName description="Microsoft Federal" languagecode="1033" />
      </LocalizedNames>
      <Descriptions>
        <Description description="microsoftfederal" languagecode="1033" />
      </Descriptions>
      <EMailAddress xsi:nil="true"></EMailAddress>
      <SupportingWebsiteUrl xsi:nil="true"></SupportingWebsiteUrl>
      <CustomizationPrefix>msfed</CustomizationPrefix>
      <CustomizationOptionValuePrefix>18844</CustomizationOptionValuePrefix>
      <Addresses>
        <Address>
          <AddressNumber>1</AddressNumber>
          <AddressTypeCode>1</AddressTypeCode>
          <City xsi:nil="true"></City>
          <County xsi:nil="true"></County>
          <Country xsi:nil="true"></Country>
          <Fax xsi:nil="true"></Fax>
          <FreightTermsCode xsi:nil="true"></FreightTermsCode>
          <ImportSequenceNumber xsi:nil="true"></ImportSequenceNumber>
          <Latitude xsi:nil="true"></Latitude>
          <Line1 xsi:nil="true"></Line1>
          <Line2 xsi:nil="true"></Line2>
          <Line3 xsi:nil="true"></Line3>
          <Longitude xsi:nil="true"></Longitude>
          <Name xsi:nil="true"></Name>
          <PostalCode xsi:nil="true"></PostalCode>
          <PostOfficeBox xsi:nil="true"></PostOfficeBox>
          <PrimaryContactName xsi:nil="true"></PrimaryContactName>
          <ShippingMethodCode>1</ShippingMethodCode>
          <StateOrProvince xsi:nil="true"></StateOrProvince>
          <Telephone1 xsi:nil="true"></Telephone1>
          <Telephone2 xsi:nil="true"></Telephone2>
          <Telephone3 xsi:nil="true"></Telephone3>
          <TimeZoneRuleVersionNumber xsi:nil="true"></TimeZoneRuleVersionNumber>
          <UPSZone xsi:nil="true"></UPSZone>
          <UTCOffset xsi:nil="true"></UTCOffset>
          <UTCConversionTimeZoneCode xsi:nil="true"></UTCConversionTimeZoneCode>
        </Address>
        <Address>
          <AddressNumber>2</AddressNumber>
          <AddressTypeCode>1</AddressTypeCode>
          <City xsi:nil="true"></City>
          <County xsi:nil="true"></County>
          <Country xsi:nil="true"></Country>
          <Fax xsi:nil="true"></Fax>
          <FreightTermsCode xsi:nil="true"></FreightTermsCode>
          <ImportSequenceNumber xsi:nil="true"></ImportSequenceNumber>
          <Latitude xsi:nil="true"></Latitude>
          <Line1 xsi:nil="true"></Line1>
          <Line2 xsi:nil="true"></Line2>
          <Line3 xsi:nil="true"></Line3>
          <Longitude xsi:nil="true"></Longitude>
          <Name xsi:nil="true"></Name>
          <PostalCode xsi:nil="true"></PostalCode>
          <PostOfficeBox xsi:nil="true"></PostOfficeBox>
          <PrimaryContactName xsi:nil="true"></PrimaryContactName>
          <ShippingMethodCode>1</ShippingMethodCode>
          <StateOrProvince xsi:nil="true"></StateOrProvince>
          <Telephone1 xsi:nil="true"></Telephone1>
          <Telephone2 xsi:nil="true"></Telephone2>
          <Telephone3 xsi:nil="true"></Telephone3>
          <TimeZoneRuleVersionNumber xsi:nil="true"></TimeZoneRuleVersionNumber>
          <UPSZone xsi:nil="true"></UPSZone>
          <UTCOffset xsi:nil="true"></UTCOffset>
          <UTCConversionTimeZoneCode xsi:nil="true"></UTCConversionTimeZoneCode>
        </Address>
      </Addresses>
    </Publisher>
    <RootComponents>
      <RootComponent type="1" schemaName="govcdm_budget" behavior="2" />
      <RootComponent type="1" schemaName="govcdm_budgetlineitem" behavior="2" />
      <RootComponent type="1" schemaName="govcdm_budgetobjectclassification" behavior="2" />
      <RootComponent type="1" schemaName="govcdm_contract" behavior="2" />
      <RootComponent type="1" schemaName="govcdm_purchaserequest" behavior="2" />
      <RootComponent type="1" schemaName="govcdm_purchaserequestitem" behavior="2" />
      <RootComponent type="1" schemaName="msfed_purchaserequestprocess" behavior="0" />
      <RootComponent type="29" id="{5a26a0c1-68d6-ee11-9079-000d3a3b9c87}" behavior="0" />
      <RootComponent type="29" id="{73f665bd-97d5-ee11-9079-000d3a3b9c87}" behavior="0" />
      <RootComponent type="29" id="{f923b84f-9bd6-ee11-9079-000d3a3b9c87}" behavior="0" />
      <RootComponent type="300" schemaName="msfed_purchaserequests_96090" behavior="0" />
      <RootComponent type="62" schemaName="msfed_FederalFinancial" behavior="0" />
      <RootComponent type="80" schemaName="msfed_FederalFinancial" behavior="0" />
    </RootComponents>
    <MissingDependencies>
      <MissingDependency>
        <Required type="1" schemaName="govcdm_budget" displayName="Budget" solution="govcdm_federalfinancial (1.0.0.0)" />
        <Dependent type="1" schemaName="govcdm_budget" displayName="Budget" />
      </MissingDependency>
      <MissingDependency>
        <Required type="1" schemaName="govcdm_budget" displayName="Budget" solution="govcdm_federalfinancial (1.0.0.0)" />
        <Dependent type="60" displayName="Main" parentDisplayName="Budget" id="{1fa86d59-fb78-ee11-8179-6045bd0062b9}" />
      </MissingDependency>
      <MissingDependency>
        <Required type="1" schemaName="govcdm_budget" displayName="Budget" solution="govcdm_federalfinancial (1.0.0.0)" />
        <Dependent type="62" schemaName="msfed_FederalFinancial" />
      </MissingDependency>
      <MissingDependency>
        <Required type="1" schemaName="govcdm_budget" displayName="Budget" solution="govcdm_federalfinancial (1.0.0.0)" />
        <Dependent type="80" schemaName="msfed_FederalFinancial" displayName="Federal Financial" />
      </MissingDependency>
      <MissingDependency>
        <Required type="1" schemaName="govcdm_budgetlineitem" displayName="Budget Line Item" solution="govcdm_federalfinancial (1.0.0.0)" />
        <Dependent type="1" schemaName="govcdm_budgetlineitem" displayName="Budget Line Item" />
      </MissingDependency>
      <MissingDependency>
        <Required type="1" schemaName="govcdm_budgetlineitem" displayName="Budget Line Item" solution="govcdm_federalfinancial (1.0.0.0)" />
        <Dependent type="60" displayName="Main" parentDisplayName="Budget" id="{1fa86d59-fb78-ee11-8179-6045bd0062b9}" />
      </MissingDependency>
      <MissingDependency>
        <Required type="1" schemaName="govcdm_budgetlineitem" displayName="Budget Line Item" solution="govcdm_federalfinancial (1.0.0.0)" />
        <Dependent type="60" displayName="Main" parentDisplayName="Budget Line Item" id="{9344d243-0179-ee11-8179-6045bd0062b9}" />
      </MissingDependency>
      <MissingDependency>
        <Required type="1" schemaName="govcdm_budgetlineitem" displayName="Budget Line Item" solution="govcdm_federalfinancial (1.0.0.0)" />
        <Dependent type="62" schemaName="msfed_FederalFinancial" />
      </MissingDependency>
      <MissingDependency>
        <Required type="1" schemaName="govcdm_budgetlineitem" displayName="Budget Line Item" solution="govcdm_federalfinancial (1.0.0.0)" />
        <Dependent type="80" schemaName="msfed_FederalFinancial" displayName="Federal Financial" />
      </MissingDependency>
      <MissingDependency>
        <Required type="1" schemaName="govcdm_budgetobjectclassification" displayName="Budget Object Classification" solution="govcdm_federalfinancial (1.0.0.0)" />
        <Dependent type="1" schemaName="govcdm_budgetobjectclassification" displayName="Budget Object Classification" />
      </MissingDependency>
      <MissingDependency>
        <Required type="1" schemaName="govcdm_budgetobjectclassification" displayName="Budget Object Classification" solution="govcdm_federalfinancial (1.0.0.0)" />
        <Dependent type="26" schemaName="Budget Object Classification Codes" displayName="Budget Object Classification Codes" parentSchemaName="govcdm_budgetobjectclassification" parentDisplayName="Budget Object Classification" id="{a34c84de-a9d6-ee11-9079-000d3a3b9c87}" />
      </MissingDependency>
      <MissingDependency>
        <Required type="1" schemaName="govcdm_budgetobjectclassification" displayName="Budget Object Classification" solution="govcdm_federalfinancial (1.0.0.0)" />
        <Dependent type="300" schemaName="msfed_purchaserequests_96090" displayName="Purchase Requests" />
      </MissingDependency>
      <MissingDependency>
        <Required type="1" schemaName="govcdm_budgetobjectclassification" displayName="Budget Object Classification" solution="govcdm_federalfinancial (1.0.0.0)" />
        <Dependent type="60" displayName="Main" parentDisplayName="Budget Object Classification" id="{aaacce2f-a9d6-ee11-9079-000d3a3b9c87}" />
      </MissingDependency>
      <MissingDependency>
        <Required type="1" schemaName="govcdm_budgetobjectclassification" displayName="Budget Object Classification" solution="govcdm_federalfinancial (1.0.0.0)" />
        <Dependent type="62" schemaName="msfed_FederalFinancial" />
      </MissingDependency>
      <MissingDependency>
        <Required type="1" schemaName="govcdm_budgetobjectclassification" displayName="Budget Object Classification" solution="govcdm_federalfinancial (1.0.0.0)" />
        <Dependent type="80" schemaName="msfed_FederalFinancial" displayName="Federal Financial" />
      </MissingDependency>
      <MissingDependency>
        <Required type="1" schemaName="govcdm_contract" displayName="Contract" solution="govcdm_federalfinancial (1.0.0.0)" />
        <Dependent type="1" schemaName="govcdm_contract" displayName="Contract" />
      </MissingDependency>
      <MissingDependency>
        <Required type="1" schemaName="govcdm_contract" displayName="Contract" solution="govcdm_federalfinancial (1.0.0.0)" />
        <Dependent type="62" schemaName="msfed_FederalFinancial" />
      </MissingDependency>
      <MissingDependency>
        <Required type="1" schemaName="govcdm_contract" displayName="Contract" solution="govcdm_federalfinancial (1.0.0.0)" />
        <Dependent type="80" schemaName="msfed_FederalFinancial" displayName="Federal Financial" />
      </MissingDependency>
      <MissingDependency>
        <Required type="1" schemaName="govcdm_location" displayName="Location" solution="govcdm_core (1.0.0.5)" />
        <Dependent type="300" schemaName="msfed_purchaserequests_96090" displayName="Purchase Requests" />
      </MissingDependency>
      <MissingDependency>
        <Required type="1" schemaName="govcdm_location" displayName="Location" solution="govcdm_core (1.0.0.5)" />
        <Dependent type="62" schemaName="msfed_FederalFinancial" />
      </MissingDependency>
      <MissingDependency>
        <Required type="1" schemaName="govcdm_location" displayName="Location" solution="govcdm_core (1.0.0.5)" />
        <Dependent type="80" schemaName="msfed_FederalFinancial" displayName="Federal Financial" />
      </MissingDependency>
      <MissingDependency>
        <Required type="1" schemaName="govcdm_product" displayName="Product" solution="govcdm_core (1.0.0.5)" />
        <Dependent type="300" schemaName="msfed_purchaserequests_96090" displayName="Purchase Requests" />
      </MissingDependency>
      <MissingDependency>
        <Required type="1" schemaName="govcdm_product" displayName="Product" solution="govcdm_core (1.0.0.5)" />
        <Dependent type="62" schemaName="msfed_FederalFinancial" />
      </MissingDependency>
      <MissingDependency>
        <Required type="1" schemaName="govcdm_product" displayName="Product" solution="govcdm_core (1.0.0.5)" />
        <Dependent type="80" schemaName="msfed_FederalFinancial" displayName="Federal Financial" />
      </MissingDependency>
      <MissingDependency>
        <Required type="1" schemaName="govcdm_project" displayName="Project" solution="govcdm_projecttracking (1.0.0.1)" />
        <Dependent type="300" schemaName="msfed_purchaserequests_96090" displayName="Purchase Requests" />
      </MissingDependency>
      <MissingDependency>
        <Required type="1" schemaName="govcdm_project" displayName="Project" solution="govcdm_projecttracking (1.0.0.1)" />
        <Dependent type="62" schemaName="msfed_FederalFinancial" />
      </MissingDependency>
      <MissingDependency>
        <Required type="1" schemaName="govcdm_project" displayName="Project" solution="govcdm_projecttracking (1.0.0.1)" />
        <Dependent type="80" schemaName="msfed_FederalFinancial" displayName="Federal Financial" />
      </MissingDependency>
      <MissingDependency>
        <Required type="1" schemaName="govcdm_purchaserequest" displayName="Purchase Request" solution="govcdm_federalfinancial (1.0.0.0)" />
        <Dependent type="1" schemaName="govcdm_purchaserequest" displayName="Purchase Request" />
      </MissingDependency>
      <MissingDependency>
        <Required type="1" schemaName="govcdm_purchaserequest" displayName="Purchase Request" solution="govcdm_federalfinancial (1.0.0.0)" />
        <Dependent type="10" schemaName="bpf_govcdm_purchaserequest_msfed_purchaserequestprocess" displayName="bpf_govcdm_purchaserequest_msfed_purchaserequestprocess" parentSchemaName="govcdm_purchaserequest" parentDisplayName="Purchase Request" />
      </MissingDependency>
      <MissingDependency>
        <Required type="1" schemaName="govcdm_purchaserequest" displayName="Purchase Request" solution="govcdm_federalfinancial (1.0.0.0)" />
        <Dependent type="26" schemaName="Inactive Purchase Request Process on my Purchase Requests" displayName="Inactive Purchase Request Process on my Purchase Requests" parentSchemaName="msfed_purchaserequestprocess" parentDisplayName="Purchase Request Process" id="{0589e106-4009-4596-be7f-b4cfebda97bf}" />
      </MissingDependency>
      <MissingDependency>
        <Required type="1" schemaName="govcdm_purchaserequest" displayName="Purchase Request" solution="govcdm_federalfinancial (1.0.0.0)" />
        <Dependent type="26" schemaName="Purchase Requests" displayName="Purchase Requests" parentSchemaName="govcdm_purchaserequest" parentDisplayName="Purchase Request" id="{3d0ab013-dfd1-ee11-9079-000d3a3b9c87}" />
      </MissingDependency>
      <MissingDependency>
        <Required type="1" schemaName="govcdm_purchaserequest" displayName="Purchase Request" solution="govcdm_federalfinancial (1.0.0.0)" />
        <Dependent type="26" schemaName="Active Purchase Request Process on my Purchase Requests" displayName="Active Purchase Request Process on my Purchase Requests" parentSchemaName="msfed_purchaserequestprocess" parentDisplayName="Purchase Request Process" id="{866513d3-965e-484b-a0eb-f64b97cb7310}" />
      </MissingDependency>
      <MissingDependency>
        <Required type="1" schemaName="govcdm_purchaserequest" displayName="Purchase Request" solution="govcdm_federalfinancial (1.0.0.0)" />
        <Dependent type="29" displayName="Purchase Request Process" id="{5a26a0c1-68d6-ee11-9079-000d3a3b9c87}" />
      </MissingDependency>
      <MissingDependency>
        <Required type="1" schemaName="govcdm_purchaserequest" displayName="Purchase Request" solution="govcdm_federalfinancial (1.0.0.0)" />
        <Dependent type="29" displayName="Purchase Request Submitted" id="{73f665bd-97d5-ee11-9079-000d3a3b9c87}" />
      </MissingDependency>
      <MissingDependency>
        <Required type="1" schemaName="govcdm_purchaserequest" displayName="Purchase Request" solution="govcdm_federalfinancial (1.0.0.0)" />
        <Dependent type="300" schemaName="msfed_purchaserequests_96090" displayName="Purchase Requests" />
      </MissingDependency>
      <MissingDependency>
        <Required type="1" schemaName="govcdm_purchaserequest" displayName="Purchase Request" solution="govcdm_federalfinancial (1.0.0.0)" />
        <Dependent type="59" schemaName="By Approval Status" displayName="By Approval Status" parentSchemaName="govcdm_purchaserequest" parentDisplayName="Purchase Request" id="{8d019642-b7d6-ee11-9079-000d3a3b9c87}" />
      </MissingDependency>
      <MissingDependency>
        <Required type="1" schemaName="govcdm_purchaserequest" displayName="Purchase Request" solution="govcdm_federalfinancial (1.0.0.0)" />
        <Dependent type="59" schemaName="By Office" displayName="By Office" parentSchemaName="govcdm_purchaserequest" parentDisplayName="Purchase Request" id="{c780b010-b7d6-ee11-9079-000d3a3b9c87}" />
      </MissingDependency>
      <MissingDependency>
        <Required type="1" schemaName="govcdm_purchaserequest" displayName="Purchase Request" solution="govcdm_federalfinancial (1.0.0.0)" />
        <Dependent type="60" displayName="Main" parentDisplayName="Purchase Request" id="{ca17801b-d2d1-ee11-9079-000d3a3b9c87}" />
      </MissingDependency>
      <MissingDependency>
        <Required type="1" schemaName="govcdm_purchaserequest" displayName="Purchase Request" solution="govcdm_federalfinancial (1.0.0.0)" />
        <Dependent type="62" schemaName="msfed_FederalFinancial" />
      </MissingDependency>
      <MissingDependency>
        <Required type="1" schemaName="govcdm_purchaserequest" displayName="Purchase Request" solution="govcdm_federalfinancial (1.0.0.0)" />
        <Dependent type="80" schemaName="msfed_FederalFinancial" displayName="Federal Financial" />
      </MissingDependency>
      <MissingDependency>
        <Required type="1" schemaName="govcdm_purchaserequestitem" displayName="Purchase Request Item" solution="govcdm_federalfinancial (1.0.0.0)" />
        <Dependent type="1" schemaName="govcdm_purchaserequestitem" displayName="Purchase Request Item" />
      </MissingDependency>
      <MissingDependency>
        <Required type="1" schemaName="govcdm_purchaserequestitem" displayName="Purchase Request Item" solution="govcdm_federalfinancial (1.0.0.0)" />
        <Dependent type="26" schemaName="Purchase Request Items" displayName="Purchase Request Items" parentSchemaName="govcdm_purchaserequestitem" parentDisplayName="Purchase Request Item" id="{8a12be03-09d7-ee11-9079-000d3a3b9c87}" />
      </MissingDependency>
      <MissingDependency>
        <Required type="1" schemaName="govcdm_purchaserequestitem" displayName="Purchase Request Item" solution="govcdm_federalfinancial (1.0.0.0)" />
        <Dependent type="300" schemaName="msfed_purchaserequests_96090" displayName="Purchase Requests" />
      </MissingDependency>
      <MissingDependency>
        <Required type="1" schemaName="govcdm_purchaserequestitem" displayName="Purchase Request Item" solution="govcdm_federalfinancial (1.0.0.0)" />
        <Dependent type="60" displayName="Main" parentDisplayName="Purchase Request Item" id="{7af9dde1-b0d6-ee11-9079-000d3a3b9c87}" />
      </MissingDependency>
      <MissingDependency>
        <Required type="1" schemaName="govcdm_purchaserequestitem" displayName="Purchase Request Item" solution="govcdm_federalfinancial (1.0.0.0)" />
        <Dependent type="60" displayName="Main" parentDisplayName="Purchase Request" id="{ca17801b-d2d1-ee11-9079-000d3a3b9c87}" />
      </MissingDependency>
      <MissingDependency>
        <Required type="1" schemaName="govcdm_stateorprovince" displayName="State or Province" solution="govcdm_core (1.0.0.5)" />
        <Dependent type="300" schemaName="msfed_purchaserequests_96090" displayName="Purchase Requests" />
      </MissingDependency>
      <MissingDependency>
        <Required type="1" schemaName="govcdm_stateorprovince" displayName="State or Province" solution="govcdm_core (1.0.0.5)" />
        <Dependent type="62" schemaName="msfed_FederalFinancial" />
      </MissingDependency>
      <MissingDependency>
        <Required type="1" schemaName="govcdm_stateorprovince" displayName="State or Province" solution="govcdm_core (1.0.0.5)" />
        <Dependent type="80" schemaName="msfed_FederalFinancial" displayName="Federal Financial" />
      </MissingDependency>
      <MissingDependency>
        <Required type="10" schemaName="govcdm_budgetobjectclassification_ParentCode_gov" displayName="govcdm_budgetobjectclassification_ParentCode_gov" parentSchemaName="govcdm_budgetobjectclassification" parentDisplayName="Budget Object Classification" solution="govcdm_federalfinancial (1.0.0.0)" />
        <Dependent type="60" displayName="Main" parentDisplayName="Budget Object Classification" id="{aaacce2f-a9d6-ee11-9079-000d3a3b9c87}" />
      </MissingDependency>
      <MissingDependency>
        <Required type="10" schemaName="govcdm_govcdm_budgetlineitem_Budget_govcdm_budge" displayName="govcdm_govcdm_budgetlineitem_Budget_govcdm_budge" parentSchemaName="govcdm_budget" parentDisplayName="Budget" solution="govcdm_federalfinancial (1.0.0.0)" />
        <Dependent type="60" displayName="Main" parentDisplayName="Budget" id="{1fa86d59-fb78-ee11-8179-6045bd0062b9}" />
      </MissingDependency>
      <MissingDependency>
        <Required type="10" schemaName="govcdm_govcdm_budgetlineitem_Budget_govcdm_budge" displayName="govcdm_govcdm_budgetlineitem_Budget_govcdm_budge" parentSchemaName="govcdm_budget" parentDisplayName="Budget" solution="govcdm_federalfinancial (1.0.0.0)" />
        <Dependent type="60" displayName="Main" parentDisplayName="Budget Line Item" id="{9344d243-0179-ee11-8179-6045bd0062b9}" />
      </MissingDependency>
      <MissingDependency>
        <Required type="10" schemaName="govcdm_purchaserequest_BudgetLineItem_govcdm_bud" displayName="govcdm_purchaserequest_BudgetLineItem_govcdm_bud" parentSchemaName="govcdm_budgetlineitem" parentDisplayName="Budget Line Item" solution="govcdm_federalfinancial (1.0.0.0)" />
        <Dependent type="60" displayName="Main" parentDisplayName="Purchase Request" id="{ca17801b-d2d1-ee11-9079-000d3a3b9c87}" />
      </MissingDependency>
      <MissingDependency>
        <Required type="10" schemaName="govcdm_purchaserequest_BudgetObjectCode_govcdm_b" displayName="govcdm_purchaserequest_BudgetObjectCode_govcdm_b" parentSchemaName="govcdm_budgetobjectclassification" parentDisplayName="Budget Object Classification" solution="govcdm_federalfinancial (1.0.0.0)" />
        <Dependent type="60" displayName="Main" parentDisplayName="Purchase Request" id="{ca17801b-d2d1-ee11-9079-000d3a3b9c87}" />
      </MissingDependency>
      <MissingDependency>
        <Required type="10" schemaName="govcdm_purchaserequest_Contract_govcdm_contract" displayName="govcdm_purchaserequest_Contract_govcdm_contract" parentSchemaName="govcdm_contract" parentDisplayName="Contract" solution="govcdm_federalfinancial (1.0.0.0)" />
        <Dependent type="60" displayName="Main" parentDisplayName="Purchase Request" id="{ca17801b-d2d1-ee11-9079-000d3a3b9c87}" />
      </MissingDependency>
      <MissingDependency>
        <Required type="10" schemaName="govcdm_purchaserequest_FromOffice_govcdm_locatio" displayName="govcdm_purchaserequest_FromOffice_govcdm_locatio" parentSchemaName="govcdm_location" parentDisplayName="Location" solution="govcdm_federalfinancial (1.0.0.0)" />
        <Dependent type="60" displayName="Main" parentDisplayName="Purchase Request" id="{ca17801b-d2d1-ee11-9079-000d3a3b9c87}" />
      </MissingDependency>
      <MissingDependency>
        <Required type="10" schemaName="govcdm_purchaserequest_ReceivingOffice_govcdm_lo" displayName="govcdm_purchaserequest_ReceivingOffice_govcdm_lo" parentSchemaName="govcdm_location" parentDisplayName="Location" solution="govcdm_federalfinancial (1.0.0.0)" />
        <Dependent type="60" displayName="Main" parentDisplayName="Purchase Request" id="{ca17801b-d2d1-ee11-9079-000d3a3b9c87}" />
      </MissingDependency>
      <MissingDependency>
        <Required type="10" schemaName="govcdm_purchaserequest_ShipToAddressState_govcdm" displayName="govcdm_purchaserequest_ShipToAddressState_govcdm" parentSchemaName="govcdm_stateorprovince" parentDisplayName="State or Province" solution="govcdm_federalfinancial (1.0.0.0)" />
        <Dependent type="60" displayName="Main" parentDisplayName="Purchase Request" id="{ca17801b-d2d1-ee11-9079-000d3a3b9c87}" />
      </MissingDependency>
      <MissingDependency>
        <Required type="10" schemaName="govcdm_purchaserequest_ShipToOffice_govcdm_locat" displayName="govcdm_purchaserequest_ShipToOffice_govcdm_locat" parentSchemaName="govcdm_location" parentDisplayName="Location" solution="govcdm_federalfinancial (1.0.0.0)" />
        <Dependent type="60" displayName="Main" parentDisplayName="Purchase Request" id="{ca17801b-d2d1-ee11-9079-000d3a3b9c87}" />
      </MissingDependency>
      <MissingDependency>
        <Required type="10" schemaName="govcdm_purchaserequest_ToOffice_govcdm_location" displayName="govcdm_purchaserequest_ToOffice_govcdm_location" parentSchemaName="govcdm_location" parentDisplayName="Location" solution="govcdm_federalfinancial (1.0.0.0)" />
        <Dependent type="60" displayName="Main" parentDisplayName="Purchase Request" id="{ca17801b-d2d1-ee11-9079-000d3a3b9c87}" />
      </MissingDependency>
      <MissingDependency>
        <Required type="10" schemaName="govcdm_purchaserequestitem_BudgetObjectCode_govc" displayName="govcdm_purchaserequestitem_BudgetObjectCode_govc" parentSchemaName="govcdm_budgetobjectclassification" parentDisplayName="Budget Object Classification" solution="govcdm_federalfinancial (1.0.0.0)" />
        <Dependent type="60" displayName="Main" parentDisplayName="Purchase Request Item" id="{7af9dde1-b0d6-ee11-9079-000d3a3b9c87}" />
      </MissingDependency>
      <MissingDependency>
        <Required type="10" schemaName="govcdm_purchaserequestitem_Product_govcdm_produc" displayName="govcdm_purchaserequestitem_Product_govcdm_produc" parentSchemaName="govcdm_product" parentDisplayName="Product" solution="govcdm_federalfinancial (1.0.0.0)" />
        <Dependent type="60" displayName="Main" parentDisplayName="Purchase Request Item" id="{7af9dde1-b0d6-ee11-9079-000d3a3b9c87}" />
      </MissingDependency>
      <MissingDependency>
        <Required type="10" schemaName="govcdm_purchaserequestitem_PurchaseRequest_govcd" displayName="govcdm_purchaserequestitem_PurchaseRequest_govcd" parentSchemaName="govcdm_purchaserequest" parentDisplayName="Purchase Request" solution="govcdm_federalfinancial (1.0.0.0)" />
        <Dependent type="60" displayName="Main" parentDisplayName="Purchase Request Item" id="{7af9dde1-b0d6-ee11-9079-000d3a3b9c87}" />
      </MissingDependency>
      <MissingDependency>
        <Required type="10" schemaName="govcdm_purchaserequestitem_PurchaseRequest_govcd" displayName="govcdm_purchaserequestitem_PurchaseRequest_govcd" parentSchemaName="govcdm_purchaserequest" parentDisplayName="Purchase Request" solution="govcdm_federalfinancial (1.0.0.0)" />
        <Dependent type="60" displayName="Main" parentDisplayName="Purchase Request" id="{ca17801b-d2d1-ee11-9079-000d3a3b9c87}" />
      </MissingDependency>
      <MissingDependency>
        <Required type="2" schemaName="govcdm_abbreviation" displayName="Abbreviation" parentSchemaName="govcdm_budgetobjectclassification" parentDisplayName="Budget Object Classification" solution="govcdm_federalfinancial (1.0.0.0)" />
        <Dependent type="26" schemaName="Budget Object Classification Codes" displayName="Budget Object Classification Codes" parentSchemaName="govcdm_budgetobjectclassification" parentDisplayName="Budget Object Classification" id="{a34c84de-a9d6-ee11-9079-000d3a3b9c87}" />
      </MissingDependency>
      <MissingDependency>
        <Required type="2" schemaName="govcdm_abbreviation" displayName="Abbreviation" parentSchemaName="govcdm_budgetobjectclassification" parentDisplayName="Budget Object Classification" solution="govcdm_federalfinancial (1.0.0.0)" />
        <Dependent type="60" displayName="Main" parentDisplayName="Budget Object Classification" id="{aaacce2f-a9d6-ee11-9079-000d3a3b9c87}" />
      </MissingDependency>
      <MissingDependency>
        <Required type="2" schemaName="govcdm_accountingcontrolnumber" displayName="Accounting Control Number" parentSchemaName="govcdm_purchaserequest" parentDisplayName="Purchase Request" solution="govcdm_federalfinancial (1.0.0.0)" />
        <Dependent type="26" schemaName="Purchase Requests" displayName="Purchase Requests" parentSchemaName="govcdm_purchaserequest" parentDisplayName="Purchase Request" id="{3d0ab013-dfd1-ee11-9079-000d3a3b9c87}" />
      </MissingDependency>
      <MissingDependency>
        <Required type="2" schemaName="govcdm_accountingcontrolnumber" displayName="Accounting Control Number" parentSchemaName="govcdm_purchaserequest" parentDisplayName="Purchase Request" solution="govcdm_federalfinancial (1.0.0.0)" />
        <Dependent type="60" displayName="Main" parentDisplayName="Purchase Request" id="{ca17801b-d2d1-ee11-9079-000d3a3b9c87}" />
      </MissingDependency>
      <MissingDependency>
        <Required type="2" schemaName="govcdm_approvalstatus" displayName="Approval Status" parentSchemaName="govcdm_purchaserequest" parentDisplayName="Purchase Request" solution="govcdm_federalfinancial (1.0.0.0)" />
        <Dependent type="26" schemaName="Purchase Requests" displayName="Purchase Requests" parentSchemaName="govcdm_purchaserequest" parentDisplayName="Purchase Request" id="{3d0ab013-dfd1-ee11-9079-000d3a3b9c87}" />
      </MissingDependency>
      <MissingDependency>
        <Required type="2" schemaName="govcdm_approvalstatus" displayName="Approval Status" parentSchemaName="govcdm_purchaserequest" parentDisplayName="Purchase Request" solution="govcdm_federalfinancial (1.0.0.0)" />
        <Dependent type="29" displayName="Purchase Request Process" id="{5a26a0c1-68d6-ee11-9079-000d3a3b9c87}" />
      </MissingDependency>
      <MissingDependency>
        <Required type="2" schemaName="govcdm_approvalstatus" displayName="Approval Status" parentSchemaName="govcdm_purchaserequest" parentDisplayName="Purchase Request" solution="govcdm_federalfinancial (1.0.0.0)" />
        <Dependent type="59" schemaName="By Approval Status" displayName="By Approval Status" parentSchemaName="govcdm_purchaserequest" parentDisplayName="Purchase Request" id="{8d019642-b7d6-ee11-9079-000d3a3b9c87}" />
      </MissingDependency>
      <MissingDependency>
        <Required type="2" schemaName="govcdm_approvalstatus" displayName="Approval Status" parentSchemaName="govcdm_purchaserequest" parentDisplayName="Purchase Request" solution="govcdm_federalfinancial (1.0.0.0)" />
        <Dependent type="60" displayName="Information" parentDisplayName="Purchase Request Process" id="{94d07318-e8e9-48cf-8121-12d2287c4126}" />
      </MissingDependency>
      <MissingDependency>
        <Required type="2" schemaName="govcdm_approvalstatus" displayName="Approval Status" parentSchemaName="govcdm_purchaserequest" parentDisplayName="Purchase Request" solution="govcdm_federalfinancial (1.0.0.0)" />
        <Dependent type="60" displayName="Main" parentDisplayName="Purchase Request" id="{ca17801b-d2d1-ee11-9079-000d3a3b9c87}" />
      </MissingDependency>
      <MissingDependency>
        <Required type="2" schemaName="govcdm_budget" displayName="Budget" parentSchemaName="govcdm_budgetlineitem" parentDisplayName="Budget Line Item" solution="govcdm_federalfinancial (1.0.0.0)" />
        <Dependent type="60" displayName="Main" parentDisplayName="Budget Line Item" id="{9344d243-0179-ee11-8179-6045bd0062b9}" />
      </MissingDependency>
      <MissingDependency>
        <Required type="2" schemaName="govcdm_budgetlineitem" displayName="Budget Line Item" parentSchemaName="govcdm_purchaserequest" parentDisplayName="Purchase Request" solution="govcdm_federalfinancial (1.0.0.0)" />
        <Dependent type="26" schemaName="Purchase Requests" displayName="Purchase Requests" parentSchemaName="govcdm_purchaserequest" parentDisplayName="Purchase Request" id="{3d0ab013-dfd1-ee11-9079-000d3a3b9c87}" />
      </MissingDependency>
      <MissingDependency>
        <Required type="2" schemaName="govcdm_budgetlineitem" displayName="Budget Line Item" parentSchemaName="govcdm_purchaserequest" parentDisplayName="Purchase Request" solution="govcdm_federalfinancial (1.0.0.0)" />
        <Dependent type="60" displayName="Main" parentDisplayName="Purchase Request" id="{ca17801b-d2d1-ee11-9079-000d3a3b9c87}" />
      </MissingDependency>
      <MissingDependency>
        <Required type="2" schemaName="govcdm_budgetobjectclassificationid" displayName="Budget Object Classification" parentSchemaName="govcdm_budgetobjectclassification" parentDisplayName="Budget Object Classification" solution="govcdm_federalfinancial (1.0.0.0)" />
        <Dependent type="26" schemaName="Budget Object Classification Codes" displayName="Budget Object Classification Codes" parentSchemaName="govcdm_budgetobjectclassification" parentDisplayName="Budget Object Classification" id="{a34c84de-a9d6-ee11-9079-000d3a3b9c87}" />
      </MissingDependency>
      <MissingDependency>
        <Required type="2" schemaName="govcdm_budgetobjectcode" displayName="Budget Object Code" parentSchemaName="govcdm_purchaserequest" parentDisplayName="Purchase Request" solution="govcdm_federalfinancial (1.0.0.0)" />
        <Dependent type="60" displayName="Main" parentDisplayName="Purchase Request" id="{ca17801b-d2d1-ee11-9079-000d3a3b9c87}" />
      </MissingDependency>
      <MissingDependency>
        <Required type="2" schemaName="govcdm_budgetobjectcode" displayName="Budget Object Code" parentSchemaName="govcdm_purchaserequestitem" parentDisplayName="Purchase Request Item" solution="govcdm_federalfinancial (1.0.0.0)" />
        <Dependent type="60" displayName="Main" parentDisplayName="Purchase Request Item" id="{7af9dde1-b0d6-ee11-9079-000d3a3b9c87}" />
      </MissingDependency>
      <MissingDependency>
        <Required type="2" schemaName="govcdm_contract" displayName="Contract" parentSchemaName="govcdm_purchaserequest" parentDisplayName="Purchase Request" solution="govcdm_federalfinancial (1.0.0.0)" />
        <Dependent type="60" displayName="Main" parentDisplayName="Purchase Request" id="{ca17801b-d2d1-ee11-9079-000d3a3b9c87}" />
      </MissingDependency>
      <MissingDependency>
        <Required type="2" schemaName="govcdm_description" displayName="Description" parentSchemaName="govcdm_budgetobjectclassification" parentDisplayName="Budget Object Classification" solution="govcdm_federalfinancial (1.0.0.0)" />
        <Dependent type="26" schemaName="Budget Object Classification Codes" displayName="Budget Object Classification Codes" parentSchemaName="govcdm_budgetobjectclassification" parentDisplayName="Budget Object Classification" id="{a34c84de-a9d6-ee11-9079-000d3a3b9c87}" />
      </MissingDependency>
      <MissingDependency>
        <Required type="2" schemaName="govcdm_description" displayName="Description" parentSchemaName="govcdm_budgetobjectclassification" parentDisplayName="Budget Object Classification" solution="govcdm_federalfinancial (1.0.0.0)" />
        <Dependent type="60" displayName="Main" parentDisplayName="Budget Object Classification" id="{aaacce2f-a9d6-ee11-9079-000d3a3b9c87}" />
      </MissingDependency>
      <MissingDependency>
        <Required type="2" schemaName="govcdm_description" displayName="Description" parentSchemaName="govcdm_purchaserequestitem" parentDisplayName="Purchase Request Item" solution="govcdm_federalfinancial (1.0.0.0)" />
        <Dependent type="26" schemaName="Purchase Request Items" displayName="Purchase Request Items" parentSchemaName="govcdm_purchaserequestitem" parentDisplayName="Purchase Request Item" id="{8a12be03-09d7-ee11-9079-000d3a3b9c87}" />
      </MissingDependency>
      <MissingDependency>
        <Required type="2" schemaName="govcdm_description" displayName="Description" parentSchemaName="govcdm_purchaserequestitem" parentDisplayName="Purchase Request Item" solution="govcdm_federalfinancial (1.0.0.0)" />
        <Dependent type="60" displayName="Main" parentDisplayName="Purchase Request Item" id="{7af9dde1-b0d6-ee11-9079-000d3a3b9c87}" />
      </MissingDependency>
      <MissingDependency>
        <Required type="2" schemaName="govcdm_fromoffice" displayName="From Office" parentSchemaName="govcdm_purchaserequest" parentDisplayName="Purchase Request" solution="govcdm_federalfinancial (1.0.0.0)" />
        <Dependent type="26" schemaName="Purchase Requests" displayName="Purchase Requests" parentSchemaName="govcdm_purchaserequest" parentDisplayName="Purchase Request" id="{3d0ab013-dfd1-ee11-9079-000d3a3b9c87}" />
      </MissingDependency>
      <MissingDependency>
        <Required type="2" schemaName="govcdm_fromoffice" displayName="From Office" parentSchemaName="govcdm_purchaserequest" parentDisplayName="Purchase Request" solution="govcdm_federalfinancial (1.0.0.0)" />
        <Dependent type="59" schemaName="By Office" displayName="By Office" parentSchemaName="govcdm_purchaserequest" parentDisplayName="Purchase Request" id="{c780b010-b7d6-ee11-9079-000d3a3b9c87}" />
      </MissingDependency>
      <MissingDependency>
        <Required type="2" schemaName="govcdm_fromoffice" displayName="From Office" parentSchemaName="govcdm_purchaserequest" parentDisplayName="Purchase Request" solution="govcdm_federalfinancial (1.0.0.0)" />
        <Dependent type="60" displayName="Main" parentDisplayName="Purchase Request" id="{ca17801b-d2d1-ee11-9079-000d3a3b9c87}" />
      </MissingDependency>
      <MissingDependency>
        <Required type="2" schemaName="govcdm_itemnumber" displayName="Item Number" parentSchemaName="govcdm_purchaserequestitem" parentDisplayName="Purchase Request Item" solution="govcdm_federalfinancial (1.0.0.0)" />
        <Dependent type="26" schemaName="Purchase Request Items" displayName="Purchase Request Items" parentSchemaName="govcdm_purchaserequestitem" parentDisplayName="Purchase Request Item" id="{8a12be03-09d7-ee11-9079-000d3a3b9c87}" />
      </MissingDependency>
      <MissingDependency>
        <Required type="2" schemaName="govcdm_itemnumber" displayName="Item Number" parentSchemaName="govcdm_purchaserequestitem" parentDisplayName="Purchase Request Item" solution="govcdm_federalfinancial (1.0.0.0)" />
        <Dependent type="60" displayName="Main" parentDisplayName="Purchase Request Item" id="{7af9dde1-b0d6-ee11-9079-000d3a3b9c87}" />
      </MissingDependency>
      <MissingDependency>
        <Required type="2" schemaName="govcdm_name" displayName="Name" parentSchemaName="govcdm_budget" parentDisplayName="Budget" solution="govcdm_federalfinancial (1.0.0.0)" />
        <Dependent type="60" displayName="Main" parentDisplayName="Budget" id="{1fa86d59-fb78-ee11-8179-6045bd0062b9}" />
      </MissingDependency>
      <MissingDependency>
        <Required type="2" schemaName="govcdm_name" displayName="Name" parentSchemaName="govcdm_budgetlineitem" parentDisplayName="Budget Line Item" solution="govcdm_federalfinancial (1.0.0.0)" />
        <Dependent type="60" displayName="Main" parentDisplayName="Budget Line Item" id="{9344d243-0179-ee11-8179-6045bd0062b9}" />
      </MissingDependency>
      <MissingDependency>
        <Required type="2" schemaName="govcdm_name" displayName="Name" parentSchemaName="govcdm_budgetobjectclassification" parentDisplayName="Budget Object Classification" solution="govcdm_federalfinancial (1.0.0.0)" />
        <Dependent type="26" schemaName="Budget Object Classification Codes" displayName="Budget Object Classification Codes" parentSchemaName="govcdm_budgetobjectclassification" parentDisplayName="Budget Object Classification" id="{a34c84de-a9d6-ee11-9079-000d3a3b9c87}" />
      </MissingDependency>
      <MissingDependency>
        <Required type="2" schemaName="govcdm_name" displayName="Name" parentSchemaName="govcdm_budgetobjectclassification" parentDisplayName="Budget Object Classification" solution="govcdm_federalfinancial (1.0.0.0)" />
        <Dependent type="60" displayName="Main" parentDisplayName="Budget Object Classification" id="{aaacce2f-a9d6-ee11-9079-000d3a3b9c87}" />
      </MissingDependency>
      <MissingDependency>
        <Required type="2" schemaName="govcdm_name" displayName="Purchase Request Number" parentSchemaName="govcdm_purchaserequest" parentDisplayName="Purchase Request" solution="govcdm_federalfinancial (1.0.0.0)" />
        <Dependent type="10" schemaName="bpf_govcdm_purchaserequest_msfed_purchaserequestprocess" displayName="bpf_govcdm_purchaserequest_msfed_purchaserequestprocess" parentSchemaName="govcdm_purchaserequest" parentDisplayName="Purchase Request" />
      </MissingDependency>
      <MissingDependency>
        <Required type="2" schemaName="govcdm_name" displayName="Purchase Request Number" parentSchemaName="govcdm_purchaserequest" parentDisplayName="Purchase Request" solution="govcdm_federalfinancial (1.0.0.0)" />
        <Dependent type="26" schemaName="Purchase Requests" displayName="Purchase Requests" parentSchemaName="govcdm_purchaserequest" parentDisplayName="Purchase Request" id="{3d0ab013-dfd1-ee11-9079-000d3a3b9c87}" />
      </MissingDependency>
      <MissingDependency>
        <Required type="2" schemaName="govcdm_name" displayName="Purchase Request Number" parentSchemaName="govcdm_purchaserequest" parentDisplayName="Purchase Request" solution="govcdm_federalfinancial (1.0.0.0)" />
        <Dependent type="29" displayName="Purchase Request Process" id="{5a26a0c1-68d6-ee11-9079-000d3a3b9c87}" />
      </MissingDependency>
      <MissingDependency>
        <Required type="2" schemaName="govcdm_name" displayName="Purchase Request Number" parentSchemaName="govcdm_purchaserequest" parentDisplayName="Purchase Request" solution="govcdm_federalfinancial (1.0.0.0)" />
        <Dependent type="60" displayName="Information" parentDisplayName="Purchase Request Process" id="{94d07318-e8e9-48cf-8121-12d2287c4126}" />
      </MissingDependency>
      <MissingDependency>
        <Required type="2" schemaName="govcdm_name" displayName="Purchase Request Number" parentSchemaName="govcdm_purchaserequest" parentDisplayName="Purchase Request" solution="govcdm_federalfinancial (1.0.0.0)" />
        <Dependent type="60" displayName="Main" parentDisplayName="Purchase Request" id="{ca17801b-d2d1-ee11-9079-000d3a3b9c87}" />
      </MissingDependency>
      <MissingDependency>
        <Required type="2" schemaName="govcdm_name" displayName="Name" parentSchemaName="govcdm_purchaserequestitem" parentDisplayName="Purchase Request Item" solution="govcdm_federalfinancial (1.0.0.0)" />
        <Dependent type="26" schemaName="Purchase Request Items" displayName="Purchase Request Items" parentSchemaName="govcdm_purchaserequestitem" parentDisplayName="Purchase Request Item" id="{8a12be03-09d7-ee11-9079-000d3a3b9c87}" />
      </MissingDependency>
      <MissingDependency>
        <Required type="2" schemaName="govcdm_name" displayName="Name" parentSchemaName="govcdm_purchaserequestitem" parentDisplayName="Purchase Request Item" solution="govcdm_federalfinancial (1.0.0.0)" />
        <Dependent type="60" displayName="Main" parentDisplayName="Purchase Request Item" id="{7af9dde1-b0d6-ee11-9079-000d3a3b9c87}" />
      </MissingDependency>
      <MissingDependency>
        <Required type="2" schemaName="govcdm_parentcode" displayName="Parent Code" parentSchemaName="govcdm_budgetobjectclassification" parentDisplayName="Budget Object Classification" solution="govcdm_federalfinancial (1.0.0.0)" />
        <Dependent type="26" schemaName="Budget Object Classification Codes" displayName="Budget Object Classification Codes" parentSchemaName="govcdm_budgetobjectclassification" parentDisplayName="Budget Object Classification" id="{a34c84de-a9d6-ee11-9079-000d3a3b9c87}" />
      </MissingDependency>
      <MissingDependency>
        <Required type="2" schemaName="govcdm_parentcode" displayName="Parent Code" parentSchemaName="govcdm_budgetobjectclassification" parentDisplayName="Budget Object Classification" solution="govcdm_federalfinancial (1.0.0.0)" />
        <Dependent type="60" displayName="Main" parentDisplayName="Budget Object Classification" id="{aaacce2f-a9d6-ee11-9079-000d3a3b9c87}" />
      </MissingDependency>
      <MissingDependency>
        <Required type="2" schemaName="govcdm_pointofcontact" displayName="Point of Contact" parentSchemaName="govcdm_purchaserequest" parentDisplayName="Purchase Request" solution="govcdm_federalfinancial (1.0.0.0)" />
        <Dependent type="26" schemaName="Purchase Requests" displayName="Purchase Requests" parentSchemaName="govcdm_purchaserequest" parentDisplayName="Purchase Request" id="{3d0ab013-dfd1-ee11-9079-000d3a3b9c87}" />
      </MissingDependency>
      <MissingDependency>
        <Required type="2" schemaName="govcdm_pointofcontact" displayName="Point of Contact" parentSchemaName="govcdm_purchaserequest" parentDisplayName="Purchase Request" solution="govcdm_federalfinancial (1.0.0.0)" />
        <Dependent type="60" displayName="Main" parentDisplayName="Purchase Request" id="{ca17801b-d2d1-ee11-9079-000d3a3b9c87}" />
      </MissingDependency>
      <MissingDependency>
        <Required type="2" schemaName="govcdm_pointofcontactemail" displayName="Point of Contact Email" parentSchemaName="govcdm_purchaserequest" parentDisplayName="Purchase Request" solution="govcdm_federalfinancial (1.0.0.0)" />
        <Dependent type="26" schemaName="Purchase Requests" displayName="Purchase Requests" parentSchemaName="govcdm_purchaserequest" parentDisplayName="Purchase Request" id="{3d0ab013-dfd1-ee11-9079-000d3a3b9c87}" />
      </MissingDependency>
      <MissingDependency>
        <Required type="2" schemaName="govcdm_pointofcontactemail" displayName="Point of Contact Email" parentSchemaName="govcdm_purchaserequest" parentDisplayName="Purchase Request" solution="govcdm_federalfinancial (1.0.0.0)" />
        <Dependent type="60" displayName="Main" parentDisplayName="Purchase Request" id="{ca17801b-d2d1-ee11-9079-000d3a3b9c87}" />
      </MissingDependency>
      <MissingDependency>
        <Required type="2" schemaName="govcdm_pointofcontactphone" displayName="Point of Contact Phone" parentSchemaName="govcdm_purchaserequest" parentDisplayName="Purchase Request" solution="govcdm_federalfinancial (1.0.0.0)" />
        <Dependent type="26" schemaName="Purchase Requests" displayName="Purchase Requests" parentSchemaName="govcdm_purchaserequest" parentDisplayName="Purchase Request" id="{3d0ab013-dfd1-ee11-9079-000d3a3b9c87}" />
      </MissingDependency>
      <MissingDependency>
        <Required type="2" schemaName="govcdm_pointofcontactphone" displayName="Point of Contact Phone" parentSchemaName="govcdm_purchaserequest" parentDisplayName="Purchase Request" solution="govcdm_federalfinancial (1.0.0.0)" />
        <Dependent type="60" displayName="Main" parentDisplayName="Purchase Request" id="{ca17801b-d2d1-ee11-9079-000d3a3b9c87}" />
      </MissingDependency>
      <MissingDependency>
        <Required type="2" schemaName="govcdm_preparationdate" displayName="Preparation Date" parentSchemaName="govcdm_purchaserequest" parentDisplayName="Purchase Request" solution="govcdm_federalfinancial (1.0.0.0)" />
        <Dependent type="26" schemaName="Purchase Requests" displayName="Purchase Requests" parentSchemaName="govcdm_purchaserequest" parentDisplayName="Purchase Request" id="{3d0ab013-dfd1-ee11-9079-000d3a3b9c87}" />
      </MissingDependency>
      <MissingDependency>
        <Required type="2" schemaName="govcdm_preparationdate" displayName="Preparation Date" parentSchemaName="govcdm_purchaserequest" parentDisplayName="Purchase Request" solution="govcdm_federalfinancial (1.0.0.0)" />
        <Dependent type="60" displayName="Main" parentDisplayName="Purchase Request" id="{ca17801b-d2d1-ee11-9079-000d3a3b9c87}" />
      </MissingDependency>
      <MissingDependency>
        <Required type="2" schemaName="govcdm_product" displayName="Product" parentSchemaName="govcdm_purchaserequestitem" parentDisplayName="Purchase Request Item" solution="govcdm_federalfinancial (1.0.0.0)" />
        <Dependent type="60" displayName="Main" parentDisplayName="Purchase Request Item" id="{7af9dde1-b0d6-ee11-9079-000d3a3b9c87}" />
      </MissingDependency>
      <MissingDependency>
        <Required type="2" schemaName="govcdm_projectjobcode" displayName="Project Job Code" parentSchemaName="govcdm_purchaserequest" parentDisplayName="Purchase Request" solution="govcdm_federalfinancial (1.0.0.0)" />
        <Dependent type="60" displayName="Main" parentDisplayName="Purchase Request" id="{ca17801b-d2d1-ee11-9079-000d3a3b9c87}" />
      </MissingDependency>
      <MissingDependency>
        <Required type="2" schemaName="govcdm_purchaserequest" displayName="Purchase Request" parentSchemaName="govcdm_purchaserequestitem" parentDisplayName="Purchase Request Item" solution="govcdm_federalfinancial (1.0.0.0)" />
        <Dependent type="60" displayName="Main" parentDisplayName="Purchase Request Item" id="{7af9dde1-b0d6-ee11-9079-000d3a3b9c87}" />
      </MissingDependency>
      <MissingDependency>
        <Required type="2" schemaName="govcdm_purchaserequestid" displayName="Purchase Request" parentSchemaName="govcdm_purchaserequest" parentDisplayName="Purchase Request" solution="govcdm_federalfinancial (1.0.0.0)" />
        <Dependent type="10" schemaName="bpf_govcdm_purchaserequest_msfed_purchaserequestprocess" displayName="bpf_govcdm_purchaserequest_msfed_purchaserequestprocess" parentSchemaName="govcdm_purchaserequest" parentDisplayName="Purchase Request" />
      </MissingDependency>
      <MissingDependency>
        <Required type="2" schemaName="govcdm_purchaserequestid" displayName="Purchase Request" parentSchemaName="govcdm_purchaserequest" parentDisplayName="Purchase Request" solution="govcdm_federalfinancial (1.0.0.0)" />
        <Dependent type="26" schemaName="Inactive Purchase Request Process on my Purchase Requests" displayName="Inactive Purchase Request Process on my Purchase Requests" parentSchemaName="msfed_purchaserequestprocess" parentDisplayName="Purchase Request Process" id="{0589e106-4009-4596-be7f-b4cfebda97bf}" />
      </MissingDependency>
      <MissingDependency>
        <Required type="2" schemaName="govcdm_purchaserequestid" displayName="Purchase Request" parentSchemaName="govcdm_purchaserequest" parentDisplayName="Purchase Request" solution="govcdm_federalfinancial (1.0.0.0)" />
        <Dependent type="26" schemaName="Purchase Requests" displayName="Purchase Requests" parentSchemaName="govcdm_purchaserequest" parentDisplayName="Purchase Request" id="{3d0ab013-dfd1-ee11-9079-000d3a3b9c87}" />
      </MissingDependency>
      <MissingDependency>
        <Required type="2" schemaName="govcdm_purchaserequestid" displayName="Purchase Request" parentSchemaName="govcdm_purchaserequest" parentDisplayName="Purchase Request" solution="govcdm_federalfinancial (1.0.0.0)" />
        <Dependent type="26" schemaName="Active Purchase Request Process on my Purchase Requests" displayName="Active Purchase Request Process on my Purchase Requests" parentSchemaName="msfed_purchaserequestprocess" parentDisplayName="Purchase Request Process" id="{866513d3-965e-484b-a0eb-f64b97cb7310}" />
      </MissingDependency>
      <MissingDependency>
        <Required type="2" schemaName="govcdm_purchaserequestid" displayName="Purchase Request" parentSchemaName="govcdm_purchaserequest" parentDisplayName="Purchase Request" solution="govcdm_federalfinancial (1.0.0.0)" />
        <Dependent type="29" displayName="Purchase Request Process" id="{5a26a0c1-68d6-ee11-9079-000d3a3b9c87}" />
      </MissingDependency>
      <MissingDependency>
        <Required type="2" schemaName="govcdm_purchaserequestid" displayName="Purchase Request" parentSchemaName="govcdm_purchaserequest" parentDisplayName="Purchase Request" solution="govcdm_federalfinancial (1.0.0.0)" />
        <Dependent type="59" schemaName="By Approval Status" displayName="By Approval Status" parentSchemaName="govcdm_purchaserequest" parentDisplayName="Purchase Request" id="{8d019642-b7d6-ee11-9079-000d3a3b9c87}" />
      </MissingDependency>
      <MissingDependency>
        <Required type="2" schemaName="govcdm_purchaserequestid" displayName="Purchase Request" parentSchemaName="govcdm_purchaserequest" parentDisplayName="Purchase Request" solution="govcdm_federalfinancial (1.0.0.0)" />
        <Dependent type="59" schemaName="By Office" displayName="By Office" parentSchemaName="govcdm_purchaserequest" parentDisplayName="Purchase Request" id="{c780b010-b7d6-ee11-9079-000d3a3b9c87}" />
      </MissingDependency>
      <MissingDependency>
        <Required type="2" schemaName="govcdm_purchaserequestitemid" displayName="Purchase Request Item" parentSchemaName="govcdm_purchaserequestitem" parentDisplayName="Purchase Request Item" solution="govcdm_federalfinancial (1.0.0.0)" />
        <Dependent type="26" schemaName="Purchase Request Items" displayName="Purchase Request Items" parentSchemaName="govcdm_purchaserequestitem" parentDisplayName="Purchase Request Item" id="{8a12be03-09d7-ee11-9079-000d3a3b9c87}" />
      </MissingDependency>
      <MissingDependency>
        <Required type="2" schemaName="govcdm_quantity" displayName="Quantity" parentSchemaName="govcdm_purchaserequestitem" parentDisplayName="Purchase Request Item" solution="govcdm_federalfinancial (1.0.0.0)" />
        <Dependent type="26" schemaName="Purchase Request Items" displayName="Purchase Request Items" parentSchemaName="govcdm_purchaserequestitem" parentDisplayName="Purchase Request Item" id="{8a12be03-09d7-ee11-9079-000d3a3b9c87}" />
      </MissingDependency>
      <MissingDependency>
        <Required type="2" schemaName="govcdm_quantity" displayName="Quantity" parentSchemaName="govcdm_purchaserequestitem" parentDisplayName="Purchase Request Item" solution="govcdm_federalfinancial (1.0.0.0)" />
        <Dependent type="60" displayName="Main" parentDisplayName="Purchase Request Item" id="{7af9dde1-b0d6-ee11-9079-000d3a3b9c87}" />
      </MissingDependency>
      <MissingDependency>
        <Required type="2" schemaName="govcdm_receivingoffice" displayName="Receiving Office" parentSchemaName="govcdm_purchaserequest" parentDisplayName="Purchase Request" solution="govcdm_federalfinancial (1.0.0.0)" />
        <Dependent type="60" displayName="Main" parentDisplayName="Purchase Request" id="{ca17801b-d2d1-ee11-9079-000d3a3b9c87}" />
      </MissingDependency>
      <MissingDependency>
        <Required type="2" schemaName="govcdm_shiptoaddress1" displayName="Ship To Address 1" parentSchemaName="govcdm_purchaserequest" parentDisplayName="Purchase Request" solution="govcdm_federalfinancial (1.0.0.0)" />
        <Dependent type="60" displayName="Main" parentDisplayName="Purchase Request" id="{ca17801b-d2d1-ee11-9079-000d3a3b9c87}" />
      </MissingDependency>
      <MissingDependency>
        <Required type="2" schemaName="govcdm_shiptoaddress2" displayName="Ship To Address 2" parentSchemaName="govcdm_purchaserequest" parentDisplayName="Purchase Request" solution="govcdm_federalfinancial (1.0.0.0)" />
        <Dependent type="60" displayName="Main" parentDisplayName="Purchase Request" id="{ca17801b-d2d1-ee11-9079-000d3a3b9c87}" />
      </MissingDependency>
      <MissingDependency>
        <Required type="2" schemaName="govcdm_shiptoaddresscity" displayName="Ship To Address City" parentSchemaName="govcdm_purchaserequest" parentDisplayName="Purchase Request" solution="govcdm_federalfinancial (1.0.0.0)" />
        <Dependent type="60" displayName="Main" parentDisplayName="Purchase Request" id="{ca17801b-d2d1-ee11-9079-000d3a3b9c87}" />
      </MissingDependency>
      <MissingDependency>
        <Required type="2" schemaName="govcdm_shiptoaddressstate" displayName="Ship To Address State" parentSchemaName="govcdm_purchaserequest" parentDisplayName="Purchase Request" solution="govcdm_federalfinancial (1.0.0.0)" />
        <Dependent type="60" displayName="Main" parentDisplayName="Purchase Request" id="{ca17801b-d2d1-ee11-9079-000d3a3b9c87}" />
      </MissingDependency>
      <MissingDependency>
        <Required type="2" schemaName="govcdm_shiptoaddresszip" displayName="Ship To Address Zip" parentSchemaName="govcdm_purchaserequest" parentDisplayName="Purchase Request" solution="govcdm_federalfinancial (1.0.0.0)" />
        <Dependent type="60" displayName="Main" parentDisplayName="Purchase Request" id="{ca17801b-d2d1-ee11-9079-000d3a3b9c87}" />
      </MissingDependency>
      <MissingDependency>
        <Required type="2" schemaName="govcdm_shiptooffice" displayName="Ship To Office" parentSchemaName="govcdm_purchaserequest" parentDisplayName="Purchase Request" solution="govcdm_federalfinancial (1.0.0.0)" />
        <Dependent type="60" displayName="Main" parentDisplayName="Purchase Request" id="{ca17801b-d2d1-ee11-9079-000d3a3b9c87}" />
      </MissingDependency>
      <MissingDependency>
        <Required type="2" schemaName="govcdm_tooffice" displayName="To Office" parentSchemaName="govcdm_purchaserequest" parentDisplayName="Purchase Request" solution="govcdm_federalfinancial (1.0.0.0)" />
        <Dependent type="26" schemaName="Purchase Requests" displayName="Purchase Requests" parentSchemaName="govcdm_purchaserequest" parentDisplayName="Purchase Request" id="{3d0ab013-dfd1-ee11-9079-000d3a3b9c87}" />
      </MissingDependency>
      <MissingDependency>
        <Required type="2" schemaName="govcdm_tooffice" displayName="To Office" parentSchemaName="govcdm_purchaserequest" parentDisplayName="Purchase Request" solution="govcdm_federalfinancial (1.0.0.0)" />
        <Dependent type="60" displayName="Main" parentDisplayName="Purchase Request" id="{ca17801b-d2d1-ee11-9079-000d3a3b9c87}" />
      </MissingDependency>
      <MissingDependency>
        <Required type="2" schemaName="govcdm_unitofissue" displayName="Unit of Issue" parentSchemaName="govcdm_purchaserequestitem" parentDisplayName="Purchase Request Item" solution="govcdm_federalfinancial (1.0.0.0)" />
        <Dependent type="26" schemaName="Purchase Request Items" displayName="Purchase Request Items" parentSchemaName="govcdm_purchaserequestitem" parentDisplayName="Purchase Request Item" id="{8a12be03-09d7-ee11-9079-000d3a3b9c87}" />
      </MissingDependency>
      <MissingDependency>
        <Required type="2" schemaName="govcdm_unitofissue" displayName="Unit of Issue" parentSchemaName="govcdm_purchaserequestitem" parentDisplayName="Purchase Request Item" solution="govcdm_federalfinancial (1.0.0.0)" />
        <Dependent type="60" displayName="Main" parentDisplayName="Purchase Request Item" id="{7af9dde1-b0d6-ee11-9079-000d3a3b9c87}" />
      </MissingDependency>
      <MissingDependency>
        <Required type="2" schemaName="govcdm_unitprice" displayName="Unit Price" parentSchemaName="govcdm_purchaserequestitem" parentDisplayName="Purchase Request Item" solution="govcdm_federalfinancial (1.0.0.0)" />
        <Dependent type="26" schemaName="Purchase Request Items" displayName="Purchase Request Items" parentSchemaName="govcdm_purchaserequestitem" parentDisplayName="Purchase Request Item" id="{8a12be03-09d7-ee11-9079-000d3a3b9c87}" />
      </MissingDependency>
      <MissingDependency>
        <Required type="2" schemaName="govcdm_unitprice" displayName="Unit Price" parentSchemaName="govcdm_purchaserequestitem" parentDisplayName="Purchase Request Item" solution="govcdm_federalfinancial (1.0.0.0)" />
        <Dependent type="60" displayName="Main" parentDisplayName="Purchase Request Item" id="{7af9dde1-b0d6-ee11-9079-000d3a3b9c87}" />
      </MissingDependency>
      <MissingDependency>
        <Required type="2" schemaName="ownerid" displayName="Owner" parentSchemaName="govcdm_budget" parentDisplayName="Budget" solution="Active" />
        <Dependent type="60" displayName="Main" parentDisplayName="Budget" id="{1fa86d59-fb78-ee11-8179-6045bd0062b9}" />
      </MissingDependency>
      <MissingDependency>
        <Required type="2" schemaName="ownerid" displayName="Owner" parentSchemaName="govcdm_budgetlineitem" parentDisplayName="Budget Line Item" solution="Active" />
        <Dependent type="60" displayName="Main" parentDisplayName="Budget Line Item" id="{9344d243-0179-ee11-8179-6045bd0062b9}" />
      </MissingDependency>
      <MissingDependency>
        <Required type="2" schemaName="ownerid" displayName="Owner" parentSchemaName="govcdm_budgetobjectclassification" parentDisplayName="Budget Object Classification" solution="Active" />
        <Dependent type="60" displayName="Main" parentDisplayName="Budget Object Classification" id="{aaacce2f-a9d6-ee11-9079-000d3a3b9c87}" />
      </MissingDependency>
      <MissingDependency>
        <Required type="2" schemaName="ownerid" displayName="Owner" parentSchemaName="govcdm_purchaserequest" parentDisplayName="Purchase Request" solution="Active" />
        <Dependent type="26" schemaName="Inactive Purchase Request Process on my Purchase Requests" displayName="Inactive Purchase Request Process on my Purchase Requests" parentSchemaName="msfed_purchaserequestprocess" parentDisplayName="Purchase Request Process" id="{0589e106-4009-4596-be7f-b4cfebda97bf}" />
      </MissingDependency>
      <MissingDependency>
        <Required type="2" schemaName="ownerid" displayName="Owner" parentSchemaName="govcdm_purchaserequest" parentDisplayName="Purchase Request" solution="Active" />
        <Dependent type="26" schemaName="Active Purchase Request Process on my Purchase Requests" displayName="Active Purchase Request Process on my Purchase Requests" parentSchemaName="msfed_purchaserequestprocess" parentDisplayName="Purchase Request Process" id="{866513d3-965e-484b-a0eb-f64b97cb7310}" />
      </MissingDependency>
      <MissingDependency>
        <Required type="2" schemaName="ownerid" displayName="Owner" parentSchemaName="govcdm_purchaserequest" parentDisplayName="Purchase Request" solution="Active" />
        <Dependent type="60" displayName="Main" parentDisplayName="Purchase Request" id="{ca17801b-d2d1-ee11-9079-000d3a3b9c87}" />
      </MissingDependency>
      <MissingDependency>
        <Required type="2" schemaName="ownerid" displayName="Owner" parentSchemaName="govcdm_purchaserequestitem" parentDisplayName="Purchase Request Item" solution="Active" />
        <Dependent type="60" displayName="Main" parentDisplayName="Purchase Request Item" id="{7af9dde1-b0d6-ee11-9079-000d3a3b9c87}" />
      </MissingDependency>
      <MissingDependency>
        <Required type="2" schemaName="statecode" displayName="Status" parentSchemaName="govcdm_purchaserequest" parentDisplayName="Purchase Request" solution="govcdm_federalfinancial (1.0.0.0)" />
        <Dependent type="29" displayName="Purchase Request Process" id="{5a26a0c1-68d6-ee11-9079-000d3a3b9c87}" />
      </MissingDependency>
      <MissingDependency>
        <Required type="2" schemaName="statecode" displayName="Status" parentSchemaName="govcdm_purchaserequest" parentDisplayName="Purchase Request" solution="govcdm_federalfinancial (1.0.0.0)" />
        <Dependent type="60" displayName="Information" parentDisplayName="Purchase Request Process" id="{94d07318-e8e9-48cf-8121-12d2287c4126}" />
      </MissingDependency>
      <MissingDependency>
        <Required type="26" schemaName="Active Budget Line Items" displayName="Active Budget Line Items" parentSchemaName="govcdm_budgetlineitem" parentDisplayName="Budget Line Item" solution="govcdm_federalfinancial (1.0.0.0)" id="{bca1260a-93c3-4ff9-9472-bbbc00f959fb}" />
        <Dependent type="60" displayName="Main" parentDisplayName="Budget" id="{1fa86d59-fb78-ee11-8179-6045bd0062b9}" />
      </MissingDependency>
      <MissingDependency>
        <Required type="26" schemaName="Active Purchase Request Items" displayName="Active Purchase Request Items" parentSchemaName="govcdm_purchaserequestitem" parentDisplayName="Purchase Request Item" solution="govcdm_federalfinancial (1.0.0.0)" id="{3ffe1ea9-51c7-4417-8788-01ff0f80d457}" />
        <Dependent type="60" displayName="Main" parentDisplayName="Purchase Request" id="{ca17801b-d2d1-ee11-9079-000d3a3b9c87}" />
      </MissingDependency>
      <MissingDependency>
        <Required type="26" schemaName="All Contacts" displayName="All Contacts" parentSchemaName="contact" parentDisplayName="Person" solution="msdynce_AppCommon (9.0.4.0066)" id="{0d5d377b-5e7c-47b5-bab1-a5cb8b4ac105}" />
        <Dependent type="80" schemaName="msfed_FederalFinancial" displayName="Federal Financial" />
      </MissingDependency>
      <MissingDependency>
        <Required type="26" schemaName="Budget Object Classification Advanced Find View" displayName="Budget Object Classification Advanced Find View" parentSchemaName="govcdm_budgetobjectclassification" parentDisplayName="Budget Object Classification" solution="govcdm_federalfinancial (1.0.0.0)" id="{ed20cce3-8ef7-46e8-8a12-5d8531bd6b08}" />
        <Dependent type="80" schemaName="msfed_FederalFinancial" displayName="Federal Financial" />
      </MissingDependency>
      <MissingDependency>
        <Required type="26" schemaName="Budget Object Classification Associated View" displayName="Budget Object Classification Associated View" parentSchemaName="govcdm_budgetobjectclassification" parentDisplayName="Budget Object Classification" solution="govcdm_federalfinancial (1.0.0.0)" id="{cfa29e8e-1995-4056-9458-f8193ac069e1}" />
        <Dependent type="80" schemaName="msfed_FederalFinancial" displayName="Federal Financial" />
      </MissingDependency>
      <MissingDependency>
        <Required type="26" schemaName="Budget Object Classification Lookup View" displayName="Budget Object Classification Lookup View" parentSchemaName="govcdm_budgetobjectclassification" parentDisplayName="Budget Object Classification" solution="govcdm_federalfinancial (1.0.0.0)" id="{4d286406-3306-434e-a5ff-b8ed6e95ae4b}" />
        <Dependent type="80" schemaName="msfed_FederalFinancial" displayName="Federal Financial" />
      </MissingDependency>
      <MissingDependency>
        <Required type="26" schemaName="Purchase Request Advanced Find View" displayName="Purchase Request Advanced Find View" parentSchemaName="govcdm_purchaserequest" parentDisplayName="Purchase Request" solution="govcdm_federalfinancial (1.0.0.0)" id="{3d225ab2-0bdc-415d-8315-5c4dee3f374b}" />
        <Dependent type="80" schemaName="msfed_FederalFinancial" displayName="Federal Financial" />
      </MissingDependency>
      <MissingDependency>
        <Required type="26" schemaName="Purchase Request Associated View" displayName="Purchase Request Associated View" parentSchemaName="govcdm_purchaserequest" parentDisplayName="Purchase Request" solution="govcdm_federalfinancial (1.0.0.0)" id="{6da651f0-e454-442d-9b73-c7fb02435a82}" />
        <Dependent type="80" schemaName="msfed_FederalFinancial" displayName="Federal Financial" />
      </MissingDependency>
      <MissingDependency>
        <Required type="26" schemaName="Purchase Request Lookup View" displayName="Purchase Request Lookup View" parentSchemaName="govcdm_purchaserequest" parentDisplayName="Purchase Request" solution="govcdm_federalfinancial (1.0.0.0)" id="{0c89648f-1d39-466d-b819-5821dedd7d46}" />
        <Dependent type="80" schemaName="msfed_FederalFinancial" displayName="Federal Financial" />
      </MissingDependency>
      <MissingDependency>
        <Required type="26" schemaName="Quick Find Active Budget Object Classifications" displayName="Quick Find Active Budget Object Classifications" parentSchemaName="govcdm_budgetobjectclassification" parentDisplayName="Budget Object Classification" solution="govcdm_federalfinancial (1.0.0.0)" id="{a5c638a8-155a-43bc-9fa3-336aa693088c}" />
        <Dependent type="80" schemaName="msfed_FederalFinancial" displayName="Federal Financial" />
      </MissingDependency>
      <MissingDependency>
        <Required type="26" schemaName="Quick Find Active Purchase Requests" displayName="Quick Find Active Purchase Requests" parentSchemaName="govcdm_purchaserequest" parentDisplayName="Purchase Request" solution="govcdm_federalfinancial (1.0.0.0)" id="{5a31e9ae-2d21-43d3-abf3-0d9eaa0312a2}" />
        <Dependent type="80" schemaName="msfed_FederalFinancial" displayName="Federal Financial" />
      </MissingDependency>
      <MissingDependency>
        <Required type="60" displayName="Project Requests" solution="Active" id="{b36e4776-e674-ee11-9ae7-6045bd0062b9}" />
        <Dependent type="80" schemaName="msfed_FederalFinancial" displayName="Federal Financial" />
      </MissingDependency>
      <MissingDependency>
        <Required type="61" schemaName="msdyn_/Images/AppModule_Default_Icon.png" displayName="msdyn_/Images/AppModule_Default_Icon.png" solution="AppModuleWebResources (2.5)" />
        <Dependent type="80" schemaName="msfed_FederalFinancial" displayName="Federal Financial" />
      </MissingDependency>
    </MissingDependencies>
  </SolutionManifest>
</ImportExportXml>