﻿<?xml version="1.0" encoding="utf-8"?>
<ImportExportXml xmlns:xsi="http://www.w3.org/2001/XMLSchema-instance">
  <Entities>
    <Entity>
      <Name LocalizedName="Asset" OriginalName="Asset">govcdm_Asset</Name>
      <FormXml>
        <forms type="main">
          <systemform>
            <formid>{dbbe5988-ed95-4a66-ab55-b6e253268852}</formid>
            <IntroducedVersion>1.0</IntroducedVersion>
            <FormPresentation>1</FormPresentation>
            <FormActivationState>1</FormActivationState>
            <form headerdensity="HighWithControls" solutionaction="Modified">
              <tabs>
                <tab verticallayout="true" id="{ad20a24c-780e-40d9-8713-3a8ca2229e53}" IsUserDefined="1" ordinalvalue="0">
                  <columns>
                    <column width="100%" id="0">
                      <sections>
                        <section showlabel="true" showbar="false" IsUserDefined="0" id="{323ea1e3-1edf-4082-9036-4490bf8ade84}" columns="11" ordinalvalue="0" solutionaction="Modified">
                          <labels>
                            <label description="Asset Information" languagecode="1033" solutionaction="Modified" />
                          </labels>
                          <rows>
                            <row>
                              <cell id="{d85ff018-90b5-4073-829a-7dc1298dbd40}" ordinalvalue="10001" solutionaction="Removed" />
                            </row>
                            <row>
                              <cell id="{9a54c6cc-8baa-433d-be4e-d7b3e6a070f7}" locklevel="0" colspan="1" rowspan="1" ordinalvalue="20001" solutionaction="Added">
                                <labels>
                                  <label description="Acquired Date Time" languagecode="1033" />
                                </labels>
                                <control id="govcdm_acquireddatetime" classid="{5B773807-9FB2-42DB-97C3-7A91EFF8ADFF}" datafieldname="govcdm_acquireddatetime" disabled="false" />
                              </cell>
                            </row>
                            <row>
                              <cell id="{8b26d48a-cd72-44b9-8ef6-cbac78d93bae}" locklevel="0" colspan="1" rowspan="1" ordinalvalue="10002" solutionaction="Added">
                                <labels>
                                  <label description="Asset Category" languagecode="1033" />
                                </labels>
                                <control id="govcdm_assetcategory" classid="{270BD3DB-D9AF-4782-9025-509E298DEC0A}" datafieldname="govcdm_assetcategory" disabled="false" />
                              </cell>
                              <cell id="{ade16288-8cbc-4f2c-b1e8-447b4ed4f5c4}" locklevel="0" colspan="1" rowspan="1" ordinalvalue="20003" solutionaction="Added">
                                <labels>
                                  <label description="Current Owner" languagecode="1033" />
                                </labels>
                                <control id="govcdm_currentowner" classid="{270BD3DB-D9AF-4782-9025-509E298DEC0A}" datafieldname="govcdm_currentowner" disabled="false" />
                              </cell>
                            </row>
                            <row>
                              <cell id="{fffea280-7e83-4947-96d8-7794ca7c7964}" locklevel="0" colspan="1" rowspan="1" ordinalvalue="10004" solutionaction="Added">
                                <labels>
                                  <label description="Related Product" languagecode="1033" />
                                </labels>
                                <control id="govcdm_relatedproduct" classid="{270BD3DB-D9AF-4782-9025-509E298DEC0A}" datafieldname="govcdm_relatedproduct" disabled="false" />
                              </cell>
                              <cell id="{bafb71a3-2942-49ae-ba72-d046e16f86b9}" locklevel="0" colspan="1" rowspan="4" ordinalvalue="20005" solutionaction="Added">
                                <labels>
                                  <label description="Description" languagecode="1033" />
                                </labels>
                                <control id="govcdm_description" classid="{E0DECE4B-6FC8-4A8F-A065-082708572369}" datafieldname="govcdm_description" disabled="false" />
                              </cell>
                            </row>
                            <row>
                              <cell id="{90842fde-ce5b-4a3c-86bb-9ba75735ba04}" locklevel="0" colspan="1" rowspan="1" ordinalvalue="10006" solutionaction="Added">
                                <labels>
                                  <label description="Asset Number" languagecode="1033" />
                                </labels>
                                <control id="govcdm_assetnumber" classid="{4273EDBD-AC1D-40D3-9FB2-095C621B552D}" datafieldname="govcdm_assetnumber" disabled="false" />
                              </cell>
                            </row>
                          </rows>
                        </section>
                        <section name="null_section_4" id="3c4ad7c9-1983-44fd-8b84-5d33ebadd0e9" IsUserDefined="0" locklevel="0" showlabel="true" showbar="false" layout="varwidth" celllabelalignment="Left" celllabelposition="Left" columns="1" labelwidth="115" ordinalvalue="1" solutionaction="Added">
                          <labels>
                            <label description="Ownership History" languagecode="1033" />
                          </labels>
                          <rows>
                            <row />
                            <row>
                              <cell locklevel="0" id="{359aa662-02a9-4070-b23a-6ae3c83ec4b0}" rowspan="4" colspan="1" auto="false" showlabel="false" ordinalvalue="10000">
                                <labels>
                                  <label description="New SG control 1696012165396" languagecode="1033" />
                                </labels>
                                <control indicationOfSubgrid="true" id="Subgrid_new_1" classid="{E7A81278-8635-4D9E-8D4D-59480B391C5B}">
                                  <parameters>
                                    <RecordsPerPage>4</RecordsPerPage>
                                    <AutoExpand>Fixed</AutoExpand>
                                    <EnableQuickFind>false</EnableQuickFind>
                                    <EnableViewPicker>false</EnableViewPicker>
                                    <EnableChartPicker>true</EnableChartPicker>
                                    <ChartGridMode>All</ChartGridMode>
                                    <TargetEntityType>govcdm_assetowner</TargetEntityType>
                                    <ViewId>{82D654EF-FB5E-EE11-BE6F-6045BDA7EB80}</ViewId>
                                    <ViewIds>{188E0AD1-B5D2-4542-9B02-CB4C2176FEAD},{82D654EF-FB5E-EE11-BE6F-6045BDA7EB80}</ViewIds>
                                    <RelationshipName>govcdm_govcdm_assetowner_Asset_govcdm_asset</RelationshipName>
                                  </parameters>
                                </control>
                              </cell>
                            </row>
                            <row />
                            <row />
                            <row />
                          </rows>
                        </section>
                        <section name="null_section_4" id="26bcf070-68ad-4e3b-af6b-6257ca838f4e" IsUserDefined="0" locklevel="0" showlabel="true" showbar="false" layout="varwidth" celllabelalignment="Left" celllabelposition="Left" columns="1" labelwidth="115" ordinalvalue="2" solutionaction="Added">
                          <labels>
                            <label description="Service History" languagecode="1033" />
                          </labels>
                          <rows>
                            <row />
                            <row>
                              <cell locklevel="0" id="{b227e6a8-bef5-47fc-a75e-84dd9043ac86}" rowspan="4" colspan="1" auto="false" showlabel="false" ordinalvalue="10000">
                                <labels>
                                  <label description="New SG control 1696012186645" languagecode="1033" />
                                </labels>
                                <control indicationOfSubgrid="true" id="Subgrid_new_2" classid="{E7A81278-8635-4D9E-8D4D-59480B391C5B}">
                                  <parameters>
                                    <RecordsPerPage>4</RecordsPerPage>
                                    <AutoExpand>Fixed</AutoExpand>
                                    <EnableQuickFind>false</EnableQuickFind>
                                    <EnableViewPicker>false</EnableViewPicker>
                                    <EnableChartPicker>true</EnableChartPicker>
                                    <ChartGridMode>All</ChartGridMode>
                                    <TargetEntityType>govcdm_assetservicerecord</TargetEntityType>
                                    <ViewId>{70B74706-FC5E-EE11-BE6F-6045BDA7EB80}</ViewId>
                                    <ViewIds>{5508DB89-BB19-410E-9871-798948825A94},{70B74706-FC5E-EE11-BE6F-6045BDA7EB80}</ViewIds>
                                    <RelationshipName>govcdm_govcdm_assetservicerecord_Asset_govcdm_as</RelationshipName>
                                  </parameters>
                                </control>
                              </cell>
                            </row>
                            <row />
                            <row />
                            <row />
                          </rows>
                        </section>
                      </sections>
                    </column>
                  </columns>
                </tab>
              </tabs>
              <header id="{166ddef4-715a-4e90-abbb-9ec9ee9b006c}" celllabelposition="Top" columns="111" labelwidth="115" celllabelalignment="Left" solutionaction="Added">
                <rows>
                  <row>
                    <cell id="{876faccc-1e44-4617-9992-734ae2c0cdd6}" showlabel="false" ordinalvalue="10000">
                      <labels>
                        <label description="" languagecode="1033" />
                      </labels>
                    </cell>
                    <cell id="{9ea1544a-e346-467a-8faf-0d674592e959}" showlabel="false" ordinalvalue="20001">
                      <labels>
                        <label description="" languagecode="1033" />
                      </labels>
                    </cell>
                    <cell id="{dba4dd4b-1c7c-4953-b282-4469971eaf95}" showlabel="false" ordinalvalue="30002">
                      <labels>
                        <label description="" languagecode="1033" />
                      </labels>
                    </cell>
                    <cell id="{1e6b7210-19cd-4b14-ace2-a1a8850f4f99}" locklevel="0" colspan="1" rowspan="1" ordinalvalue="40003">
                      <labels>
                        <label description="Parent Asset" languagecode="1033" />
                      </labels>
                      <control id="header_govcdm_parentasset" classid="{270BD3DB-D9AF-4782-9025-509E298DEC0A}" datafieldname="govcdm_parentasset" disabled="false" />
                    </cell>
                  </row>
                </rows>
              </header>
              <footer id="{564b69d4-52cb-45c2-b752-f7b925cd1698}" celllabelposition="Top" columns="111" labelwidth="115" celllabelalignment="Left" solutionaction="Added">
                <rows>
                  <row>
                    <cell id="{61aa9779-22db-4b87-9f01-2bef376a55c5}" showlabel="false" ordinalvalue="10000">
                      <labels>
                        <label description="" languagecode="1033" />
                      </labels>
                    </cell>
                    <cell id="{9276947e-a090-48d9-87ea-1954c7200a4b}" showlabel="false" ordinalvalue="20001">
                      <labels>
                        <label description="" languagecode="1033" />
                      </labels>
                    </cell>
                    <cell id="{62572192-52ad-4a24-ac3f-7160222fe74b}" showlabel="false" ordinalvalue="30002">
                      <labels>
                        <label description="" languagecode="1033" />
                      </labels>
                    </cell>
                  </row>
                </rows>
              </footer>
              <DisplayConditions Order="0" FallbackForm="true" solutionaction="Added">
                <Everyone />
              </DisplayConditions>
            </form>
            <LocalizedNames>
              <LocalizedName description="Information" languagecode="1033" />
            </LocalizedNames>
            <Descriptions>
              <Description description="A form for this entity." languagecode="1033" />
            </Descriptions>
          </systemform>
        </forms>
      </FormXml>
      <SavedQueries>
        <savedqueries>
          <savedquery>
            <isquickfindquery>0</isquickfindquery>
            <isprivate>0</isprivate>
            <isdefault>1</isdefault>
            <savedqueryid>{bab44290-fe08-4172-a208-c3d7b359ee4c}</savedqueryid>
            <layoutxml>
              <grid name="resultset" jump="govcdm_name" select="1" icon="1" preview="1">
                <row name="result" id="govcdm_assetid">
                  <cell name="govcdm_assetnumber" width="127" />
                  <cell name="govcdm_name" width="300" />
                  <cell name="govcdm_assetcategory" width="126" />
                  <cell name="govcdm_acquireddatetime" width="155" />
                  <cell name="govcdm_currentowner" width="155" />
                </row>
              </grid>
            </layoutxml>
            <querytype>0</querytype>
            <fetchxml>
              <fetch version="1.0" mapping="logical">
                <entity name="govcdm_asset">
                  <attribute name="govcdm_assetid" />
                  <attribute name="govcdm_name" />
                  <order attribute="govcdm_name" descending="false" />
                  <filter type="and">
                    <condition attribute="statecode" operator="eq" value="0" />
                  </filter>
                  <attribute name="govcdm_assetnumber" />
                  <attribute name="govcdm_currentowner" />
                  <attribute name="govcdm_assetcategory" />
                  <attribute name="govcdm_acquireddatetime" />
                </entity>
              </fetch>
            </fetchxml>
            <IntroducedVersion>1.0</IntroducedVersion>
            <LocalizedNames>
              <LocalizedName description="Active Assets" languagecode="1033" />
            </LocalizedNames>
          </savedquery>
        </savedqueries>
      </SavedQueries>
      <RibbonDiffXml>
        <CustomActions />
        <Templates>
          <RibbonTemplates Id="Mscrm.Templates"></RibbonTemplates>
        </Templates>
        <CommandDefinitions />
        <RuleDefinitions>
          <TabDisplayRules />
          <DisplayRules />
          <EnableRules />
        </RuleDefinitions>
        <LocLabels />
      </RibbonDiffXml>
    </Entity>
    <Entity>
      <Name LocalizedName="Asset Category" OriginalName="Asset Category">govcdm_assetcategory</Name>
      <FormXml>
        <forms type="quickCreate">
          <systemform>
            <formid>{98f918b0-f95e-ee11-be6f-6045bda7eb80}</formid>
            <IntroducedVersion>1.0.0.0</IntroducedVersion>
            <FormPresentation>1</FormPresentation>
            <FormActivationState>1</FormActivationState>
            <form>
              <tabs>
                <tab id="F931FFE2-B873-473F-8F95-9502F0AA3F5E" name="tab_1" showlabel="false" labelid="{5415214a-8fc6-48c9-b43b-c719c939655e}">
                  <labels>
                    <label description="New Tab" languagecode="1033" />
                  </labels>
                  <columns>
                    <column width="34%">
                      <sections>
                        <section id="0C655D4E-C6E3-424E-9AF5-71E72D30D12E" name="tab_1_column_1_section_1" columns="1" showlabel="true" showbar="false" IsUserDefined="0" labelwidth="130" labelid="{6202aaec-cac4-4a53-9028-9be792a1c9d8}">
                          <labels>
                            <label description="New Section" languagecode="1033" />
                          </labels>
                          <rows>
                            <row>
                              <cell id="542FBFBE-0E4C-496C-8012-555DE6581923" labelid="{6e3cb2ef-9a6a-4ddb-bb2c-f547b3017d92}">
                                <labels>
                                  <label description="" languagecode="1033" />
                                </labels>
                              </cell>
                            </row>
                            <row>
                              <cell id="{065eb31d-ac15-4972-8928-b973e39e108a}" locklevel="0" colspan="1" rowspan="1" labelid="{b1fde835-bce5-4d1a-8115-df14e8aac966}">
                                <labels>
                                  <label description="Parent Asset Category" languagecode="1033" />
                                </labels>
                                <control id="govcdm_parentassetcategory" classid="{270BD3DB-D9AF-4782-9025-509E298DEC0A}" datafieldname="govcdm_parentassetcategory" disabled="false" />
                              </cell>
                            </row>
                            <row>
                              <cell id="{38c4c9bc-a90a-47db-a777-63a3615e8b48}" locklevel="0" colspan="1" rowspan="1" labelid="{d17d37f2-25bd-44ee-94f4-9d8ea0273108}">
                                <labels>
                                  <label description="Name" languagecode="1033" />
                                </labels>
                                <control id="govcdm_name" classid="{4273EDBD-AC1D-40D3-9FB2-095C621B552D}" datafieldname="govcdm_name" disabled="false" />
                              </cell>
                            </row>
                          </rows>
                        </section>
                      </sections>
                    </column>
                    <column width="33%">
                      <sections>
                        <section id="02DECBA0-3AE2-484D-A19F-C5353AF4F4F2" name="tab_1_column_2_section_1" columns="1" showlabel="true" showbar="false" IsUserDefined="0" labelwidth="130" labelid="{31eb4b88-8253-4b60-b592-b5d869f2c0b4}">
                          <labels>
                            <label description="New Section" languagecode="1033" />
                          </labels>
                          <rows>
                            <row>
                              <cell id="266FE48D-4D04-4E9A-8C5A-7DEF9A2F059B" labelid="{938f9975-6479-4bde-aa6b-06da3d0f1993}">
                                <labels>
                                  <label description="" languagecode="1033" />
                                </labels>
                              </cell>
                            </row>
                          </rows>
                        </section>
                      </sections>
                    </column>
                    <column width="33%">
                      <sections>
                        <section id="46FD66EA-B686-41D9-AAE0-C565BD78EC1F" name="tab_1_column_3_section_1" columns="1" showlabel="true" showbar="false" IsUserDefined="0" labelwidth="130" labelid="{d306ca18-e953-482b-bb8c-f1048d1e668f}">
                          <labels>
                            <label description="New Section" languagecode="1033" />
                          </labels>
                          <rows>
                            <row>
                              <cell id="07C04A4E-A482-45CC-BAB7-7FCA3CD02938" labelid="{bd4d3507-5eaf-4462-872e-b875ef6cc28d}">
                                <labels>
                                  <label description="" languagecode="1033" />
                                </labels>
                              </cell>
                            </row>
                          </rows>
                        </section>
                      </sections>
                    </column>
                  </columns>
                </tab>
              </tabs>
              <DisplayConditions Order="0" FallbackForm="true">
                <Role Id="{627090ff-40a3-4053-8790-584edc5be201}" />
                <Role Id="{119f245c-3cc8-4b62-b31c-d1a046ced15d}" />
              </DisplayConditions>
            </form>
            <IsCustomizable>1</IsCustomizable>
            <CanBeDeleted>1</CanBeDeleted>
            <LocalizedNames>
              <LocalizedName description="Quick Create" languagecode="1033" />
            </LocalizedNames>
          </systemform>
        </forms>
        <forms type="main">
          <systemform>
            <formid>{ef600ec6-0168-4a4e-b504-d3731ff94ff5}</formid>
            <IntroducedVersion>1.0</IntroducedVersion>
            <FormPresentation>1</FormPresentation>
            <FormActivationState>1</FormActivationState>
            <form headerdensity="HighWithControls" solutionaction="Modified">
              <tabs>
                <tab verticallayout="true" id="{57ff24b4-38a9-45b0-99d1-523a16eeaf6a}" IsUserDefined="1" ordinalvalue="0">
                  <columns>
                    <column width="100%" id="0">
                      <sections>
                        <section name="null_section_3" id="c5568fa0-c481-4f12-b439-07a792576d43" IsUserDefined="0" locklevel="0" showlabel="true" showbar="false" layout="varwidth" celllabelalignment="Left" celllabelposition="Left" columns="1" labelwidth="115" ordinalvalue="1" solutionaction="Added">
                          <labels>
                            <label description="Sub Categories" languagecode="1033" />
                          </labels>
                          <rows>
                            <row />
                            <row>
                              <cell locklevel="0" id="{2031118e-fe16-4028-a06f-6826d7f58d55}" rowspan="4" colspan="1" auto="false" showlabel="false" ordinalvalue="10000">
                                <labels>
                                  <label description="New SG control 1696013960184" languagecode="1033" />
                                </labels>
                                <control indicationOfSubgrid="true" id="Subgrid_new_1" classid="{E7A81278-8635-4D9E-8D4D-59480B391C5B}">
                                  <parameters>
                                    <RecordsPerPage>4</RecordsPerPage>
                                    <AutoExpand>Fixed</AutoExpand>
                                    <EnableQuickFind>false</EnableQuickFind>
                                    <EnableViewPicker>false</EnableViewPicker>
                                    <EnableChartPicker>true</EnableChartPicker>
                                    <ChartGridMode>All</ChartGridMode>
                                    <TargetEntityType>govcdm_assetcategory</TargetEntityType>
                                    <ViewId>{DA1A288D-4CBD-42D9-9B04-A4534F930D2B}</ViewId>
                                    <ViewIds>{DA1A288D-4CBD-42D9-9B04-A4534F930D2B}</ViewIds>
                                    <RelationshipName>govcdm_govcdm_assetcategory_ParentAssetCategory_</RelationshipName>
                                  </parameters>
                                </control>
                              </cell>
                            </row>
                            <row />
                            <row />
                            <row />
                          </rows>
                        </section>
                      </sections>
                    </column>
                  </columns>
                </tab>
              </tabs>
              <header id="{81e1dd70-02f7-4d0d-87c4-6f2a5e31cd54}" celllabelposition="Top" columns="111" labelwidth="115" celllabelalignment="Left" solutionaction="Added">
                <rows>
                  <row>
                    <cell id="{9ab9efd5-b67a-4a64-8c01-7819e49d51a7}" showlabel="false" ordinalvalue="10000">
                      <labels>
                        <label description="" languagecode="1033" />
                      </labels>
                    </cell>
                    <cell id="{60ecc616-390f-42e4-8be2-f51ca28f1058}" showlabel="false" ordinalvalue="20001">
                      <labels>
                        <label description="" languagecode="1033" />
                      </labels>
                    </cell>
                    <cell id="{1a124f12-80d2-4e66-b5dd-39a60b6dd123}" showlabel="false" ordinalvalue="30002">
                      <labels>
                        <label description="" languagecode="1033" />
                      </labels>
                    </cell>
                    <cell id="{c5e98ff7-7e63-43e0-9ed2-40cd0a2a29e2}" locklevel="0" colspan="1" rowspan="1" ordinalvalue="40003">
                      <labels>
                        <label description="Parent Asset Category" languagecode="1033" />
                      </labels>
                      <control id="header_govcdm_parentassetcategory" classid="{270BD3DB-D9AF-4782-9025-509E298DEC0A}" datafieldname="govcdm_parentassetcategory" disabled="false" />
                    </cell>
                  </row>
                </rows>
              </header>
              <footer id="{cff08103-b645-4827-b59f-bd0d9874b8dd}" celllabelposition="Top" columns="111" labelwidth="115" celllabelalignment="Left" solutionaction="Added">
                <rows>
                  <row>
                    <cell id="{0c8c4dc9-d9a6-4476-bc59-6162c4a77233}" showlabel="false" ordinalvalue="10000">
                      <labels>
                        <label description="" languagecode="1033" />
                      </labels>
                    </cell>
                    <cell id="{1feec5c2-0ca9-4b06-8d85-e0b5fd0bbd6c}" showlabel="false" ordinalvalue="20001">
                      <labels>
                        <label description="" languagecode="1033" />
                      </labels>
                    </cell>
                    <cell id="{f8762358-1fdb-4a5c-a156-aa5378b298b1}" showlabel="false" ordinalvalue="30002">
                      <labels>
                        <label description="" languagecode="1033" />
                      </labels>
                    </cell>
                  </row>
                </rows>
              </footer>
              <DisplayConditions Order="0" FallbackForm="true" solutionaction="Added">
                <Everyone />
              </DisplayConditions>
            </form>
            <LocalizedNames>
              <LocalizedName description="Information" languagecode="1033" />
            </LocalizedNames>
            <Descriptions>
              <Description description="A form for this entity." languagecode="1033" />
            </Descriptions>
          </systemform>
        </forms>
      </FormXml>
      <SavedQueries>
        <savedqueries>
          <savedquery>
            <isquickfindquery>0</isquickfindquery>
            <isprivate>0</isprivate>
            <isdefault>1</isdefault>
            <savedqueryid>{da1a288d-4cbd-42d9-9b04-a4534f930d2b}</savedqueryid>
            <layoutxml>
              <grid name="resultset" jump="govcdm_name" select="1" icon="1" preview="1">
                <row name="result" id="govcdm_assetcategoryid">
                  <cell name="govcdm_parentassetcategory" width="166" />
                  <cell name="govcdm_name" width="300" />
                  <cell name="createdon" width="125" />
                </row>
              </grid>
            </layoutxml>
            <querytype>0</querytype>
            <fetchxml>
              <fetch version="1.0" mapping="logical">
                <entity name="govcdm_assetcategory">
                  <attribute name="govcdm_assetcategoryid" />
                  <attribute name="govcdm_name" />
                  <attribute name="createdon" />
                  <filter type="and">
                    <condition attribute="statecode" operator="eq" value="0" />
                  </filter>
                  <attribute name="govcdm_parentassetcategory" />
                  <order attribute="govcdm_parentassetcategory" descending="false" />
                  <order attribute="govcdm_name" descending="false" />
                </entity>
              </fetch>
            </fetchxml>
            <IntroducedVersion>1.0</IntroducedVersion>
            <LocalizedNames>
              <LocalizedName description="Active Asset Categories" languagecode="1033" />
            </LocalizedNames>
          </savedquery>
        </savedqueries>
      </SavedQueries>
      <RibbonDiffXml>
        <CustomActions />
        <Templates>
          <RibbonTemplates Id="Mscrm.Templates"></RibbonTemplates>
        </Templates>
        <CommandDefinitions />
        <RuleDefinitions>
          <TabDisplayRules />
          <DisplayRules />
          <EnableRules />
        </RuleDefinitions>
        <LocLabels />
      </RibbonDiffXml>
    </Entity>
    <Entity>
      <Name LocalizedName="Asset Owner" OriginalName="Asset Owner">govcdm_AssetOwner</Name>
      <FormXml>
        <forms type="quickCreate">
          <systemform>
            <formid>{8cb61d93-f65e-ee11-be6f-6045bda7eb80}</formid>
            <IntroducedVersion>1.0.0.0</IntroducedVersion>
            <FormPresentation>1</FormPresentation>
            <FormActivationState>1</FormActivationState>
            <form>
              <tabs>
                <tab id="F931FFE2-B873-473F-8F95-9502F0AA3F5E" name="tab_1" showlabel="false" labelid="{14765840-3688-48f1-8757-455636835995}">
                  <labels>
                    <label description="New Tab" languagecode="1033" />
                  </labels>
                  <columns>
                    <column width="34%">
                      <sections>
                        <section id="0C655D4E-C6E3-424E-9AF5-71E72D30D12E" name="tab_1_column_1_section_1" columns="1" showlabel="true" showbar="false" IsUserDefined="0" labelwidth="130" labelid="{98afbb2a-0e32-47c4-9895-41e731b05745}">
                          <labels>
                            <label description="New Section" languagecode="1033" />
                          </labels>
                          <rows>
                            <row>
                              <cell id="542FBFBE-0E4C-496C-8012-555DE6581923" labelid="{fe06cfcd-0120-4497-bf4c-541095a52734}">
                                <labels>
                                  <label description="" languagecode="1033" />
                                </labels>
                              </cell>
                            </row>
                            <row>
                              <cell id="{3661c43c-c29a-4bdc-9609-39fae5831c41}" locklevel="0" colspan="1" rowspan="1" labelid="{6a05223e-9750-4d55-a35a-f356b1125fee}">
                                <labels>
                                  <label description="Asset" languagecode="1033" />
                                </labels>
                                <control id="govcdm_asset" classid="{270BD3DB-D9AF-4782-9025-509E298DEC0A}" datafieldname="govcdm_asset" disabled="false" />
                              </cell>
                            </row>
                            <row>
                              <cell id="{5275f782-bf9d-4d70-908e-cbce55abc3f0}" locklevel="0" colspan="1" rowspan="1" labelid="{6ee781f9-30cd-4221-b5f3-ef24e2db5067}">
                                <labels>
                                  <label description="Person" languagecode="1033" />
                                </labels>
                                <control id="govcdm_person" classid="{270BD3DB-D9AF-4782-9025-509E298DEC0A}" datafieldname="govcdm_person" disabled="false" />
                              </cell>
                            </row>
                            <row>
                              <cell id="{affb8c9b-879d-4645-956a-1240d34819a1}" locklevel="0" colspan="1" rowspan="1" labelid="{7e6bb436-493d-465f-8cab-1835e82de668}">
                                <labels>
                                  <label description="Owned From Date Time" languagecode="1033" />
                                </labels>
                                <control id="govcdm_ownedfromdatetime" classid="{5B773807-9FB2-42DB-97C3-7A91EFF8ADFF}" datafieldname="govcdm_ownedfromdatetime" disabled="false" />
                              </cell>
                            </row>
                            <row>
                              <cell id="{ea52d903-7528-4ba3-a094-c76451d29c5b}" locklevel="0" colspan="1" rowspan="1" labelid="{406f7ff6-78b6-41b1-b6e2-4410f8391637}">
                                <labels>
                                  <label description="Owned To Date Time" languagecode="1033" />
                                </labels>
                                <control id="govcdm_ownedtodatetime" classid="{5B773807-9FB2-42DB-97C3-7A91EFF8ADFF}" datafieldname="govcdm_ownedtodatetime" disabled="false" />
                              </cell>
                            </row>
                          </rows>
                        </section>
                      </sections>
                    </column>
                    <column width="33%">
                      <sections>
                        <section id="02DECBA0-3AE2-484D-A19F-C5353AF4F4F2" name="tab_1_column_2_section_1" columns="1" showlabel="true" showbar="false" IsUserDefined="0" labelwidth="130" labelid="{e1d5f588-fe73-4b70-a1e7-2f8a37a89029}">
                          <labels>
                            <label description="New Section" languagecode="1033" />
                          </labels>
                          <rows>
                            <row>
                              <cell id="266FE48D-4D04-4E9A-8C5A-7DEF9A2F059B" labelid="{053c79a0-174d-451d-b9be-7948f92a7908}">
                                <labels>
                                  <label description="" languagecode="1033" />
                                </labels>
                              </cell>
                            </row>
                          </rows>
                        </section>
                      </sections>
                    </column>
                    <column width="33%">
                      <sections>
                        <section id="46FD66EA-B686-41D9-AAE0-C565BD78EC1F" name="tab_1_column_3_section_1" columns="1" showlabel="true" showbar="false" IsUserDefined="0" labelwidth="130" labelid="{2aeb807b-8e10-444a-b25b-0fcc2a3a6547}">
                          <labels>
                            <label description="New Section" languagecode="1033" />
                          </labels>
                          <rows>
                            <row>
                              <cell id="07C04A4E-A482-45CC-BAB7-7FCA3CD02938" labelid="{5fbfd50c-dbfe-4f77-8c05-a2f73d51c65e}">
                                <labels>
                                  <label description="" languagecode="1033" />
                                </labels>
                              </cell>
                            </row>
                          </rows>
                        </section>
                      </sections>
                    </column>
                  </columns>
                </tab>
              </tabs>
              <DisplayConditions Order="0" FallbackForm="true">
                <Role Id="{627090ff-40a3-4053-8790-584edc5be201}" />
                <Role Id="{119f245c-3cc8-4b62-b31c-d1a046ced15d}" />
              </DisplayConditions>
            </form>
            <IsCustomizable>1</IsCustomizable>
            <CanBeDeleted>1</CanBeDeleted>
            <LocalizedNames>
              <LocalizedName description="Quick Create" languagecode="1033" />
            </LocalizedNames>
          </systemform>
        </forms>
        <forms type="main">
          <systemform>
            <formid>{b9cff540-43b2-4df0-9b05-e154d6a99909}</formid>
            <IntroducedVersion>1.0</IntroducedVersion>
            <FormPresentation>1</FormPresentation>
            <FormActivationState>1</FormActivationState>
            <form headerdensity="HighWithControls" solutionaction="Modified">
              <tabs>
                <tab verticallayout="true" id="{b08f70c2-d062-45a9-8a01-69565e6c0847}" IsUserDefined="1" ordinalvalue="0">
                  <columns>
                    <column width="100%" id="0">
                      <sections>
                        <section showlabel="false" showbar="false" IsUserDefined="0" id="{cdeaf1bd-f1fb-46cc-ab4b-2e54a5be9573}" columns="11" ordinalvalue="0" solutionaction="Modified">
                          <rows>
                            <row>
                              <cell id="{bb944a44-5337-4b63-93f7-90da5e0b9ea0}" ordinalvalue="10004" solutionaction="Modified" />
                            </row>
                            <row>
                              <cell id="{95df2df9-2476-4073-b01e-b77317f318f0}" ordinalvalue="10006" solutionaction="Modified">
                                <labels>
                                  <label description="Record Admin" languagecode="1033" solutionaction="Modified" />
                                </labels>
                              </cell>
                            </row>
                            <row>
                              <cell locklevel="0" id="{5e7600f8-d9f3-47bf-bf4b-2f971a2c6aaf}" ordinalvalue="10000" solutionaction="Added">
                                <labels>
                                  <label description="" languagecode="1033" />
                                </labels>
                              </cell>
                              <cell id="{2b3d3084-c13e-43de-aeb8-7e87fc99b27b}" locklevel="0" colspan="1" rowspan="1" ordinalvalue="20001" solutionaction="Added">
                                <labels>
                                  <label description="Owned From Date Time" languagecode="1033" />
                                </labels>
                                <control id="govcdm_ownedfromdatetime" classid="{5B773807-9FB2-42DB-97C3-7A91EFF8ADFF}" datafieldname="govcdm_ownedfromdatetime" disabled="false" />
                              </cell>
                            </row>
                            <row>
                              <cell id="{68cf410c-dbd5-4da7-8a62-fe4818496266}" locklevel="0" colspan="1" rowspan="1" ordinalvalue="10002" solutionaction="Added">
                                <labels>
                                  <label description="Person" languagecode="1033" />
                                </labels>
                                <control id="govcdm_person" classid="{270BD3DB-D9AF-4782-9025-509E298DEC0A}" datafieldname="govcdm_person" disabled="false" />
                              </cell>
                              <cell id="{8409a501-c2d8-4520-9e1b-43add854d2dd}" locklevel="0" colspan="1" rowspan="1" ordinalvalue="20003" solutionaction="Added">
                                <labels>
                                  <label description="Owned To Date Time" languagecode="1033" />
                                </labels>
                                <control id="govcdm_ownedtodatetime" classid="{5B773807-9FB2-42DB-97C3-7A91EFF8ADFF}" datafieldname="govcdm_ownedtodatetime" disabled="false" />
                              </cell>
                            </row>
                            <row>
                              <cell locklevel="0" id="{e2a5560e-78ae-4c86-8659-04bf53c3da46}" ordinalvalue="20005" solutionaction="Added">
                                <labels>
                                  <label description="" languagecode="1033" />
                                </labels>
                              </cell>
                            </row>
                            <row>
                              <cell locklevel="0" id="{71c04c3c-3802-45e3-a3a4-4063bf15cc80}" ordinalvalue="20007" solutionaction="Added">
                                <labels>
                                  <label description="" languagecode="1033" />
                                </labels>
                              </cell>
                            </row>
                          </rows>
                        </section>
                      </sections>
                    </column>
                  </columns>
                </tab>
              </tabs>
              <header id="{8ce45970-2ae1-43df-b48e-fe2f937ee0dc}" celllabelposition="Top" columns="111" labelwidth="115" celllabelalignment="Left" solutionaction="Added">
                <rows>
                  <row>
                    <cell id="{fcfa36e6-29e5-44fb-9761-ded98f53b030}" showlabel="false" ordinalvalue="10000">
                      <labels>
                        <label description="" languagecode="1033" />
                      </labels>
                    </cell>
                    <cell id="{4b7e04ec-c8ce-4896-9565-57abc7734d87}" showlabel="false" ordinalvalue="20001">
                      <labels>
                        <label description="" languagecode="1033" />
                      </labels>
                    </cell>
                    <cell id="{5135c8f2-9b2f-4f52-a92c-88f69178793c}" showlabel="false" ordinalvalue="30002">
                      <labels>
                        <label description="" languagecode="1033" />
                      </labels>
                    </cell>
                    <cell id="{628955fb-ada2-47e5-928d-2c8a36768cd6}" locklevel="0" colspan="1" rowspan="1" ordinalvalue="40003">
                      <labels>
                        <label description="Asset" languagecode="1033" />
                      </labels>
                      <control id="header_govcdm_asset" classid="{270BD3DB-D9AF-4782-9025-509E298DEC0A}" datafieldname="govcdm_asset" disabled="false" />
                    </cell>
                  </row>
                </rows>
              </header>
              <footer id="{93885ef4-1aff-49bb-84ce-8a3745d17626}" celllabelposition="Top" columns="111" labelwidth="115" celllabelalignment="Left" solutionaction="Added">
                <rows>
                  <row>
                    <cell id="{d9483236-4f60-4ffd-8426-3829021e941c}" showlabel="false" ordinalvalue="10000">
                      <labels>
                        <label description="" languagecode="1033" />
                      </labels>
                    </cell>
                    <cell id="{ece603cd-3e2b-41b3-9b79-dc8e926fdcd0}" showlabel="false" ordinalvalue="20001">
                      <labels>
                        <label description="" languagecode="1033" />
                      </labels>
                    </cell>
                    <cell id="{10284155-bce9-44e6-ba66-140b386ef1ae}" showlabel="false" ordinalvalue="30002">
                      <labels>
                        <label description="" languagecode="1033" />
                      </labels>
                    </cell>
                  </row>
                </rows>
              </footer>
              <DisplayConditions Order="0" FallbackForm="true" solutionaction="Added">
                <Everyone />
              </DisplayConditions>
            </form>
            <LocalizedNames>
              <LocalizedName description="Information" languagecode="1033" />
            </LocalizedNames>
            <Descriptions>
              <Description description="A form for this entity." languagecode="1033" />
            </Descriptions>
          </systemform>
        </forms>
      </FormXml>
      <SavedQueries>
        <savedqueries>
          <savedquery>
            <isquickfindquery>0</isquickfindquery>
            <isprivate>0</isprivate>
            <isdefault>1</isdefault>
            <savedqueryid>{188e0ad1-b5d2-4542-9b02-cb4c2176fead}</savedqueryid>
            <layoutxml>
              <grid name="resultset" jump="govcdm_name" select="1" icon="1" preview="1">
                <row name="result" id="govcdm_assetownerid">
                  <cell name="govcdm_name" width="132" />
                  <cell name="govcdm_asset" width="175" />
                  <cell name="govcdm_person" width="184" />
                  <cell name="govcdm_ownedfromdatetime" width="177" />
                  <cell name="govcdm_ownedtodatetime" width="161" />
                  <cell name="createdon" width="125" />
                </row>
              </grid>
            </layoutxml>
            <querytype>0</querytype>
            <fetchxml>
              <fetch version="1.0" mapping="logical">
                <entity name="govcdm_assetowner">
                  <attribute name="govcdm_assetownerid" />
                  <attribute name="createdon" />
                  <filter type="and">
                    <condition attribute="statecode" operator="eq" value="0" />
                  </filter>
                  <attribute name="govcdm_asset" />
                  <attribute name="govcdm_person" />
                  <attribute name="govcdm_ownedfromdatetime" />
                  <attribute name="govcdm_ownedtodatetime" />
                  <attribute name="govcdm_name" />
                </entity>
              </fetch>
            </fetchxml>
            <IntroducedVersion>1.0</IntroducedVersion>
            <LocalizedNames>
              <LocalizedName description="Active Asset Owners" languagecode="1033" />
            </LocalizedNames>
          </savedquery>
          <savedquery>
            <IsCustomizable>1</IsCustomizable>
            <CanBeDeleted>1</CanBeDeleted>
            <isquickfindquery>0</isquickfindquery>
            <isprivate>0</isprivate>
            <isdefault>0</isdefault>
            <savedqueryid>{82d654ef-fb5e-ee11-be6f-6045bda7eb80}</savedqueryid>
            <layoutxml>
              <grid name="resultset" jump="govcdm_name" select="1" icon="1" preview="1">
                <row name="result" id="govcdm_assetownerid">
                  <cell name="govcdm_name" width="132" />
                  <cell name="govcdm_person" width="184" />
                  <cell name="govcdm_ownedfromdatetime" width="177" />
                  <cell name="govcdm_ownedtodatetime" width="161" />
                  <cell name="createdon" width="125" />
                </row>
              </grid>
            </layoutxml>
            <querytype>0</querytype>
            <fetchxml>
              <fetch version="1.0" mapping="logical">
                <entity name="govcdm_assetowner">
                  <attribute name="govcdm_assetownerid" />
                  <attribute name="createdon" />
                  <filter type="and">
                    <condition attribute="statecode" operator="eq" value="0" />
                  </filter>
                  <attribute name="govcdm_person" />
                  <attribute name="govcdm_ownedfromdatetime" />
                  <attribute name="govcdm_ownedtodatetime" />
                  <attribute name="govcdm_name" />
                </entity>
              </fetch>
            </fetchxml>
            <IntroducedVersion>1.0.0.0</IntroducedVersion>
            <LocalizedNames>
              <LocalizedName description="Related Asset Owners" languagecode="1033" />
            </LocalizedNames>
          </savedquery>
        </savedqueries>
      </SavedQueries>
      <RibbonDiffXml>
        <CustomActions />
        <Templates>
          <RibbonTemplates Id="Mscrm.Templates"></RibbonTemplates>
        </Templates>
        <CommandDefinitions />
        <RuleDefinitions>
          <TabDisplayRules />
          <DisplayRules />
          <EnableRules />
        </RuleDefinitions>
        <LocLabels />
      </RibbonDiffXml>
    </Entity>
    <Entity>
      <Name LocalizedName="Asset Service Record" OriginalName="Asset Service Record">govcdm_AssetServiceRecord</Name>
      <FormXml>
        <forms type="main">
          <systemform>
            <formid>{20bec5c9-e74f-4258-aaa8-8dec78f5815e}</formid>
            <IntroducedVersion>1.0</IntroducedVersion>
            <FormPresentation>1</FormPresentation>
            <FormActivationState>1</FormActivationState>
            <form headerdensity="HighWithControls" solutionaction="Modified">
              <tabs>
                <tab verticallayout="true" id="{36317dfe-8842-4381-994f-18ebd76e8912}" IsUserDefined="1" ordinalvalue="0">
                  <columns>
                    <column width="100%" id="0">
                      <sections>
                        <section showlabel="true" showbar="false" IsUserDefined="0" id="{38f384c9-6b08-4cd8-a6d6-795e3c15e5fe}" ordinalvalue="0" solutionaction="Modified">
                          <labels>
                            <label description="Request Details" languagecode="1033" solutionaction="Modified" />
                          </labels>
                          <rows>
                            <row>
                              <cell id="{856c9314-87b0-479e-bdc8-640b381c591b}" ordinalvalue="10003" solutionaction="Modified" />
                            </row>
                            <row>
                              <cell id="{80d1c680-3933-4964-a403-f4b210e782f6}" locklevel="0" colspan="1" rowspan="1" ordinalvalue="10001" solutionaction="Added">
                                <labels>
                                  <label description="Service Request Date Time" languagecode="1033" />
                                </labels>
                                <control id="govcdm_servicerequestdatetime" classid="{5B773807-9FB2-42DB-97C3-7A91EFF8ADFF}" datafieldname="govcdm_servicerequestdatetime" disabled="false" />
                              </cell>
                            </row>
                            <row>
                              <cell id="{946fe3cf-50cc-426e-be1d-ec92c4775e33}" locklevel="0" colspan="1" rowspan="1" ordinalvalue="10002" solutionaction="Added">
                                <labels>
                                  <label description="Service Request Description" languagecode="1033" />
                                </labels>
                                <control id="govcdm_servicerequestdescription" classid="{E0DECE4B-6FC8-4A8F-A065-082708572369}" datafieldname="govcdm_servicerequestdescription" disabled="false" />
                              </cell>
                            </row>
                          </rows>
                        </section>
                        <section name="null_section_3" id="925f9708-8d84-4035-bd51-b1877a7d808d" IsUserDefined="0" locklevel="0" showlabel="true" showbar="false" layout="varwidth" celllabelalignment="Left" celllabelposition="Left" columns="1" labelwidth="115" ordinalvalue="1" solutionaction="Added">
                          <labels>
                            <label description="Service Details" languagecode="1033" />
                          </labels>
                          <rows>
                            <row />
                            <row>
                              <cell id="{af312467-262c-43d6-9f06-f0ebcbda7534}" locklevel="0" colspan="1" rowspan="1" ordinalvalue="10000">
                                <labels>
                                  <label description="Service Location" languagecode="1033" />
                                </labels>
                                <control id="govcdm_servicelocation" classid="{270BD3DB-D9AF-4782-9025-509E298DEC0A}" datafieldname="govcdm_servicelocation" disabled="false" />
                              </cell>
                            </row>
                            <row>
                              <cell id="{e3a61e28-ca00-467f-95ce-c653365bb2bc}" locklevel="0" colspan="1" rowspan="1" ordinalvalue="10001">
                                <labels>
                                  <label description="Service Start Date Time" languagecode="1033" />
                                </labels>
                                <control id="govcdm_servicestartdatetime" classid="{5B773807-9FB2-42DB-97C3-7A91EFF8ADFF}" datafieldname="govcdm_servicestartdatetime" disabled="false" />
                              </cell>
                            </row>
                            <row>
                              <cell id="{38e15dfa-90f7-4932-921c-ba4d79ffb8ef}" locklevel="0" colspan="1" rowspan="1" ordinalvalue="10002">
                                <labels>
                                  <label description="Service End Date Time" languagecode="1033" />
                                </labels>
                                <control id="govcdm_serviceenddatetime" classid="{5B773807-9FB2-42DB-97C3-7A91EFF8ADFF}" datafieldname="govcdm_serviceenddatetime" disabled="false" />
                              </cell>
                            </row>
                            <row>
                              <cell id="{045983b6-f480-4b28-91ee-25ec9db8e076}" locklevel="0" colspan="1" rowspan="1" ordinalvalue="10003">
                                <labels>
                                  <label description="Service Notes" languagecode="1033" />
                                </labels>
                                <control id="govcdm_servicenotes" classid="{E0DECE4B-6FC8-4A8F-A065-082708572369}" datafieldname="govcdm_servicenotes" disabled="false" />
                              </cell>
                            </row>
                          </rows>
                        </section>
                        <section name="null_section_4" id="5888b654-36a3-4ef1-bbd2-dfa3e42a7d27" IsUserDefined="0" locklevel="0" showlabel="true" showbar="false" layout="varwidth" celllabelalignment="Left" celllabelposition="Left" columns="1" labelwidth="115" ordinalvalue="2" solutionaction="Added">
                          <labels>
                            <label description="Return Details" languagecode="1033" />
                          </labels>
                          <rows>
                            <row />
                            <row>
                              <cell id="{ac86643e-d9b8-46aa-b670-70809f47a216}" locklevel="0" colspan="1" rowspan="1" ordinalvalue="10000">
                                <labels>
                                  <label description="Expected Return Date Time" languagecode="1033" />
                                </labels>
                                <control id="govcdm_expectedreturndatetime" classid="{5B773807-9FB2-42DB-97C3-7A91EFF8ADFF}" datafieldname="govcdm_expectedreturndatetime" disabled="false" />
                              </cell>
                            </row>
                            <row>
                              <cell id="{e395d9c5-6581-448c-9190-0a38cf7862dc}" locklevel="0" colspan="1" rowspan="1" ordinalvalue="10001">
                                <labels>
                                  <label description="Actual Return Date Time" languagecode="1033" />
                                </labels>
                                <control id="govcdm_actualreturndatetime" classid="{5B773807-9FB2-42DB-97C3-7A91EFF8ADFF}" datafieldname="govcdm_actualreturndatetime" disabled="false" />
                              </cell>
                            </row>
                          </rows>
                        </section>
                      </sections>
                    </column>
                  </columns>
                </tab>
              </tabs>
              <header id="{70dcddc5-18e1-4f50-b761-ea2418ce8e25}" celllabelposition="Top" columns="111" labelwidth="115" celllabelalignment="Left" solutionaction="Added">
                <rows>
                  <row>
                    <cell id="{2ab13c9f-4634-482d-8fb9-be59b39e04e0}" showlabel="false" ordinalvalue="10000">
                      <labels>
                        <label description="" languagecode="1033" />
                      </labels>
                    </cell>
                    <cell id="{86776fba-cd3a-4bc8-be9e-1deb8b332125}" showlabel="false" ordinalvalue="20001">
                      <labels>
                        <label description="" languagecode="1033" />
                      </labels>
                    </cell>
                    <cell id="{ccd3678a-d24f-4fa2-b81a-acc2f8095232}" showlabel="false" ordinalvalue="30002">
                      <labels>
                        <label description="" languagecode="1033" />
                      </labels>
                    </cell>
                    <cell id="{cd0bad03-989b-41e4-aa3b-3d7466e715ea}" locklevel="0" colspan="1" rowspan="1" ordinalvalue="40003">
                      <labels>
                        <label description="Asset" languagecode="1033" />
                      </labels>
                      <control id="header_govcdm_asset" classid="{270BD3DB-D9AF-4782-9025-509E298DEC0A}" datafieldname="govcdm_asset" disabled="false" />
                    </cell>
                  </row>
                </rows>
              </header>
              <footer id="{850efe9c-65c3-49c4-b4c6-3d22f6825427}" celllabelposition="Top" columns="111" labelwidth="115" celllabelalignment="Left" solutionaction="Added">
                <rows>
                  <row>
                    <cell id="{1d8129cf-ea33-4df6-9178-e095e948c128}" showlabel="false" ordinalvalue="10000">
                      <labels>
                        <label description="" languagecode="1033" />
                      </labels>
                    </cell>
                    <cell id="{ecf36e4d-f292-45fe-8c58-675ade5a2752}" showlabel="false" ordinalvalue="20001">
                      <labels>
                        <label description="" languagecode="1033" />
                      </labels>
                    </cell>
                    <cell id="{7938f2b2-5717-4437-be60-412021951933}" showlabel="false" ordinalvalue="30002">
                      <labels>
                        <label description="" languagecode="1033" />
                      </labels>
                    </cell>
                  </row>
                </rows>
              </footer>
              <DisplayConditions Order="0" FallbackForm="true" solutionaction="Added">
                <Everyone />
              </DisplayConditions>
            </form>
            <LocalizedNames>
              <LocalizedName description="Information" languagecode="1033" />
            </LocalizedNames>
            <Descriptions>
              <Description description="A form for this entity." languagecode="1033" />
            </Descriptions>
          </systemform>
        </forms>
        <forms type="quickCreate">
          <systemform>
            <formid>{3a22750a-f75e-ee11-be6f-6045bda7eb80}</formid>
            <IntroducedVersion>1.0.0.0</IntroducedVersion>
            <FormPresentation>1</FormPresentation>
            <FormActivationState>1</FormActivationState>
            <form>
              <tabs>
                <tab id="F931FFE2-B873-473F-8F95-9502F0AA3F5E" name="tab_1" showlabel="false" labelid="{076104da-9b4c-4898-a5bb-5b77ecbbb6e6}">
                  <labels>
                    <label description="New Tab" languagecode="1033" />
                  </labels>
                  <columns>
                    <column width="34%">
                      <sections>
                        <section id="0C655D4E-C6E3-424E-9AF5-71E72D30D12E" name="tab_1_column_1_section_1" columns="1" showlabel="true" showbar="false" IsUserDefined="0" labelwidth="130" labelid="{381efadb-0aab-458c-a08b-7fa109c1613c}">
                          <labels>
                            <label description="New Section" languagecode="1033" />
                          </labels>
                          <rows>
                            <row>
                              <cell id="542FBFBE-0E4C-496C-8012-555DE6581923" labelid="{39ddfd38-feed-4d4e-ab13-04a73edf2fe2}">
                                <labels>
                                  <label description="" languagecode="1033" />
                                </labels>
                              </cell>
                            </row>
                            <row>
                              <cell id="{13c7858c-683b-47db-8f81-b770a2a96ccd}" locklevel="0" colspan="1" rowspan="1" labelid="{77799341-2d41-44c5-9f4c-aae2e6d50d53}">
                                <labels>
                                  <label description="Asset" languagecode="1033" />
                                </labels>
                                <control id="govcdm_asset" classid="{270BD3DB-D9AF-4782-9025-509E298DEC0A}" datafieldname="govcdm_asset" disabled="false" />
                              </cell>
                            </row>
                            <row>
                              <cell id="{028d85bf-44ff-47a9-a8a7-56b8b04dad08}" locklevel="0" colspan="1" rowspan="1" labelid="{7efd0b73-316f-496c-8944-ef7ce67e9c43}">
                                <labels>
                                  <label description="Service Request Date Time" languagecode="1033" />
                                </labels>
                                <control id="govcdm_servicerequestdatetime" classid="{5B773807-9FB2-42DB-97C3-7A91EFF8ADFF}" datafieldname="govcdm_servicerequestdatetime" disabled="false" />
                              </cell>
                            </row>
                            <row>
                              <cell id="{2fbd8b88-ce0a-41ab-bdfb-79b42a461cc3}" locklevel="0" colspan="1" rowspan="1" labelid="{b8238002-743d-4fd2-8410-ad3f6f325351}">
                                <labels>
                                  <label description="Service Request Description" languagecode="1033" />
                                </labels>
                                <control id="govcdm_servicerequestdescription" classid="{E0DECE4B-6FC8-4A8F-A065-082708572369}" datafieldname="govcdm_servicerequestdescription" disabled="false" />
                              </cell>
                            </row>
                          </rows>
                        </section>
                      </sections>
                    </column>
                    <column width="33%">
                      <sections>
                        <section id="02DECBA0-3AE2-484D-A19F-C5353AF4F4F2" name="tab_1_column_2_section_1" columns="1" showlabel="true" showbar="false" IsUserDefined="0" labelwidth="130" labelid="{0beb3ce1-dc19-4b78-a01f-653d688e1d49}">
                          <labels>
                            <label description="New Section" languagecode="1033" />
                          </labels>
                          <rows>
                            <row>
                              <cell id="266FE48D-4D04-4E9A-8C5A-7DEF9A2F059B" labelid="{15b0d532-7762-4f3f-99a8-f6dac5377730}">
                                <labels>
                                  <label description="" languagecode="1033" />
                                </labels>
                              </cell>
                            </row>
                            <row>
                              <cell id="{26d4b643-900d-425e-a5ff-b3f0c743f11d}" locklevel="0" colspan="1" rowspan="1" labelid="{c4e370a5-490f-41a5-a962-41cdf0a703c2}">
                                <labels>
                                  <label description="Service Location" languagecode="1033" />
                                </labels>
                                <control id="govcdm_servicelocation" classid="{270BD3DB-D9AF-4782-9025-509E298DEC0A}" datafieldname="govcdm_servicelocation" disabled="false" />
                              </cell>
                            </row>
                            <row>
                              <cell id="{d7858f75-769c-42f6-8834-14212ead1184}" locklevel="0" colspan="1" rowspan="1" labelid="{a57fe51e-54ff-4a80-a2a1-5349dc3bcab7}">
                                <labels>
                                  <label description="Service Start Date Time" languagecode="1033" />
                                </labels>
                                <control id="govcdm_servicestartdatetime" classid="{5B773807-9FB2-42DB-97C3-7A91EFF8ADFF}" datafieldname="govcdm_servicestartdatetime" disabled="false" />
                              </cell>
                            </row>
                            <row>
                              <cell id="{dbe258f4-9111-42d3-b7fb-f6d34af24d33}" locklevel="0" colspan="1" rowspan="1" labelid="{e515b213-3e6e-4cb9-9693-6d652ec439f2}">
                                <labels>
                                  <label description="Service End Date Time" languagecode="1033" />
                                </labels>
                                <control id="govcdm_serviceenddatetime" classid="{5B773807-9FB2-42DB-97C3-7A91EFF8ADFF}" datafieldname="govcdm_serviceenddatetime" disabled="false" />
                              </cell>
                            </row>
                            <row>
                              <cell id="{8474193b-59c3-4bbf-9dcc-24a990d87e69}" locklevel="0" colspan="1" rowspan="1" labelid="{91a2fc07-dd6d-456c-b5bc-13d057ec4406}">
                                <labels>
                                  <label description="Service Notes" languagecode="1033" />
                                </labels>
                                <control id="govcdm_servicenotes" classid="{E0DECE4B-6FC8-4A8F-A065-082708572369}" datafieldname="govcdm_servicenotes" disabled="false" />
                              </cell>
                            </row>
                          </rows>
                        </section>
                      </sections>
                    </column>
                    <column width="33%">
                      <sections>
                        <section id="46FD66EA-B686-41D9-AAE0-C565BD78EC1F" name="tab_1_column_3_section_1" columns="1" showlabel="true" showbar="false" IsUserDefined="0" labelwidth="130" labelid="{f28dbe30-1b52-444f-92e5-79b9e922a4ef}">
                          <labels>
                            <label description="New Section" languagecode="1033" />
                          </labels>
                          <rows>
                            <row>
                              <cell id="07C04A4E-A482-45CC-BAB7-7FCA3CD02938" labelid="{5c85e37f-0148-4432-8ebd-51ef5530ac9d}">
                                <labels>
                                  <label description="" languagecode="1033" />
                                </labels>
                              </cell>
                            </row>
                            <row>
                              <cell id="{6cccdda3-106c-462f-ba3b-da0174b5a18e}" locklevel="0" colspan="1" rowspan="1" labelid="{361c673a-0b89-4779-a680-463e1d18ebce}">
                                <labels>
                                  <label description="Expected Return Date Time" languagecode="1033" />
                                </labels>
                                <control id="govcdm_expectedreturndatetime" classid="{5B773807-9FB2-42DB-97C3-7A91EFF8ADFF}" datafieldname="govcdm_expectedreturndatetime" disabled="false" />
                              </cell>
                            </row>
                            <row>
                              <cell id="{81d4e393-d4f2-4cc0-bb6e-b8d31b61bca6}" locklevel="0" colspan="1" rowspan="1" labelid="{7a5f8058-915d-488a-95f5-bf4f711f1a2f}">
                                <labels>
                                  <label description="Actual Return Date Time" languagecode="1033" />
                                </labels>
                                <control id="govcdm_actualreturndatetime" classid="{5B773807-9FB2-42DB-97C3-7A91EFF8ADFF}" datafieldname="govcdm_actualreturndatetime" disabled="false" />
                              </cell>
                            </row>
                          </rows>
                        </section>
                      </sections>
                    </column>
                  </columns>
                </tab>
              </tabs>
              <DisplayConditions Order="0" FallbackForm="true">
                <Role Id="{627090ff-40a3-4053-8790-584edc5be201}" />
                <Role Id="{119f245c-3cc8-4b62-b31c-d1a046ced15d}" />
              </DisplayConditions>
            </form>
            <IsCustomizable>1</IsCustomizable>
            <CanBeDeleted>1</CanBeDeleted>
            <LocalizedNames>
              <LocalizedName description="Quick Create" languagecode="1033" />
            </LocalizedNames>
          </systemform>
        </forms>
      </FormXml>
      <SavedQueries>
        <savedqueries>
          <savedquery>
            <isquickfindquery>0</isquickfindquery>
            <isprivate>0</isprivate>
            <isdefault>1</isdefault>
            <savedqueryid>{5508db89-bb19-410e-9871-798948825a94}</savedqueryid>
            <layoutxml>
              <grid name="resultset" jump="govcdm_name" select="1" icon="1" preview="1">
                <row name="result" id="govcdm_assetservicerecordid">
                  <cell name="govcdm_name" width="100" />
                  <cell name="govcdm_asset" width="100" />
                  <cell name="govcdm_servicerequestdatetime" width="194" />
                  <cell name="govcdm_expectedreturndatetime" width="197" />
                  <cell name="govcdm_servicelocation" width="136" />
                  <cell name="govcdm_servicestartdatetime" width="175" />
                  <cell name="govcdm_serviceenddatetime" width="171" />
                  <cell name="govcdm_actualreturndatetime" width="182" />
                </row>
              </grid>
            </layoutxml>
            <querytype>0</querytype>
            <fetchxml>
              <fetch version="1.0" mapping="logical">
                <entity name="govcdm_assetservicerecord">
                  <attribute name="govcdm_assetservicerecordid" />
                  <filter type="and">
                    <condition attribute="statecode" operator="eq" value="0" />
                  </filter>
                  <attribute name="govcdm_name" />
                  <attribute name="govcdm_asset" />
                  <attribute name="govcdm_servicerequestdatetime" />
                  <attribute name="govcdm_servicestartdatetime" />
                  <attribute name="govcdm_serviceenddatetime" />
                  <attribute name="govcdm_expectedreturndatetime" />
                  <attribute name="govcdm_actualreturndatetime" />
                  <attribute name="govcdm_servicelocation" />
                </entity>
              </fetch>
            </fetchxml>
            <IntroducedVersion>1.0</IntroducedVersion>
            <LocalizedNames>
              <LocalizedName description="Active Asset Service Records" languagecode="1033" />
            </LocalizedNames>
          </savedquery>
          <savedquery>
            <IsCustomizable>1</IsCustomizable>
            <CanBeDeleted>1</CanBeDeleted>
            <isquickfindquery>0</isquickfindquery>
            <isprivate>0</isprivate>
            <isdefault>0</isdefault>
            <savedqueryid>{70b74706-fc5e-ee11-be6f-6045bda7eb80}</savedqueryid>
            <layoutxml>
              <grid name="resultset" jump="govcdm_name" select="1" icon="1" preview="1">
                <row name="result" id="govcdm_assetservicerecordid">
                  <cell name="govcdm_name" width="100" />
                  <cell name="govcdm_servicerequestdatetime" width="194" />
                  <cell name="govcdm_expectedreturndatetime" width="197" />
                  <cell name="govcdm_servicelocation" width="136" />
                  <cell name="govcdm_servicestartdatetime" width="175" />
                  <cell name="govcdm_serviceenddatetime" width="171" />
                  <cell name="govcdm_actualreturndatetime" width="182" />
                </row>
              </grid>
            </layoutxml>
            <querytype>0</querytype>
            <fetchxml>
              <fetch version="1.0" mapping="logical">
                <entity name="govcdm_assetservicerecord">
                  <attribute name="govcdm_assetservicerecordid" />
                  <filter type="and">
                    <condition attribute="statecode" operator="eq" value="0" />
                  </filter>
                  <attribute name="govcdm_name" />
                  <attribute name="govcdm_servicerequestdatetime" />
                  <attribute name="govcdm_servicestartdatetime" />
                  <attribute name="govcdm_serviceenddatetime" />
                  <attribute name="govcdm_expectedreturndatetime" />
                  <attribute name="govcdm_actualreturndatetime" />
                  <attribute name="govcdm_servicelocation" />
                </entity>
              </fetch>
            </fetchxml>
            <IntroducedVersion>1.0.0.0</IntroducedVersion>
            <LocalizedNames>
              <LocalizedName description="Related Asset Service Records" languagecode="1033" />
            </LocalizedNames>
          </savedquery>
        </savedqueries>
      </SavedQueries>
      <RibbonDiffXml>
        <CustomActions />
        <Templates>
          <RibbonTemplates Id="Mscrm.Templates"></RibbonTemplates>
        </Templates>
        <CommandDefinitions />
        <RuleDefinitions>
          <TabDisplayRules />
          <DisplayRules />
          <EnableRules />
        </RuleDefinitions>
        <LocLabels />
      </RibbonDiffXml>
    </Entity>
    <Entity>
      <Name LocalizedName="Product" OriginalName="Product">govcdm_Product</Name>
      <FormXml>
        <forms type="quickCreate">
          <systemform>
            <formid>{43e23454-f95e-ee11-be6f-6045bda7eb80}</formid>
            <IntroducedVersion>1.0.0.0</IntroducedVersion>
            <FormPresentation>1</FormPresentation>
            <FormActivationState>1</FormActivationState>
            <form>
              <tabs>
                <tab id="F931FFE2-B873-473F-8F95-9502F0AA3F5E" name="tab_1" showlabel="false" labelid="{ad80b46b-f92d-4f0e-bc32-8c99c83173cd}">
                  <labels>
                    <label description="New Tab" languagecode="1033" />
                  </labels>
                  <columns>
                    <column width="34%">
                      <sections>
                        <section id="0C655D4E-C6E3-424E-9AF5-71E72D30D12E" name="tab_1_column_1_section_1" columns="1" showlabel="true" showbar="false" IsUserDefined="0" labelwidth="130" labelid="{f36fd284-ac0e-448f-93b5-9075eec336ed}">
                          <labels>
                            <label description="New Section" languagecode="1033" />
                          </labels>
                          <rows>
                            <row>
                              <cell id="542FBFBE-0E4C-496C-8012-555DE6581923" labelid="{e87de338-0745-4f4d-99ec-150b9dd08272}">
                                <labels>
                                  <label description="" languagecode="1033" />
                                </labels>
                              </cell>
                            </row>
                            <row>
                              <cell id="{050e65eb-b650-4616-9116-39f7708baf94}" locklevel="0" colspan="1" rowspan="1" labelid="{93aa59e0-b5ee-4d17-90bc-e21c7fd0ec56}">
                                <labels>
                                  <label description="Name" languagecode="1033" />
                                </labels>
                                <control id="govcdm_name" classid="{4273EDBD-AC1D-40D3-9FB2-095C621B552D}" datafieldname="govcdm_name" disabled="false" />
                              </cell>
                            </row>
                            <row>
                              <cell id="{7dc65ce6-334b-4a40-99b6-d7a147c5ffb7}" locklevel="0" colspan="1" rowspan="1" labelid="{ea67ad4c-5940-47f5-8086-5e8c36ea769e}">
                                <labels>
                                  <label description="Manufacturer" languagecode="1033" />
                                </labels>
                                <control id="govcdm_manufacturer" classid="{270BD3DB-D9AF-4782-9025-509E298DEC0A}" datafieldname="govcdm_manufacturer" disabled="false" />
                              </cell>
                            </row>
                            <row>
                              <cell id="{02bc9e95-ded9-4e91-a382-886afa42ad7d}" locklevel="0" colspan="1" rowspan="1" labelid="{c50adf62-3483-4007-8070-6c92f94db588}">
                                <labels>
                                  <label description="Description" languagecode="1033" />
                                </labels>
                                <control id="govcdm_description" classid="{E0DECE4B-6FC8-4A8F-A065-082708572369}" datafieldname="govcdm_description" disabled="false" />
                              </cell>
                            </row>
                            <row>
                              <cell id="{7d861cec-4548-4db6-a700-fbc2bbe45313}" locklevel="0" colspan="1" rowspan="1" labelid="{f1d4f391-7cad-4682-849b-6a7f81774eb4}">
                                <labels>
                                  <label description="URL" languagecode="1033" />
                                </labels>
                                <control id="govcdm_url" classid="{71716B6C-711E-476C-8AB8-5D11542BFB47}" datafieldname="govcdm_url" disabled="false" />
                              </cell>
                            </row>
                          </rows>
                        </section>
                      </sections>
                    </column>
                    <column width="33%">
                      <sections>
                        <section id="02DECBA0-3AE2-484D-A19F-C5353AF4F4F2" name="tab_1_column_2_section_1" columns="1" showlabel="true" showbar="false" IsUserDefined="0" labelwidth="130" labelid="{26cda9d4-8c28-4a0c-9b3d-9f2117d11572}">
                          <labels>
                            <label description="New Section" languagecode="1033" />
                          </labels>
                          <rows>
                            <row>
                              <cell id="266FE48D-4D04-4E9A-8C5A-7DEF9A2F059B" labelid="{9c7e7e2b-4913-4555-8f60-84fc7a768b67}">
                                <labels>
                                  <label description="" languagecode="1033" />
                                </labels>
                              </cell>
                            </row>
                          </rows>
                        </section>
                      </sections>
                    </column>
                    <column width="33%">
                      <sections>
                        <section id="46FD66EA-B686-41D9-AAE0-C565BD78EC1F" name="tab_1_column_3_section_1" columns="1" showlabel="true" showbar="false" IsUserDefined="0" labelwidth="130" labelid="{d9aa3856-de0e-4b2a-9e2a-df5152680171}">
                          <labels>
                            <label description="New Section" languagecode="1033" />
                          </labels>
                          <rows>
                            <row>
                              <cell id="07C04A4E-A482-45CC-BAB7-7FCA3CD02938" labelid="{53585795-0192-408f-96da-bf59cf9f502d}">
                                <labels>
                                  <label description="" languagecode="1033" />
                                </labels>
                              </cell>
                            </row>
                          </rows>
                        </section>
                      </sections>
                    </column>
                  </columns>
                </tab>
              </tabs>
              <DisplayConditions Order="0" FallbackForm="true">
                <Role Id="{627090ff-40a3-4053-8790-584edc5be201}" />
                <Role Id="{119f245c-3cc8-4b62-b31c-d1a046ced15d}" />
              </DisplayConditions>
            </form>
            <IsCustomizable>1</IsCustomizable>
            <CanBeDeleted>1</CanBeDeleted>
            <LocalizedNames>
              <LocalizedName description="Quick Create" languagecode="1033" />
            </LocalizedNames>
          </systemform>
        </forms>
        <forms type="main">
          <systemform>
            <formid>{9c58aaa5-256e-46d4-966d-ffb9f286fc63}</formid>
            <IntroducedVersion>1.0</IntroducedVersion>
            <FormPresentation>1</FormPresentation>
            <FormActivationState>1</FormActivationState>
            <form headerdensity="HighWithControls" solutionaction="Modified">
              <tabs>
                <tab verticallayout="true" id="{6df2fa55-2f25-4529-930f-8e85f044564c}" IsUserDefined="1" ordinalvalue="0">
                  <columns>
                    <column width="100%" id="0">
                      <sections>
                        <section showlabel="false" showbar="false" IsUserDefined="0" id="{ca4f981a-9324-4728-8978-32b7bbd62aaf}" ordinalvalue="0">
                          <rows>
                            <row>
                              <cell id="{71758a59-40ba-48c0-b436-40647bf8adfe}" ordinalvalue="10004" solutionaction="Modified" />
                            </row>
                            <row>
                              <cell id="{eb7926a2-ac5b-47b6-86ef-562a6f268a2c}" locklevel="0" colspan="1" rowspan="1" ordinalvalue="10001" solutionaction="Added">
                                <labels>
                                  <label description="Manufacturer" languagecode="1033" />
                                </labels>
                                <control id="govcdm_manufacturer" classid="{270BD3DB-D9AF-4782-9025-509E298DEC0A}" datafieldname="govcdm_manufacturer" disabled="false" />
                              </cell>
                            </row>
                            <row>
                              <cell id="{fdf153fa-530b-4132-bd72-b5736128666e}" locklevel="0" colspan="1" rowspan="1" ordinalvalue="10002" solutionaction="Added">
                                <labels>
                                  <label description="Description" languagecode="1033" />
                                </labels>
                                <control id="govcdm_description" classid="{E0DECE4B-6FC8-4A8F-A065-082708572369}" datafieldname="govcdm_description" disabled="false" />
                              </cell>
                            </row>
                            <row>
                              <cell id="{daf6de2d-bc77-49e1-a938-020c5449c25a}" locklevel="0" colspan="1" rowspan="1" ordinalvalue="10003" solutionaction="Added">
                                <labels>
                                  <label description="URL" languagecode="1033" />
                                </labels>
                                <control id="govcdm_url" classid="{71716B6C-711E-476C-8AB8-5D11542BFB47}" datafieldname="govcdm_url" disabled="false" />
                              </cell>
                            </row>
                          </rows>
                        </section>
                        <section name="null_section_3" id="cd259405-8617-401b-aa07-291b1a93776f" IsUserDefined="0" locklevel="0" showlabel="true" showbar="false" layout="varwidth" celllabelalignment="Left" celllabelposition="Left" columns="1" labelwidth="115" ordinalvalue="1" solutionaction="Added">
                          <labels>
                            <label description="Sub Products" languagecode="1033" />
                          </labels>
                          <rows>
                            <row />
                            <row>
                              <cell locklevel="0" id="{f3557fc2-d684-4148-ab07-e857b8cc2a8e}" rowspan="4" colspan="1" auto="false" showlabel="false" ordinalvalue="10000">
                                <labels>
                                  <label description="New SG control 1696014425802" languagecode="1033" />
                                </labels>
                                <control indicationOfSubgrid="true" id="Subgrid_new_1" classid="{E7A81278-8635-4D9E-8D4D-59480B391C5B}">
                                  <parameters>
                                    <RecordsPerPage>4</RecordsPerPage>
                                    <AutoExpand>Fixed</AutoExpand>
                                    <EnableQuickFind>false</EnableQuickFind>
                                    <EnableViewPicker>false</EnableViewPicker>
                                    <EnableChartPicker>true</EnableChartPicker>
                                    <ChartGridMode>All</ChartGridMode>
                                    <TargetEntityType>govcdm_product</TargetEntityType>
                                    <ViewId>{BA625FEA-C61D-41DD-80D2-4CADF4E4F600}</ViewId>
                                    <ViewIds>{BA625FEA-C61D-41DD-80D2-4CADF4E4F600}</ViewIds>
                                    <RelationshipName>govcdm_govcdm_product_ParentProduct_govcdm_produ</RelationshipName>
                                  </parameters>
                                </control>
                              </cell>
                            </row>
                            <row />
                            <row />
                            <row />
                          </rows>
                        </section>
                      </sections>
                    </column>
                  </columns>
                </tab>
              </tabs>
              <header id="{b9db3ce8-4852-4366-a29c-5c7b6020e098}" celllabelposition="Top" columns="111" labelwidth="115" celllabelalignment="Left" solutionaction="Added">
                <rows>
                  <row>
                    <cell id="{1ca4637c-5a97-44fa-8606-9d2e5adf830e}" showlabel="false" ordinalvalue="10000">
                      <labels>
                        <label description="" languagecode="1033" />
                      </labels>
                    </cell>
                    <cell id="{d0c71b7e-4a43-45e5-809a-213a5fc00724}" showlabel="false" ordinalvalue="20001">
                      <labels>
                        <label description="" languagecode="1033" />
                      </labels>
                    </cell>
                    <cell id="{3fafe3bb-a07c-4693-97e7-e92129f55368}" showlabel="false" ordinalvalue="30002">
                      <labels>
                        <label description="" languagecode="1033" />
                      </labels>
                    </cell>
                  </row>
                </rows>
              </header>
              <footer id="{573d55b8-b641-406d-9c0d-8ac6ae07a5ab}" celllabelposition="Top" columns="111" labelwidth="115" celllabelalignment="Left" solutionaction="Added">
                <rows>
                  <row>
                    <cell id="{05469649-8971-4651-ba7b-535593bfc431}" showlabel="false" ordinalvalue="10000">
                      <labels>
                        <label description="" languagecode="1033" />
                      </labels>
                    </cell>
                    <cell id="{8fb16ec8-97bf-4802-a476-0148f25490e5}" showlabel="false" ordinalvalue="20001">
                      <labels>
                        <label description="" languagecode="1033" />
                      </labels>
                    </cell>
                    <cell id="{6220eb94-e702-4573-9151-99a9f5f1dc9f}" showlabel="false" ordinalvalue="30002">
                      <labels>
                        <label description="" languagecode="1033" />
                      </labels>
                    </cell>
                  </row>
                </rows>
              </footer>
              <DisplayConditions Order="0" FallbackForm="true" solutionaction="Added">
                <Everyone />
              </DisplayConditions>
            </form>
            <LocalizedNames>
              <LocalizedName description="Information" languagecode="1033" />
            </LocalizedNames>
            <Descriptions>
              <Description description="A form for this entity." languagecode="1033" />
            </Descriptions>
          </systemform>
        </forms>
      </FormXml>
      <SavedQueries>
        <savedqueries>
          <savedquery>
            <isquickfindquery>0</isquickfindquery>
            <isprivate>0</isprivate>
            <isdefault>1</isdefault>
            <savedqueryid>{ba625fea-c61d-41dd-80d2-4cadf4e4f600}</savedqueryid>
            <layoutxml>
              <grid name="resultset" jump="govcdm_name" select="1" icon="1" preview="1">
                <row name="result" id="govcdm_productid">
                  <cell name="govcdm_parentproduct" width="123" />
                  <cell name="govcdm_name" width="300" />
                  <cell name="govcdm_manufacturer" width="117" />
                  <cell name="govcdm_description" width="168" />
                  <cell name="govcdm_url" width="143" />
                  <cell name="createdon" width="125" />
                </row>
              </grid>
            </layoutxml>
            <querytype>0</querytype>
            <fetchxml>
              <fetch version="1.0" mapping="logical">
                <entity name="govcdm_product">
                  <attribute name="govcdm_productid" />
                  <attribute name="govcdm_name" />
                  <attribute name="createdon" />
                  <order attribute="govcdm_name" descending="false" />
                  <filter type="and">
                    <condition attribute="statecode" operator="eq" value="0" />
                  </filter>
                  <attribute name="govcdm_parentproduct" />
                  <attribute name="govcdm_manufacturer" />
                  <attribute name="govcdm_description" />
                  <attribute name="govcdm_url" />
                </entity>
              </fetch>
            </fetchxml>
            <IntroducedVersion>1.0</IntroducedVersion>
            <LocalizedNames>
              <LocalizedName description="Active Products" languagecode="1033" />
            </LocalizedNames>
          </savedquery>
        </savedqueries>
      </SavedQueries>
      <RibbonDiffXml>
        <CustomActions />
        <Templates>
          <RibbonTemplates Id="Mscrm.Templates"></RibbonTemplates>
        </Templates>
        <CommandDefinitions />
        <RuleDefinitions>
          <TabDisplayRules />
          <DisplayRules />
          <EnableRules />
        </RuleDefinitions>
        <LocLabels />
      </RibbonDiffXml>
    </Entity>
  </Entities>
  <Roles />
  <Workflows />
  <FieldSecurityProfiles />
  <Templates />
  <EntityMaps />
  <EntityRelationships />
  <OrganizationSettings />
  <optionsets />
  <CustomControls />
  <AppModuleSiteMaps>
    <AppModuleSiteMap>
      <SiteMapUniqueName>msfed_AssetManagement</SiteMapUniqueName>
      <EnableCollapsibleGroups>False</EnableCollapsibleGroups>
      <ShowHome>True</ShowHome>
      <ShowPinned>True</ShowPinned>
      <ShowRecents>True</ShowRecents>
      <SiteMap IntroducedVersion="7.0.0.0">
        <Area Id="area_bed017fd" ResourceId="SitemapDesigner.NewTitle" DescriptionResourceId="SitemapDesigner.NewTitle" ShowGroups="true" IntroducedVersion="7.0.0.0">
          <Titles>
            <Title LCID="1033" Title="Area1" />
          </Titles>
          <Group Id="group_04ae6ab9" ResourceId="SitemapDesigner.NewGroup" DescriptionResourceId="SitemapDesigner.NewGroup" IntroducedVersion="7.0.0.0" IsProfile="false" ToolTipResourseId="SitemapDesigner.Unknown">
            <Titles>
              <Title LCID="1033" Title="Asset Inventory" />
            </Titles>
            <SubArea Id="subarea_b1c77ca8" Icon="/_imgs/imagestrips/transparent_spacer.gif" Entity="govcdm_asset" Client="All,Outlook,OutlookLaptopClient,OutlookWorkstationClient,Web" AvailableOffline="true" PassParams="false" Sku="All,OnPremise,Live,SPLA" />
          </Group>
          <Group Id="group_4fefd6d3" ResourceId="SitemapDesigner.NewGroup" DescriptionResourceId="SitemapDesigner.NewGroup" IntroducedVersion="7.0.0.0" IsProfile="false" ToolTipResourseId="SitemapDesigner.Unknown">
            <Titles>
              <Title LCID="1033" Title="People" />
            </Titles>
            <SubArea Id="subarea_172d4242" Icon="/_imgs/imagestrips/transparent_spacer.gif" Entity="contact" Client="All,Outlook,OutlookLaptopClient,OutlookWorkstationClient,Web" AvailableOffline="true" PassParams="false" Sku="All,OnPremise,Live,SPLA" />
          </Group>
          <Group Id="group_10c21028" ResourceId="SitemapDesigner.NewGroup" DescriptionResourceId="SitemapDesigner.NewGroup" IntroducedVersion="7.0.0.0" IsProfile="false" ToolTipResourseId="SitemapDesigner.Unknown">
            <Titles>
              <Title LCID="1033" Title="Admin" />
            </Titles>
            <SubArea Id="subarea_a73a8f6d" Icon="/_imgs/imagestrips/transparent_spacer.gif" Entity="govcdm_assetcategory" Client="All,Outlook,OutlookLaptopClient,OutlookWorkstationClient,Web" AvailableOffline="true" PassParams="false" Sku="All,OnPremise,Live,SPLA" />
            <SubArea Id="subarea_427cacbe" Icon="/_imgs/imagestrips/transparent_spacer.gif" Entity="account" Client="All,Outlook,OutlookLaptopClient,OutlookWorkstationClient,Web" AvailableOffline="true" PassParams="false" Sku="All,OnPremise,Live,SPLA">
              <Titles>
                <Title LCID="1033" Title="Manufacturers" />
              </Titles>
            </SubArea>
            <SubArea Id="subarea_1fcfda00" Icon="/_imgs/imagestrips/transparent_spacer.gif" Entity="govcdm_product" Client="All,Outlook,OutlookLaptopClient,OutlookWorkstationClient,Web" AvailableOffline="true" PassParams="false" Sku="All,OnPremise,Live,SPLA" />
          </Group>
        </Area>
      </SiteMap>
      <LocalizedNames>
        <LocalizedName description="Asset Management" languagecode="1033" />
      </LocalizedNames>
    </AppModuleSiteMap>
  </AppModuleSiteMaps>
  <AppModules>
    <AppModule>
      <UniqueName>msfed_AssetManagement</UniqueName>
      <IntroducedVersion>1.0</IntroducedVersion>
      <WebResourceId>953b9fac-1e5e-e611-80d6-00155ded156f</WebResourceId>
      <OptimizedFor></OptimizedFor>
      <statecode>0</statecode>
      <statuscode>1</statuscode>
      <FormFactor>1</FormFactor>
      <ClientType>4</ClientType>
      <NavigationType>0</NavigationType>
      <AppModuleComponents>
        <AppModuleComponent type="1" schemaName="account" />
        <AppModuleComponent type="1" schemaName="contact" />
        <AppModuleComponent type="1" schemaName="govcdm_asset" />
        <AppModuleComponent type="1" schemaName="govcdm_assetcategory" />
        <AppModuleComponent type="1" schemaName="govcdm_assetowner" />
        <AppModuleComponent type="1" schemaName="govcdm_assetservicerecord" />
        <AppModuleComponent type="1" schemaName="govcdm_product" />
        <AppModuleComponent type="62" schemaName="msfed_AssetManagement" />
      </AppModuleComponents>
      <AppModuleRoleMaps>
        <Role id="{627090ff-40a3-4053-8790-584edc5be201}" />
        <Role id="{119f245c-3cc8-4b62-b31c-d1a046ced15d}" />
      </AppModuleRoleMaps>
      <LocalizedNames>
        <LocalizedName description="Asset Management" languagecode="1033" />
      </LocalizedNames>
    </AppModule>
  </AppModules>
  <EntityDataProviders />
  <Languages>
    <Language>1033</Language>
  </Languages>
</ImportExportXml>