﻿<?xml version="1.0" encoding="utf-8"?>
<ImportExportXml xmlns:xsi="http://www.w3.org/2001/XMLSchema-instance">
  <Entities>
    <Entity>
      <Name LocalizedName="Activity" OriginalName="Activity">ActivityPointer</Name>
      <RibbonDiffXml>
        <CustomActions />
        <Templates>
          <RibbonTemplates Id="Mscrm.Templates"></RibbonTemplates>
        </Templates>
        <CommandDefinitions />
        <RuleDefinitions>
          <TabDisplayRules />
          <DisplayRules />
          <EnableRules />
        </RuleDefinitions>
        <LocLabels />
      </RibbonDiffXml>
      <CustomControlDefaultConfigs>
        <CustomControlDefaultConfig>
          <ControlDescriptionXML>
            <controlDescriptions>
              <controlDescription>
                <customControl id="{E7A81278-8635-4d9e-8D4D-59480B391C5B}">
                  <parameters />
                </customControl>
                <customControl formFactor="0" name="MscrmControls.ActivityCalendarControl.ActivityCalendarControl">
                  <parameters>
                    <data-set name="Calendar">
                      <StartDate>scheduledstart</StartDate>
                      <Description>subject</Description>
                      <EndDate>scheduledend</EndDate>
                    </data-set>
                  </parameters>
                </customControl>
                <customControl formFactor="1" name="MscrmControls.ActivityCalendarControl.ActivityCalendarControl">
                  <parameters>
                    <data-set name="Calendar">
                      <StartDate>scheduledstart</StartDate>
                      <Description>subject</Description>
                      <EndDate>scheduledend</EndDate>
                    </data-set>
                  </parameters>
                </customControl>
                <customControl formFactor="2" name="MscrmControls.ActivityCalendarControl.ActivityCalendarControl">
                  <parameters>
                    <data-set name="Calendar">
                      <StartDate>scheduledstart</StartDate>
                      <Description>subject</Description>
                      <EndDate>scheduledend</EndDate>
                    </data-set>
                  </parameters>
                </customControl>
              </controlDescription>
            </controlDescriptions>
          </ControlDescriptionXML>
          <IntroducedVersion>5.0</IntroducedVersion>
        </CustomControlDefaultConfig>
      </CustomControlDefaultConfigs>
    </Entity>
    <Entity>
      <Name LocalizedName="Invite Redemption" OriginalName="Invite Redemption">adx_inviteredemption</Name>
      <EntityInfo>
        <entity Name="adx_inviteredemption">
          <attributes>
            <attribute PhysicalName="RegardingObjectId">
              <Type>lookup</Type>
              <Name>regardingobjectid</Name>
              <LogicalName>regardingobjectid</LogicalName>
              <RequiredLevel>required</RequiredLevel>
              <DisplayMask>ValidForAdvancedFind|ValidForForm|ValidForGrid</DisplayMask>
              <ImeMode>auto</ImeMode>
              <ValidForUpdateApi>1</ValidForUpdateApi>
              <ValidForReadApi>1</ValidForReadApi>
              <ValidForCreateApi>1</ValidForCreateApi>
              <IsCustomField>0</IsCustomField>
              <IsAuditEnabled>1</IsAuditEnabled>
              <IsSecured>0</IsSecured>
              <IntroducedVersion>5.0.0.0</IntroducedVersion>
              <IsCustomizable>1</IsCustomizable>
              <IsRenameable>1</IsRenameable>
              <CanModifySearchSettings>1</CanModifySearchSettings>
              <CanModifyRequirementLevelSettings>1</CanModifyRequirementLevelSettings>
              <CanModifyAdditionalSettings>1</CanModifyAdditionalSettings>
              <SourceType>0</SourceType>
              <IsGlobalFilterEnabled>0</IsGlobalFilterEnabled>
              <IsSortableEnabled>0</IsSortableEnabled>
              <CanModifyGlobalFilterSettings>1</CanModifyGlobalFilterSettings>
              <CanModifyIsSortableSettings>1</CanModifyIsSortableSettings>
              <IsDataSourceSecret>0</IsDataSourceSecret>
              <AutoNumberFormat></AutoNumberFormat>
              <IsSearchable>0</IsSearchable>
              <IsFilterable>0</IsFilterable>
              <IsRetrievable>0</IsRetrievable>
              <IsLocalizable>0</IsLocalizable>
              <LookupStyle>single</LookupStyle>
              <displaynames>
                <displayname description="Regarding" languagecode="1033" />
              </displaynames>
              <Descriptions>
                <Description description="Unique identifier of the object with which the activity is associated." languagecode="1033" />
              </Descriptions>
            </attribute>
          </attributes>
        </entity>
      </EntityInfo>
      <RibbonDiffXml>
        <CustomActions />
        <Templates>
          <RibbonTemplates Id="Mscrm.Templates"></RibbonTemplates>
        </Templates>
        <CommandDefinitions />
        <RuleDefinitions>
          <TabDisplayRules />
          <DisplayRules />
          <EnableRules />
        </RuleDefinitions>
        <LocLabels />
      </RibbonDiffXml>
    </Entity>
    <Entity>
      <Name LocalizedName="Portal Comment" OriginalName="Portal Comment">adx_portalcomment</Name>
      <EntityInfo>
        <entity Name="adx_portalcomment">
          <attributes>
            <attribute PhysicalName="RegardingObjectId">
              <Type>lookup</Type>
              <Name>regardingobjectid</Name>
              <LogicalName>regardingobjectid</LogicalName>
              <RequiredLevel>none</RequiredLevel>
              <DisplayMask>ValidForAdvancedFind|ValidForForm|ValidForGrid</DisplayMask>
              <ImeMode>auto</ImeMode>
              <ValidForUpdateApi>1</ValidForUpdateApi>
              <ValidForReadApi>1</ValidForReadApi>
              <ValidForCreateApi>1</ValidForCreateApi>
              <IsCustomField>0</IsCustomField>
              <IsAuditEnabled>1</IsAuditEnabled>
              <IsSecured>0</IsSecured>
              <IntroducedVersion>5.0.0.0</IntroducedVersion>
              <IsCustomizable>1</IsCustomizable>
              <IsRenameable>1</IsRenameable>
              <CanModifySearchSettings>1</CanModifySearchSettings>
              <CanModifyRequirementLevelSettings>1</CanModifyRequirementLevelSettings>
              <CanModifyAdditionalSettings>1</CanModifyAdditionalSettings>
              <SourceType>0</SourceType>
              <IsGlobalFilterEnabled>0</IsGlobalFilterEnabled>
              <IsSortableEnabled>0</IsSortableEnabled>
              <CanModifyGlobalFilterSettings>1</CanModifyGlobalFilterSettings>
              <CanModifyIsSortableSettings>1</CanModifyIsSortableSettings>
              <IsDataSourceSecret>0</IsDataSourceSecret>
              <AutoNumberFormat></AutoNumberFormat>
              <IsSearchable>0</IsSearchable>
              <IsFilterable>0</IsFilterable>
              <IsRetrievable>0</IsRetrievable>
              <IsLocalizable>0</IsLocalizable>
              <LookupStyle>single</LookupStyle>
              <displaynames>
                <displayname description="Regarding" languagecode="1033" />
              </displaynames>
              <Descriptions>
                <Description description="Unique identifier of the object with which the activity is associated." languagecode="1033" />
              </Descriptions>
            </attribute>
          </attributes>
        </entity>
      </EntityInfo>
      <RibbonDiffXml>
        <CustomActions />
        <Templates>
          <RibbonTemplates Id="Mscrm.Templates"></RibbonTemplates>
        </Templates>
        <CommandDefinitions />
        <RuleDefinitions>
          <TabDisplayRules />
          <DisplayRules />
          <EnableRules />
        </RuleDefinitions>
        <LocLabels />
      </RibbonDiffXml>
    </Entity>
    <Entity>
      <Name LocalizedName="Appointment" OriginalName="">Appointment</Name>
      <RibbonDiffXml>
        <CustomActions />
        <Templates>
          <RibbonTemplates Id="Mscrm.Templates"></RibbonTemplates>
        </Templates>
        <CommandDefinitions />
        <RuleDefinitions>
          <TabDisplayRules />
          <DisplayRules />
          <EnableRules />
        </RuleDefinitions>
        <LocLabels />
      </RibbonDiffXml>
    </Entity>
    <Entity>
      <Name LocalizedName="Teams chat" OriginalName="Teams chat">chat</Name>
      <RibbonDiffXml>
        <CustomActions />
        <Templates>
          <RibbonTemplates Id="Mscrm.Templates"></RibbonTemplates>
        </Templates>
        <CommandDefinitions />
        <RuleDefinitions>
          <TabDisplayRules />
          <DisplayRules />
          <EnableRules />
        </RuleDefinitions>
        <LocLabels />
      </RibbonDiffXml>
    </Entity>
    <Entity>
      <Name LocalizedName="Email" OriginalName="">Email</Name>
      <RibbonDiffXml>
        <CustomActions />
        <Templates>
          <RibbonTemplates Id="Mscrm.Templates"></RibbonTemplates>
        </Templates>
        <CommandDefinitions />
        <RuleDefinitions>
          <TabDisplayRules />
          <DisplayRules />
          <EnableRules />
        </RuleDefinitions>
        <LocLabels />
      </RibbonDiffXml>
    </Entity>
    <Entity>
      <Name LocalizedName="Fax" OriginalName="">Fax</Name>
      <RibbonDiffXml>
        <CustomActions />
        <Templates>
          <RibbonTemplates Id="Mscrm.Templates"></RibbonTemplates>
        </Templates>
        <CommandDefinitions />
        <RuleDefinitions>
          <TabDisplayRules />
          <DisplayRules />
          <EnableRules />
        </RuleDefinitions>
        <LocLabels />
      </RibbonDiffXml>
    </Entity>
    <Entity>
      <Name LocalizedName="Action Assignment" OriginalName="Action Assignment">govcdm_ActionAssignment</Name>
      <EntityInfo>
        <entity Name="govcdm_ActionAssignment">
          <attributes>
            <attribute PhysicalName="RegardingObjectId">
              <Type>lookup</Type>
              <Name>regardingobjectid</Name>
              <LogicalName>regardingobjectid</LogicalName>
              <RequiredLevel>none</RequiredLevel>
              <DisplayMask>ValidForAdvancedFind|ValidForForm|ValidForGrid</DisplayMask>
              <ImeMode>auto</ImeMode>
              <ValidForUpdateApi>1</ValidForUpdateApi>
              <ValidForReadApi>1</ValidForReadApi>
              <ValidForCreateApi>1</ValidForCreateApi>
              <IsCustomField>0</IsCustomField>
              <IsAuditEnabled>1</IsAuditEnabled>
              <IsSecured>0</IsSecured>
              <IntroducedVersion>5.0.0.0</IntroducedVersion>
              <IsCustomizable>1</IsCustomizable>
              <IsRenameable>1</IsRenameable>
              <CanModifySearchSettings>1</CanModifySearchSettings>
              <CanModifyRequirementLevelSettings>1</CanModifyRequirementLevelSettings>
              <CanModifyAdditionalSettings>1</CanModifyAdditionalSettings>
              <SourceType>0</SourceType>
              <IsGlobalFilterEnabled>0</IsGlobalFilterEnabled>
              <IsSortableEnabled>0</IsSortableEnabled>
              <CanModifyGlobalFilterSettings>1</CanModifyGlobalFilterSettings>
              <CanModifyIsSortableSettings>1</CanModifyIsSortableSettings>
              <IsDataSourceSecret>0</IsDataSourceSecret>
              <AutoNumberFormat></AutoNumberFormat>
              <IsSearchable>0</IsSearchable>
              <IsFilterable>0</IsFilterable>
              <IsRetrievable>0</IsRetrievable>
              <IsLocalizable>0</IsLocalizable>
              <LookupStyle>single</LookupStyle>
              <displaynames>
                <displayname description="Regarding" languagecode="1033" />
              </displaynames>
              <Descriptions>
                <Description description="Unique identifier of the object with which the activity is associated." languagecode="1033" />
              </Descriptions>
            </attribute>
          </attributes>
        </entity>
      </EntityInfo>
      <RibbonDiffXml>
        <CustomActions />
        <Templates>
          <RibbonTemplates Id="Mscrm.Templates"></RibbonTemplates>
        </Templates>
        <CommandDefinitions />
        <RuleDefinitions>
          <TabDisplayRules />
          <DisplayRules />
          <EnableRules />
        </RuleDefinitions>
        <LocLabels />
      </RibbonDiffXml>
    </Entity>
    <Entity>
      <Name LocalizedName="Executive Action" OriginalName="Executive Action">govcdm_ExecutiveAction</Name>
      <EntityInfo>
        <entity Name="govcdm_ExecutiveAction">
          <LocalizedNames>
            <LocalizedName description="Executive Action" languagecode="1033" />
          </LocalizedNames>
          <LocalizedCollectionNames>
            <LocalizedCollectionName description="Executive Actions" languagecode="1033" />
          </LocalizedCollectionNames>
          <Descriptions>
            <Description description="" languagecode="1033" />
          </Descriptions>
          <attributes />
          <EntitySetName>govcdm_executiveactions</EntitySetName>
          <IsDuplicateCheckSupported>1</IsDuplicateCheckSupported>
          <IsBusinessProcessEnabled>0</IsBusinessProcessEnabled>
          <IsRequiredOffline>0</IsRequiredOffline>
          <IsInteractionCentricEnabled>0</IsInteractionCentricEnabled>
          <IsCollaboration>0</IsCollaboration>
          <AutoRouteToOwnerQueue>0</AutoRouteToOwnerQueue>
          <IsConnectionsEnabled>0</IsConnectionsEnabled>
          <EntityColor></EntityColor>
          <IsDocumentManagementEnabled>0</IsDocumentManagementEnabled>
          <AutoCreateAccessTeams>0</AutoCreateAccessTeams>
          <IsOneNoteIntegrationEnabled>0</IsOneNoteIntegrationEnabled>
          <IsKnowledgeManagementEnabled>0</IsKnowledgeManagementEnabled>
          <IsSLAEnabled>0</IsSLAEnabled>
          <IsDocumentRecommendationsEnabled>0</IsDocumentRecommendationsEnabled>
          <IsBPFEntity>0</IsBPFEntity>
          <OwnershipTypeMask>UserOwned</OwnershipTypeMask>
          <EntityMask>ActivityPointer</EntityMask>
          <IsAuditEnabled>0</IsAuditEnabled>
          <IsRetrieveAuditEnabled>0</IsRetrieveAuditEnabled>
          <IsRetrieveMultipleAuditEnabled>0</IsRetrieveMultipleAuditEnabled>
          <IsActivity>0</IsActivity>
          <ActivityTypeMask></ActivityTypeMask>
          <IsActivityParty>0</IsActivityParty>
          <IsReplicated>0</IsReplicated>
          <IsReplicationUserFiltered>0</IsReplicationUserFiltered>
          <IsMailMergeEnabled>1</IsMailMergeEnabled>
          <IsVisibleInMobile>0</IsVisibleInMobile>
          <IsVisibleInMobileClient>0</IsVisibleInMobileClient>
          <IsReadOnlyInMobileClient>0</IsReadOnlyInMobileClient>
          <IsOfflineInMobileClient>0</IsOfflineInMobileClient>
          <DaysSinceRecordLastModified>0</DaysSinceRecordLastModified>
          <MobileOfflineFilters></MobileOfflineFilters>
          <IsMapiGridEnabled>1</IsMapiGridEnabled>
          <IsReadingPaneEnabled>1</IsReadingPaneEnabled>
          <IsQuickCreateEnabled>1</IsQuickCreateEnabled>
          <SyncToExternalSearchIndex>0</SyncToExternalSearchIndex>
          <IntroducedVersion>1.0</IntroducedVersion>
          <IconVectorName></IconVectorName>
          <EnforceStateTransitions>0</EnforceStateTransitions>
          <EntityHelpUrlEnabled>0</EntityHelpUrlEnabled>
          <EntityHelpUrl></EntityHelpUrl>
          <ChangeTrackingEnabled>1</ChangeTrackingEnabled>
          <IsEnabledForExternalChannels>0</IsEnabledForExternalChannels>
          <IsMSTeamsIntegrationEnabled>0</IsMSTeamsIntegrationEnabled>
          <IsSolutionAware>0</IsSolutionAware>
          <HasRelatedActivities>True</HasRelatedActivities>
        </entity>
      </EntityInfo>
      <FormXml>
        <forms type="main">
          <systemform>
            <formid>{1eaa6554-0adf-ee11-904c-000d3a3ab141}</formid>
            <IntroducedVersion>1.0</IntroducedVersion>
            <FormPresentation>1</FormPresentation>
            <FormActivationState>1</FormActivationState>
            <form headerdensity="HighWithControls">
              <tabs>
                <tab verticallayout="true" id="{55edb62e-c2ab-448d-80c1-dbe3a569c468}" IsUserDefined="1" labelid="{aab4338b-0f2d-4edc-a912-4f91a86bf727}">
                  <labels>
                    <label description="General" languagecode="1033" />
                  </labels>
                  <columns>
                    <column width="50%">
                      <sections>
                        <section showlabel="true" showbar="false" IsUserDefined="0" id="{5bb359d9-0bea-45c6-8b6d-58493f67837d}" labelid="{7cc353c7-06ff-43ad-898b-a46dca2ca89c}">
                          <labels>
                            <label description="Summary" languagecode="1033" />
                          </labels>
                          <rows>
                            <row>
                              <cell id="{3c844e5d-8f50-49f8-9b82-5fee3c98a7f9}" labelid="{27005d5e-da90-4dc3-9759-14c000f8e2eb}">
                                <labels>
                                  <label description="Name" languagecode="1033" />
                                </labels>
                                <control id="govcdm_name" classid="{4273EDBD-AC1D-40d3-9FB2-095C621B552D}" datafieldname="govcdm_name" />
                              </cell>
                            </row>
                            <row>
                              <cell id="{406ad491-9134-4f28-a11f-de167b9d50a2}" locklevel="0" colspan="1" rowspan="1" labelid="{0c8b6b7d-9a7a-40f9-81a7-4906436646a4}">
                                <labels>
                                  <label description="Action Number" languagecode="1033" />
                                </labels>
                                <control id="govcdm_actionnumber" classid="{4273EDBD-AC1D-40D3-9FB2-095C621B552D}" datafieldname="govcdm_actionnumber" disabled="false" />
                              </cell>
                            </row>
                            <row>
                              <cell id="{b988bba0-6a7d-4e02-83f5-56f22eaea619}" locklevel="0" colspan="1" rowspan="1" labelid="{1a1bfed4-f16f-4bc1-8ea9-57b279ec6f3a}">
                                <labels>
                                  <label description="Description" languagecode="1033" />
                                </labels>
                                <control id="govcdm_description" classid="{E0DECE4B-6FC8-4A8F-A065-082708572369}" datafieldname="govcdm_description" disabled="false" />
                              </cell>
                            </row>
                            <row>
                              <cell id="{942d107b-5afb-4843-b8a2-76b3a15b63f8}" locklevel="0" colspan="1" rowspan="1" labelid="{52e0e1c3-df9b-4a35-bbee-3dec801c7783}">
                                <labels>
                                  <label description="Priority" languagecode="1033" />
                                </labels>
                                <control id="govcdm_priority" classid="{3EF39988-22BB-4F0B-BBBE-64B5A3748AEE}" datafieldname="govcdm_priority" disabled="false" />
                              </cell>
                            </row>
                            <row>
                              <cell id="{5f9c3f6a-7a72-4d13-85aa-92ae8eef838f}" locklevel="0" colspan="1" rowspan="1" labelid="{01bf5b25-559a-4dea-8f16-829f40f9b134}">
                                <labels>
                                  <label description="Action Status" languagecode="1033" />
                                </labels>
                                <control id="govcdm_actionstatus" classid="{3EF39988-22BB-4F0B-BBBE-64B5A3748AEE}" datafieldname="govcdm_actionstatus" disabled="false" />
                              </cell>
                            </row>
                            <row>
                              <cell id="{4d68b4f3-e6ba-42d5-b087-db95ed7c4474}" locklevel="0" colspan="1" rowspan="1" labelid="{f485c1e2-7a8c-4964-bf2e-f5a410714fd8}">
                                <labels>
                                  <label description="Due Date Time" languagecode="1033" />
                                </labels>
                                <control id="govcdm_duedatetime" classid="{5B773807-9FB2-42DB-97C3-7A91EFF8ADFF}" datafieldname="govcdm_duedatetime" disabled="false" />
                              </cell>
                            </row>
                            <row>
                              <cell id="{46afe2b6-f6e7-4c5c-85b5-ab65dd08cb3a}" labelid="{1be3ad8f-6b9e-4232-968f-d4b161e1bb9f}">
                                <labels>
                                  <label description="Owner" languagecode="1033" />
                                </labels>
                                <control id="ownerid" classid="{270BD3DB-D9AF-4782-9025-509E298DEC0A}" datafieldname="ownerid" />
                              </cell>
                            </row>
                          </rows>
                        </section>
                      </sections>
                    </column>
                    <column width="50%">
                      <sections>
                        <section name="_section_4" id="f254d24e-678f-410a-ad1e-b44e71ceb727" IsUserDefined="0" locklevel="0" showlabel="true" showbar="false" layout="varwidth" celllabelalignment="Left" celllabelposition="Left" columns="1" labelwidth="115" labelid="{31dd0a40-7370-4571-9085-d328b745fa6a}">
                          <labels>
                            <label description="Classification" languagecode="1033" />
                          </labels>
                          <rows>
                            <row />
                            <row>
                              <cell id="{ebcf0fb3-b86f-4da3-afe2-1df3224f07ae}" locklevel="0" colspan="1" rowspan="1" labelid="{997a9e8d-965d-4d00-817c-bce716f28d1b}">
                                <labels>
                                  <label description="Executive Action Category" languagecode="1033" />
                                </labels>
                                <control id="govcdm_executiveactioncategory" classid="{3EF39988-22BB-4F0B-BBBE-64B5A3748AEE}" datafieldname="govcdm_executiveactioncategory" disabled="false" />
                              </cell>
                            </row>
                            <row>
                              <cell id="{e64ec7e7-25b2-475d-8e05-1a3fae115b05}" locklevel="0" colspan="1" rowspan="1" labelid="{c114e5d7-db32-4f0f-821c-229df9862885}">
                                <labels>
                                  <label description="Executive Action Type" languagecode="1033" />
                                </labels>
                                <control id="govcdm_executiveactiontype" classid="{270BD3DB-D9AF-4782-9025-509E298DEC0A}" datafieldname="govcdm_executiveactiontype" disabled="false" />
                              </cell>
                            </row>
                            <row>
                              <cell id="{fa1df1cb-8e12-42bd-94e6-d0bfb7a24d87}" locklevel="0" colspan="1" rowspan="1" labelid="{7fea0226-a5a0-4381-9ea5-c75af3c598dd}">
                                <labels>
                                  <label description="Security Classification" languagecode="1033" />
                                </labels>
                                <control id="govcdm_securityclassification" classid="{3EF39988-22BB-4F0B-BBBE-64B5A3748AEE}" datafieldname="govcdm_securityclassification" disabled="false" />
                              </cell>
                            </row>
                          </rows>
                        </section>
                        <section name="_section_596" id="648fa866-2e95-47c3-bb5b-62926aadd5a8" IsUserDefined="0" locklevel="0" showlabel="true" showbar="false" layout="varwidth" celllabelalignment="Left" celllabelposition="Left" columns="1" labelwidth="115" labelid="{8925b338-825d-4352-be91-a923129d27bf}">
                          <labels>
                            <label description="Receipt" languagecode="1033" />
                          </labels>
                          <rows>
                            <row />
                            <row>
                              <cell id="{9e8b8550-bf89-42f6-9b34-2f3c47dbc085}" locklevel="0" colspan="1" rowspan="1" labelid="{fdfa75c4-0de0-4a3a-bdf3-2ea303bae743}">
                                <labels>
                                  <label description="Received Date Time" languagecode="1033" />
                                </labels>
                                <control id="govcdm_receiveddatetime" classid="{5B773807-9FB2-42DB-97C3-7A91EFF8ADFF}" datafieldname="govcdm_receiveddatetime" disabled="false" />
                              </cell>
                            </row>
                            <row>
                              <cell id="{37cd2db1-52e1-4037-b6d2-773d86c2e549}" locklevel="0" colspan="1" rowspan="1" labelid="{7675c5bb-4856-4f6b-9d00-4112457c31b3}">
                                <labels>
                                  <label description="Method of Receipt" languagecode="1033" />
                                </labels>
                                <control id="govcdm_methodofreceipt" classid="{3EF39988-22BB-4F0B-BBBE-64B5A3748AEE}" datafieldname="govcdm_methodofreceipt" disabled="false" />
                              </cell>
                            </row>
                            <row>
                              <cell id="{af08f2c3-2aba-4572-91c8-02bafda360b9}" locklevel="0" colspan="1" rowspan="1" labelid="{0f50739c-cbb1-49a8-934d-10736b965531}">
                                <labels>
                                  <label description="Received From Organization" languagecode="1033" />
                                </labels>
                                <control id="govcdm_receivedfromorganization" classid="{270BD3DB-D9AF-4782-9025-509E298DEC0A}" datafieldname="govcdm_receivedfromorganization" disabled="false" />
                              </cell>
                            </row>
                            <row>
                              <cell id="{dfe58add-8185-471a-96c8-6f61c4ffafd3}" locklevel="0" colspan="1" rowspan="1" labelid="{0f03fd54-9ef6-4465-a4dd-9d97c59e7f66}">
                                <labels>
                                  <label description="Received From OU" languagecode="1033" />
                                </labels>
                                <control id="govcdm_receivedfromou" classid="{270BD3DB-D9AF-4782-9025-509E298DEC0A}" datafieldname="govcdm_receivedfromou" disabled="false" />
                              </cell>
                            </row>
                            <row>
                              <cell id="{311b24b6-1e86-4a04-8575-aede4ae237fc}" locklevel="0" colspan="1" rowspan="1" labelid="{d8eed486-f9ca-4de5-b698-887aee24a01d}">
                                <labels>
                                  <label description="Received From Person" languagecode="1033" />
                                </labels>
                                <control id="govcdm_receivedfromperson" classid="{270BD3DB-D9AF-4782-9025-509E298DEC0A}" datafieldname="govcdm_receivedfromperson" disabled="false" />
                              </cell>
                            </row>
                          </rows>
                        </section>
                      </sections>
                    </column>
                  </columns>
                </tab>
                <tab name="tab_4" id="57415e57-4879-4eb7-a703-3c8fbf5cfffd" IsUserDefined="0" locklevel="0" showlabel="true">
                  <labels>
                    <label description="Sub Actions" languagecode="1033" />
                  </labels>
                  <columns>
                    <column width="100%">
                      <sections>
                        <section name="tab_4_section_1" id="90246a76-6ca5-419b-a353-a2926e4d72cd" IsUserDefined="0" locklevel="0" showlabel="false" showbar="false" layout="varwidth" celllabelalignment="Left" celllabelposition="Left" columns="1" labelwidth="115">
                          <labels>
                            <label description="New Section" languagecode="1033" />
                          </labels>
                          <rows>
                            <row />
                            <row>
                              <cell locklevel="0" id="{eee1d59c-387d-4c09-aa15-82ca261250da}" rowspan="4" colspan="1" auto="false" showlabel="false">
                                <labels>
                                  <label description="New SG control 1710098175378" languagecode="1033" />
                                </labels>
                                <control indicationOfSubgrid="true" id="Subgrid_new_2" classid="{E7A81278-8635-4D9E-8D4D-59480B391C5B}">
                                  <parameters>
                                    <RecordsPerPage>4</RecordsPerPage>
                                    <AutoExpand>Fixed</AutoExpand>
                                    <EnableQuickFind>false</EnableQuickFind>
                                    <EnableViewPicker>false</EnableViewPicker>
                                    <EnableChartPicker>true</EnableChartPicker>
                                    <ChartGridMode>All</ChartGridMode>
                                    <TargetEntityType>govcdm_executiveaction</TargetEntityType>
                                    <ViewId>{AF69DEC9-0EDF-EE11-904C-000D3A3AB141}</ViewId>
                                    <ViewIds>{AF69DEC9-0EDF-EE11-904C-000D3A3AB141}</ViewIds>
                                    <RelationshipName>govcdm_executiveaction_ParentAction_govcdm_execu</RelationshipName>
                                    <VisualizationId>{F62D8298-11DF-EE11-904C-000D3A3AB141}</VisualizationId>
                                  </parameters>
                                </control>
                              </cell>
                            </row>
                            <row />
                            <row />
                            <row />
                          </rows>
                        </section>
                      </sections>
                    </column>
                  </columns>
                </tab>
                <tab name="tab_2" id="2c4d45f7-21c6-4588-881d-6e3fa9906690" IsUserDefined="0" locklevel="0" showlabel="true" labelid="{8b933f61-1c5e-433c-b52f-052666758f17}">
                  <labels>
                    <label description="Assignments" languagecode="1033" />
                  </labels>
                  <columns>
                    <column width="100%">
                      <sections>
                        <section name="tab_2_section_1" id="d435f8e9-8c20-426f-86c0-7d4b6e687052" IsUserDefined="0" locklevel="0" showlabel="false" showbar="false" layout="varwidth" celllabelalignment="Left" celllabelposition="Left" columns="1" labelwidth="115" labelid="{e1a1cddb-b711-4664-91c0-dafd953f09dc}">
                          <labels>
                            <label description="New Section" languagecode="1033" />
                          </labels>
                          <rows>
                            <row />
                            <row>
                              <cell locklevel="0" id="{44d7d98a-6983-4736-b041-fc5e56ec44d3}" rowspan="4" colspan="1" auto="false" showlabel="false">
                                <labels>
                                  <label description="New SG control 1710098113078" languagecode="1033" />
                                </labels>
                                <control indicationOfSubgrid="true" id="Subgrid_new_1" classid="{E7A81278-8635-4D9E-8D4D-59480B391C5B}">
                                  <parameters>
                                    <RecordsPerPage>4</RecordsPerPage>
                                    <AutoExpand>Fixed</AutoExpand>
                                    <EnableQuickFind>false</EnableQuickFind>
                                    <EnableViewPicker>false</EnableViewPicker>
                                    <EnableChartPicker>true</EnableChartPicker>
                                    <ChartGridMode>All</ChartGridMode>
                                    <TargetEntityType>govcdm_actionassignment</TargetEntityType>
                                    <ViewId>{77E7E754-367C-4DB1-9A98-442057EFE829}</ViewId>
                                    <ViewIds>{C820B5E7-DC3B-4953-A188-8FA99AA53CAF},{77E7E754-367C-4DB1-9A98-442057EFE829}</ViewIds>
                                    <RelationshipName>govcdm_executiveaction_govcdm_ActionAssignments</RelationshipName>
                                  </parameters>
                                </control>
                              </cell>
                            </row>
                            <row />
                            <row />
                            <row />
                          </rows>
                        </section>
                      </sections>
                    </column>
                  </columns>
                </tab>
                <tab name="tab_3" id="86779c2f-b15b-4633-8a0f-e0b74bdd073e" IsUserDefined="0" locklevel="0" showlabel="true" labelid="{ecf2f131-b2a6-4234-ade1-3ec72b7f3454}">
                  <labels>
                    <label description="Closure" languagecode="1033" />
                  </labels>
                  <columns>
                    <column width="100%">
                      <sections>
                        <section name="tab_3_section_1" id="19946d22-611c-4b84-aec2-fd9d50516960" IsUserDefined="0" locklevel="0" showlabel="true" showbar="false" layout="varwidth" celllabelalignment="Left" celllabelposition="Left" columns="1" labelwidth="115" labelid="{04cf411a-5c3e-42d2-ba6e-24123ae22000}">
                          <labels>
                            <label description="New Section" languagecode="1033" />
                          </labels>
                          <rows>
                            <row />
                            <row>
                              <cell id="{97663ba8-e182-41bc-82e3-b3eb0c06da86}" locklevel="0" colspan="1" rowspan="1" labelid="{af58684d-a338-4071-9e3b-fddee0d90543}">
                                <labels>
                                  <label description="Outcome Summary" languagecode="1033" />
                                </labels>
                                <control id="govcdm_outcomesummary" classid="{E0DECE4B-6FC8-4A8F-A065-082708572369}" datafieldname="govcdm_outcomesummary" disabled="false" />
                              </cell>
                            </row>
                          </rows>
                        </section>
                      </sections>
                    </column>
                  </columns>
                </tab>
              </tabs>
              <header id="{fea65cac-c939-486a-959e-a0884a822acf}" celllabelposition="Top" columns="111" labelwidth="115" celllabelalignment="Left">
                <rows>
                  <row>
                    <cell id="{ccfe4d62-0a30-4177-8b71-24c1b342cb09}" showlabel="false" labelid="{9efb4104-c567-4518-9495-d764e3e0ee06}">
                      <labels>
                        <label description="" languagecode="1033" />
                      </labels>
                    </cell>
                    <cell id="{90b741b3-534b-4151-af4a-2a378b1d18ac}" showlabel="false" labelid="{a337ef7f-27e4-4873-a026-27c072e0fd5c}">
                      <labels>
                        <label description="" languagecode="1033" />
                      </labels>
                    </cell>
                    <cell id="{4f8aa166-dc7b-418f-8e46-94cde31b8b3b}" showlabel="false" labelid="{ad36b30f-3f0e-4447-8581-eb38d96fa7ed}">
                      <labels>
                        <label description="" languagecode="1033" />
                      </labels>
                    </cell>
                    <cell id="{98c17d57-7dc2-4c14-94ad-1b2c90d9ed94}" locklevel="0" colspan="1" rowspan="1" labelid="{ce0086fb-6157-449f-a90c-9120c3ab0782}">
                      <labels>
                        <label description="Parent Action" languagecode="1033" />
                      </labels>
                      <control id="header_govcdm_parentaction" classid="{270BD3DB-D9AF-4782-9025-509E298DEC0A}" datafieldname="govcdm_parentaction" disabled="false" />
                    </cell>
                  </row>
                </rows>
              </header>
              <footer id="{dba933e0-7e07-4bce-ae96-cfa54560d9dd}" celllabelposition="Top" columns="111" labelwidth="115" celllabelalignment="Left">
                <rows>
                  <row>
                    <cell id="{684515b4-08c6-4c68-80e6-80128797581a}" showlabel="false" labelid="{b4c22d90-bc62-41dd-bbaa-2860b5152972}">
                      <labels>
                        <label description="" languagecode="1033" />
                      </labels>
                    </cell>
                    <cell id="{4b8429a7-9b38-44d1-af48-e2eb1d07946f}" showlabel="false" labelid="{711878cd-c8d8-4236-9295-8aa0da7fd722}">
                      <labels>
                        <label description="" languagecode="1033" />
                      </labels>
                    </cell>
                    <cell id="{8c62132b-7fd9-4d5e-a045-e567e2f9ccaa}" showlabel="false" labelid="{ae4137cc-d21b-40aa-9d03-c6c300736e45}">
                      <labels>
                        <label description="" languagecode="1033" />
                      </labels>
                    </cell>
                  </row>
                </rows>
              </footer>
              <DisplayConditions Order="1" FallbackForm="true">
                <Role Id="{627090ff-40a3-4053-8790-584edc5be201}" />
                <Role Id="{119f245c-3cc8-4b62-b31c-d1a046ced15d}" />
              </DisplayConditions>
            </form>
            <IsCustomizable>1</IsCustomizable>
            <CanBeDeleted>1</CanBeDeleted>
            <LocalizedNames>
              <LocalizedName description="Main" languagecode="1033" />
            </LocalizedNames>
            <Descriptions>
              <Description description="A form for this entity." languagecode="1033" />
            </Descriptions>
          </systemform>
        </forms>
        <forms type="quickCreate">
          <systemform>
            <formid>{2d59b82c-26df-ee11-904c-000d3a3ab141}</formid>
            <IntroducedVersion>1.0</IntroducedVersion>
            <FormPresentation>1</FormPresentation>
            <FormActivationState>1</FormActivationState>
            <form>
              <tabs>
                <tab id="F931FFE2-B873-473F-8F95-9502F0AA3F5E" name="tab_1" showlabel="false" labelid="{c5e48fd5-ad75-4504-be5c-0d5fd9cc6bf9}">
                  <labels>
                    <label description="New Tab" languagecode="1033" />
                  </labels>
                  <columns>
                    <column width="34%">
                      <sections>
                        <section id="0C655D4E-C6E3-424E-9AF5-71E72D30D12E" name="tab_1_column_1_section_1" columns="1" showlabel="false" showbar="false" IsUserDefined="0" labelwidth="130" labelid="{076a30ad-f861-466c-8eee-e6d713007731}">
                          <labels>
                            <label description="New Section" languagecode="1033" />
                          </labels>
                          <rows>
                            <row>
                              <cell id="{ae8958f7-d1ca-46d7-be83-3587455fb941}" locklevel="0" colspan="1" rowspan="1" labelid="{2ffcc66c-87db-4cfa-b46b-3886a56a02b4}">
                                <labels>
                                  <label description="Parent Action" languagecode="1033" />
                                </labels>
                                <control id="govcdm_parentaction" classid="{270BD3DB-D9AF-4782-9025-509E298DEC0A}" datafieldname="govcdm_parentaction" disabled="false" />
                              </cell>
                            </row>
                            <row>
                              <cell id="{a9f8658b-badf-4152-af24-5002a210e808}" locklevel="0" colspan="1" rowspan="1" labelid="{e54622ec-8e2f-471c-8331-7d8a889cf08e}">
                                <labels>
                                  <label description="Action Number" languagecode="1033" />
                                </labels>
                                <control id="govcdm_actionnumber" classid="{4273EDBD-AC1D-40D3-9FB2-095C621B552D}" datafieldname="govcdm_actionnumber" disabled="false" />
                              </cell>
                            </row>
                            <row>
                              <cell id="{1b7af44f-f86f-4b16-bbed-7e03b942b36c}" locklevel="0" colspan="1" rowspan="1" labelid="{49843fe7-7f0e-4293-9b15-b589d88833fe}">
                                <labels>
                                  <label description="Name" languagecode="1033" />
                                </labels>
                                <control id="govcdm_name" classid="{4273EDBD-AC1D-40D3-9FB2-095C621B552D}" datafieldname="govcdm_name" disabled="false" />
                              </cell>
                            </row>
                            <row>
                              <cell id="{7ac341e4-7518-429a-aaca-54ada1b1e50b}" locklevel="0" colspan="1" rowspan="1" labelid="{5b6ba74b-7c46-43be-9202-bca5c4346f98}">
                                <labels>
                                  <label description="Description" languagecode="1033" />
                                </labels>
                                <control id="govcdm_description" classid="{E0DECE4B-6FC8-4A8F-A065-082708572369}" datafieldname="govcdm_description" disabled="false" />
                              </cell>
                            </row>
                            <row>
                              <cell id="{d87708c6-c2bc-4a5a-9090-6b987e825edf}" locklevel="0" colspan="1" rowspan="1" labelid="{3f05bb34-2dd2-4c07-aa5e-b98cf97c7364}">
                                <labels>
                                  <label description="Priority" languagecode="1033" />
                                </labels>
                                <control id="govcdm_priority" classid="{3EF39988-22BB-4F0B-BBBE-64B5A3748AEE}" datafieldname="govcdm_priority" disabled="false" />
                              </cell>
                            </row>
                            <row>
                              <cell id="{182f3b7c-19f2-40da-94ad-2fd99167d364}" locklevel="0" colspan="1" rowspan="1" labelid="{db362a2c-8302-4e74-ad7d-e934f4323409}">
                                <labels>
                                  <label description="Due Date Time" languagecode="1033" />
                                </labels>
                                <control id="govcdm_duedatetime" classid="{5B773807-9FB2-42DB-97C3-7A91EFF8ADFF}" datafieldname="govcdm_duedatetime" disabled="false" />
                              </cell>
                            </row>
                          </rows>
                        </section>
                      </sections>
                    </column>
                    <column width="33%">
                      <sections>
                        <section id="02DECBA0-3AE2-484D-A19F-C5353AF4F4F2" name="tab_1_column_2_section_1" columns="1" showlabel="true" showbar="false" IsUserDefined="0" labelwidth="130" labelid="{6b4a191c-4870-4a90-8c25-48717b69f2c4}">
                          <labels>
                            <label description="Receipt" languagecode="1033" />
                          </labels>
                          <rows>
                            <row>
                              <cell id="{67c4c49d-ebb2-47d5-bc86-89970d7ecd74}" locklevel="0" colspan="1" rowspan="1" labelid="{7e6f6585-d1e0-4690-bd34-22400394e104}">
                                <labels>
                                  <label description="Method of Receipt" languagecode="1033" />
                                </labels>
                                <control id="govcdm_methodofreceipt" classid="{3EF39988-22BB-4F0B-BBBE-64B5A3748AEE}" datafieldname="govcdm_methodofreceipt" disabled="false" />
                              </cell>
                            </row>
                            <row>
                              <cell id="{0872c6d3-144b-4f95-9605-d456fe53ca05}" locklevel="0" colspan="1" rowspan="1" labelid="{68879b5b-9ff0-4dfd-ad55-8f1a59dae64f}">
                                <labels>
                                  <label description="Received Date Time" languagecode="1033" />
                                </labels>
                                <control id="govcdm_receiveddatetime" classid="{5B773807-9FB2-42DB-97C3-7A91EFF8ADFF}" datafieldname="govcdm_receiveddatetime" disabled="false" />
                              </cell>
                            </row>
                            <row>
                              <cell id="{ab954349-18e5-46a9-89c9-aba4bee381c9}" locklevel="0" colspan="1" rowspan="1" labelid="{ffe5579e-18ee-4794-bb34-f521e66b6426}">
                                <labels>
                                  <label description="Received From Organization" languagecode="1033" />
                                </labels>
                                <control id="govcdm_receivedfromorganization" classid="{270BD3DB-D9AF-4782-9025-509E298DEC0A}" datafieldname="govcdm_receivedfromorganization" disabled="false" />
                              </cell>
                            </row>
                            <row>
                              <cell id="{ce105329-a1ea-4d28-972e-2ef939e8d4fd}" locklevel="0" colspan="1" rowspan="1" labelid="{3bfa04b0-d97a-42d1-941e-6f1b32f672cb}">
                                <labels>
                                  <label description="Received From OU" languagecode="1033" />
                                </labels>
                                <control id="govcdm_receivedfromou" classid="{270BD3DB-D9AF-4782-9025-509E298DEC0A}" datafieldname="govcdm_receivedfromou" disabled="false" />
                              </cell>
                            </row>
                            <row>
                              <cell id="{bc70e86f-ec01-4bba-b452-bd2c2645e317}" locklevel="0" colspan="1" rowspan="1" labelid="{3925d82f-0069-4a96-ac7f-40be81b0cd87}">
                                <labels>
                                  <label description="Received From Person" languagecode="1033" />
                                </labels>
                                <control id="govcdm_receivedfromperson" classid="{270BD3DB-D9AF-4782-9025-509E298DEC0A}" datafieldname="govcdm_receivedfromperson" disabled="false" />
                              </cell>
                            </row>
                          </rows>
                        </section>
                      </sections>
                    </column>
                    <column width="33%">
                      <sections>
                        <section id="46FD66EA-B686-41D9-AAE0-C565BD78EC1F" name="tab_1_column_3_section_1" columns="1" showlabel="true" showbar="false" IsUserDefined="0" labelwidth="130" labelid="{cd6f61b3-d5dd-45b2-8c14-fa70cbb8ccb2}">
                          <labels>
                            <label description="Classification" languagecode="1033" />
                          </labels>
                          <rows>
                            <row>
                              <cell id="{a6df4c61-1a48-4d7a-b035-cd988cc4d872}" locklevel="0" colspan="1" rowspan="1" labelid="{2280f7aa-6062-4c66-aa53-e84bf1cbb740}">
                                <labels>
                                  <label description="Executive Action Category" languagecode="1033" />
                                </labels>
                                <control id="govcdm_executiveactioncategory" classid="{3EF39988-22BB-4F0B-BBBE-64B5A3748AEE}" datafieldname="govcdm_executiveactioncategory" disabled="false" />
                              </cell>
                            </row>
                            <row>
                              <cell id="{20afc771-4295-4dbf-b46e-6b8a91d6740d}" locklevel="0" colspan="1" rowspan="1" labelid="{b0481b8c-56eb-49de-a60a-9c6ca29090ac}">
                                <labels>
                                  <label description="Executive Action Type" languagecode="1033" />
                                </labels>
                                <control id="govcdm_executiveactiontype" classid="{270BD3DB-D9AF-4782-9025-509E298DEC0A}" datafieldname="govcdm_executiveactiontype" disabled="false" />
                              </cell>
                            </row>
                            <row>
                              <cell id="{37935b53-f299-4820-b0bd-74b5e6af52f1}" locklevel="0" colspan="1" rowspan="1" labelid="{776d9ef9-3acb-4a56-b42b-c2576ca48571}">
                                <labels>
                                  <label description="Security Classification" languagecode="1033" />
                                </labels>
                                <control id="govcdm_securityclassification" classid="{3EF39988-22BB-4F0B-BBBE-64B5A3748AEE}" datafieldname="govcdm_securityclassification" disabled="false" />
                              </cell>
                            </row>
                          </rows>
                        </section>
                      </sections>
                    </column>
                  </columns>
                </tab>
              </tabs>
              <DisplayConditions Order="0" FallbackForm="true">
                <Role Id="{627090ff-40a3-4053-8790-584edc5be201}" />
                <Role Id="{119f245c-3cc8-4b62-b31c-d1a046ced15d}" />
              </DisplayConditions>
            </form>
            <IsCustomizable>1</IsCustomizable>
            <CanBeDeleted>1</CanBeDeleted>
            <LocalizedNames>
              <LocalizedName description="Quick Create" languagecode="1033" />
            </LocalizedNames>
          </systemform>
        </forms>
      </FormXml>
      <SavedQueries>
        <savedqueries>
          <savedquery>
            <IsCustomizable>1</IsCustomizable>
            <CanBeDeleted>1</CanBeDeleted>
            <isquickfindquery>0</isquickfindquery>
            <isprivate>0</isprivate>
            <isdefault>1</isdefault>
            <savedqueryid>{af69dec9-0edf-ee11-904c-000d3a3ab141}</savedqueryid>
            <layoutxml>
              <grid name="resultset" jump="govcdm_name" select="1" icon="1" preview="1">
                <row name="result" id="govcdm_executiveactionid">
                  <cell name="govcdm_actionnumber" width="128" />
                  <cell name="govcdm_name" width="288" />
                  <cell name="govcdm_executiveactiontype" width="169" />
                  <cell name="govcdm_priority" width="100" />
                  <cell name="govcdm_securityclassification" width="168" />
                  <cell name="govcdm_actionstatus" width="116" />
                  <cell name="govcdm_receiveddatetime" width="155" />
                  <cell name="govcdm_duedatetime" width="126" />
                  <cell name="govcdm_description" width="300" />
                </row>
              </grid>
            </layoutxml>
            <querytype>0</querytype>
            <fetchxml>
              <fetch version="1.0" output-format="xml-platform" mapping="logical">
                <entity name="govcdm_executiveaction">
                  <attribute name="govcdm_name" />
                  <attribute name="govcdm_executiveactionid" />
                  <attribute name="govcdm_actionnumber" />
                  <attribute name="govcdm_actionstatus" />
                  <attribute name="govcdm_description" />
                  <attribute name="govcdm_duedatetime" />
                  <attribute name="govcdm_executiveactiontype" />
                  <attribute name="govcdm_priority" />
                  <attribute name="govcdm_securityclassification" />
                  <attribute name="govcdm_receiveddatetime" />
                </entity>
              </fetch>
            </fetchxml>
            <IntroducedVersion>1.0</IntroducedVersion>
            <LocalizedNames>
              <LocalizedName description="Executive Actions" languagecode="1033" />
            </LocalizedNames>
          </savedquery>
        </savedqueries>
      </SavedQueries>
      <Visualizations>
        <visualization>
          <savedqueryvisualizationid>{F62D8298-11DF-EE11-904C-000D3A3AB141}</savedqueryvisualizationid>
          <datadescription>
            <datadefinition>
              <fetchcollection>
                <fetch mapping="logical" aggregate="true">
                  <entity name="govcdm_executiveaction">
                    <attribute name="govcdm_executiveactiontype" groupby="true" alias="_CRMAutoGen_groupby_column_Num_0" />
                    <attribute name="govcdm_executiveactiontype" aggregate="count" alias="_CRMAutoGen_aggregate_column_Num_0" />
                  </entity>
                </fetch>
              </fetchcollection>
              <categorycollection>
                <category alias="_CRMAutoGen_groupby_column_Num_0">
                  <measurecollection>
                    <measure alias="_CRMAutoGen_aggregate_column_Num_0" />
                  </measurecollection>
                </category>
              </categorycollection>
            </datadefinition>
          </datadescription>
          <presentationdescription>
            <Chart Palette="None" PaletteCustomColors="58,150,221; 104,153,32; 215,116,64; 195,107,209; 87,129,27; 119,141,241; 202,80,16; 79,107,237; 238,95,183; 0,165,175; 230,28,153; 178,124,0; 177,70,194; 0,115,81; 99,124,239; 0,139,148; 52,135,199; 148,112,189; 227,0,140; 208,98,40;">
              <Series>
                <Series ChartType="Bar" IsValueShownAsLabel="True" Font="{0}, 14px" LabelForeColor="36, 36, 36" CustomProperties="PointWidth=0.75, MaxPixelPointWidth=40">
                  <SmartLabelStyle Enabled="True" />
                </Series>
              </Series>
              <ChartAreas>
                <ChartArea BorderColor="White" BorderDashStyle="Solid">
                  <AxisY LabelAutoFitMinFontSize="8" TitleForeColor="36, 36, 36" TitleFont="{0}, 14px" LineColor="209, 209, 209" IntervalAutoMode="VariableCount">
                    <MajorGrid LineColor="240, 240, 240" />
                    <MajorTickMark LineColor="209, 209, 209" />
                    <LabelStyle Font="{0}, 14px" ForeColor="36, 36, 36" />
                  </AxisY>
                  <AxisX LabelAutoFitMinFontSize="8" TitleForeColor="36, 36, 36" TitleFont="{0}, 14px" LineColor="209, 209, 209" IntervalAutoMode="VariableCount">
                    <MajorTickMark LineColor="209, 209, 209" />
                    <MajorGrid LineColor="Transparent" />
                    <LabelStyle Font="{0}, 14px" ForeColor="36, 36, 36" />
                  </AxisX>
                </ChartArea>
              </ChartAreas>
              <Titles>
                <Title Alignment="TopLeft" DockingOffset="-3" Font="{0}, 14px" ForeColor="214, 214, 214" />
              </Titles>
            </Chart>
          </presentationdescription>
          <isdefault>0</isdefault>
          <LocalizedNames>
            <LocalizedName description="By Executive Action Type" languagecode="1033" />
          </LocalizedNames>
          <IsCustomizable>1</IsCustomizable>
          <IntroducedVersion>1.0</IntroducedVersion>
          <CanBeDeleted>1</CanBeDeleted>
        </visualization>
      </Visualizations>
      <RibbonDiffXml>
        <CustomActions />
        <Templates>
          <RibbonTemplates Id="Mscrm.Templates"></RibbonTemplates>
        </Templates>
        <CommandDefinitions />
        <RuleDefinitions>
          <TabDisplayRules />
          <DisplayRules />
          <EnableRules />
        </RuleDefinitions>
        <LocLabels />
      </RibbonDiffXml>
    </Entity>
    <Entity>
      <Name LocalizedName="MOU" OriginalName="MOU">govcdm_MOU</Name>
      <RibbonDiffXml>
        <CustomActions />
        <Templates>
          <RibbonTemplates Id="Mscrm.Templates"></RibbonTemplates>
        </Templates>
        <CommandDefinitions />
        <RuleDefinitions>
          <TabDisplayRules />
          <DisplayRules />
          <EnableRules />
        </RuleDefinitions>
        <LocLabels />
      </RibbonDiffXml>
    </Entity>
    <Entity>
      <Name LocalizedName="Letter" OriginalName="">Letter</Name>
      <RibbonDiffXml>
        <CustomActions />
        <Templates>
          <RibbonTemplates Id="Mscrm.Templates"></RibbonTemplates>
        </Templates>
        <CommandDefinitions />
        <RuleDefinitions>
          <TabDisplayRules />
          <DisplayRules />
          <EnableRules />
        </RuleDefinitions>
        <LocLabels />
      </RibbonDiffXml>
    </Entity>
    <Entity>
      <Name LocalizedName="Phone Call" OriginalName="">PhoneCall</Name>
      <RibbonDiffXml>
        <CustomActions />
        <Templates>
          <RibbonTemplates Id="Mscrm.Templates"></RibbonTemplates>
        </Templates>
        <CommandDefinitions />
        <RuleDefinitions>
          <TabDisplayRules />
          <DisplayRules />
          <EnableRules />
        </RuleDefinitions>
        <LocLabels />
      </RibbonDiffXml>
    </Entity>
    <Entity>
      <Name LocalizedName="Process Session" OriginalName="">ProcessSession</Name>
      <RibbonDiffXml>
        <RibbonNotSupported />
      </RibbonDiffXml>
    </Entity>
    <Entity>
      <Name LocalizedName="Recurring Appointment" OriginalName="">RecurringAppointmentMaster</Name>
      <RibbonDiffXml>
        <CustomActions />
        <Templates>
          <RibbonTemplates Id="Mscrm.Templates"></RibbonTemplates>
        </Templates>
        <CommandDefinitions />
        <RuleDefinitions>
          <TabDisplayRules />
          <DisplayRules />
          <EnableRules />
        </RuleDefinitions>
        <LocLabels />
      </RibbonDiffXml>
    </Entity>
    <Entity>
      <Name LocalizedName="Task" OriginalName="">Task</Name>
      <RibbonDiffXml>
        <CustomActions />
        <Templates>
          <RibbonTemplates Id="Mscrm.Templates"></RibbonTemplates>
        </Templates>
        <CommandDefinitions />
        <RuleDefinitions>
          <TabDisplayRules />
          <DisplayRules />
          <EnableRules />
        </RuleDefinitions>
        <LocLabels />
      </RibbonDiffXml>
    </Entity>
  </Entities>
  <Roles />
  <Workflows />
  <FieldSecurityProfiles />
  <Templates />
  <EntityMaps />
  <EntityRelationships>
    <EntityRelationship Name="govcdm_executiveaction_ActivityPointers">
      <EntityRelationshipType>OneToMany</EntityRelationshipType>
      <IsCustomizable>1</IsCustomizable>
      <IntroducedVersion>1.0</IntroducedVersion>
      <IsHierarchical>0</IsHierarchical>
      <ReferencingEntityName>ActivityPointer</ReferencingEntityName>
      <ReferencedEntityName>govcdm_ExecutiveAction</ReferencedEntityName>
      <CascadeAssign>NoCascade</CascadeAssign>
      <CascadeDelete>RemoveLink</CascadeDelete>
      <CascadeArchive>NoCascade</CascadeArchive>
      <CascadeReparent>NoCascade</CascadeReparent>
      <CascadeShare>NoCascade</CascadeShare>
      <CascadeUnshare>NoCascade</CascadeUnshare>
      <ReferencingAttributeName>RegardingObjectId</ReferencingAttributeName>
      <RelationshipDescription>
        <Descriptions>
          <Description description="Unique identifier of the object with which the activity is associated." languagecode="1033" />
        </Descriptions>
      </RelationshipDescription>
      <EntityRelationshipRoles>
        <EntityRelationshipRole>
          <NavPaneDisplayOption>UseCollectionName</NavPaneDisplayOption>
          <NavPaneArea>Details</NavPaneArea>
          <NavPaneOrder>0</NavPaneOrder>
          <NavigationPropertyName>regardingobjectid_govcdm_executiveaction</NavigationPropertyName>
          <RelationshipRoleType>1</RelationshipRoleType>
        </EntityRelationshipRole>
        <EntityRelationshipRole>
          <NavigationPropertyName>govcdm_executiveaction_ActivityPointers</NavigationPropertyName>
          <RelationshipRoleType>0</RelationshipRoleType>
        </EntityRelationshipRole>
      </EntityRelationshipRoles>
    </EntityRelationship>
    <EntityRelationship Name="govcdm_executiveaction_adx_inviteredemptions">
      <EntityRelationshipType>OneToMany</EntityRelationshipType>
      <IsCustomizable>1</IsCustomizable>
      <IntroducedVersion>1.0</IntroducedVersion>
      <IsHierarchical>0</IsHierarchical>
      <ReferencingEntityName>adx_inviteredemption</ReferencingEntityName>
      <ReferencedEntityName>govcdm_ExecutiveAction</ReferencedEntityName>
      <CascadeAssign>Cascade</CascadeAssign>
      <CascadeDelete>Cascade</CascadeDelete>
      <CascadeArchive>NoCascade</CascadeArchive>
      <CascadeReparent>Cascade</CascadeReparent>
      <CascadeShare>Cascade</CascadeShare>
      <CascadeUnshare>Cascade</CascadeUnshare>
      <ReferencingAttributeName>RegardingObjectId</ReferencingAttributeName>
      <RelationshipDescription>
        <Descriptions>
          <Description description="Unique identifier of the object with which the activity is associated." languagecode="1033" />
        </Descriptions>
      </RelationshipDescription>
    </EntityRelationship>
    <EntityRelationship Name="govcdm_executiveaction_adx_portalcomments">
      <EntityRelationshipType>OneToMany</EntityRelationshipType>
      <IsCustomizable>1</IsCustomizable>
      <IntroducedVersion>1.0</IntroducedVersion>
      <IsHierarchical>0</IsHierarchical>
      <ReferencingEntityName>adx_portalcomment</ReferencingEntityName>
      <ReferencedEntityName>govcdm_ExecutiveAction</ReferencedEntityName>
      <CascadeAssign>Cascade</CascadeAssign>
      <CascadeDelete>Cascade</CascadeDelete>
      <CascadeArchive>NoCascade</CascadeArchive>
      <CascadeReparent>Cascade</CascadeReparent>
      <CascadeShare>Cascade</CascadeShare>
      <CascadeUnshare>Cascade</CascadeUnshare>
      <ReferencingAttributeName>RegardingObjectId</ReferencingAttributeName>
      <RelationshipDescription>
        <Descriptions>
          <Description description="Unique identifier of the object with which the activity is associated." languagecode="1033" />
        </Descriptions>
      </RelationshipDescription>
    </EntityRelationship>
    <EntityRelationship Name="govcdm_executiveaction_Appointments">
      <EntityRelationshipType>OneToMany</EntityRelationshipType>
      <IsCustomizable>1</IsCustomizable>
      <IntroducedVersion>1.0</IntroducedVersion>
      <IsHierarchical>0</IsHierarchical>
      <ReferencingEntityName>Appointment</ReferencingEntityName>
      <ReferencedEntityName>govcdm_ExecutiveAction</ReferencedEntityName>
      <CascadeAssign>Cascade</CascadeAssign>
      <CascadeDelete>Cascade</CascadeDelete>
      <CascadeArchive>NoCascade</CascadeArchive>
      <CascadeReparent>Cascade</CascadeReparent>
      <CascadeShare>Cascade</CascadeShare>
      <CascadeUnshare>Cascade</CascadeUnshare>
      <ReferencingAttributeName>RegardingObjectId</ReferencingAttributeName>
      <RelationshipDescription>
        <Descriptions>
          <Description description="Choose the record that the appointment relates to." languagecode="1033" />
        </Descriptions>
      </RelationshipDescription>
    </EntityRelationship>
    <EntityRelationship Name="govcdm_executiveaction_chats">
      <EntityRelationshipType>OneToMany</EntityRelationshipType>
      <IsCustomizable>1</IsCustomizable>
      <IntroducedVersion>1.0</IntroducedVersion>
      <IsHierarchical>0</IsHierarchical>
      <ReferencingEntityName>chat</ReferencingEntityName>
      <ReferencedEntityName>govcdm_ExecutiveAction</ReferencedEntityName>
      <CascadeAssign>Cascade</CascadeAssign>
      <CascadeDelete>Cascade</CascadeDelete>
      <CascadeArchive>NoCascade</CascadeArchive>
      <CascadeReparent>Cascade</CascadeReparent>
      <CascadeShare>Cascade</CascadeShare>
      <CascadeUnshare>Cascade</CascadeUnshare>
      <ReferencingAttributeName>RegardingObjectId</ReferencingAttributeName>
      <RelationshipDescription>
        <Descriptions>
          <Description description="Unique identifier of the object with which the activity is associated." languagecode="1033" />
        </Descriptions>
      </RelationshipDescription>
    </EntityRelationship>
    <EntityRelationship Name="govcdm_executiveaction_Emails">
      <EntityRelationshipType>OneToMany</EntityRelationshipType>
      <IsCustomizable>1</IsCustomizable>
      <IntroducedVersion>1.0</IntroducedVersion>
      <IsHierarchical>0</IsHierarchical>
      <ReferencingEntityName>Email</ReferencingEntityName>
      <ReferencedEntityName>govcdm_ExecutiveAction</ReferencedEntityName>
      <CascadeAssign>Cascade</CascadeAssign>
      <CascadeDelete>Cascade</CascadeDelete>
      <CascadeArchive>NoCascade</CascadeArchive>
      <CascadeReparent>Cascade</CascadeReparent>
      <CascadeShare>Cascade</CascadeShare>
      <CascadeUnshare>Cascade</CascadeUnshare>
      <ReferencingAttributeName>RegardingObjectId</ReferencingAttributeName>
      <RelationshipDescription>
        <Descriptions>
          <Description description="Choose the record that the email relates to." languagecode="1033" />
        </Descriptions>
      </RelationshipDescription>
    </EntityRelationship>
    <EntityRelationship Name="govcdm_executiveaction_Faxes">
      <EntityRelationshipType>OneToMany</EntityRelationshipType>
      <IsCustomizable>1</IsCustomizable>
      <IntroducedVersion>1.0</IntroducedVersion>
      <IsHierarchical>0</IsHierarchical>
      <ReferencingEntityName>Fax</ReferencingEntityName>
      <ReferencedEntityName>govcdm_ExecutiveAction</ReferencedEntityName>
      <CascadeAssign>Cascade</CascadeAssign>
      <CascadeDelete>Cascade</CascadeDelete>
      <CascadeArchive>NoCascade</CascadeArchive>
      <CascadeReparent>Cascade</CascadeReparent>
      <CascadeShare>Cascade</CascadeShare>
      <CascadeUnshare>Cascade</CascadeUnshare>
      <ReferencingAttributeName>RegardingObjectId</ReferencingAttributeName>
      <RelationshipDescription>
        <Descriptions>
          <Description description="Choose the record that the fax relates to." languagecode="1033" />
        </Descriptions>
      </RelationshipDescription>
    </EntityRelationship>
    <EntityRelationship Name="govcdm_executiveaction_govcdm_ActionAssignments">
      <EntityRelationshipType>OneToMany</EntityRelationshipType>
      <IsCustomizable>1</IsCustomizable>
      <IntroducedVersion>1.0</IntroducedVersion>
      <IsHierarchical>0</IsHierarchical>
      <ReferencingEntityName>govcdm_ActionAssignment</ReferencingEntityName>
      <ReferencedEntityName>govcdm_ExecutiveAction</ReferencedEntityName>
      <CascadeAssign>Cascade</CascadeAssign>
      <CascadeDelete>Cascade</CascadeDelete>
      <CascadeArchive>NoCascade</CascadeArchive>
      <CascadeReparent>Cascade</CascadeReparent>
      <CascadeShare>Cascade</CascadeShare>
      <CascadeUnshare>Cascade</CascadeUnshare>
      <ReferencingAttributeName>RegardingObjectId</ReferencingAttributeName>
      <RelationshipDescription>
        <Descriptions>
          <Description description="Unique identifier of the object with which the activity is associated." languagecode="1033" />
        </Descriptions>
      </RelationshipDescription>
    </EntityRelationship>
    <EntityRelationship Name="govcdm_executiveaction_Letters">
      <EntityRelationshipType>OneToMany</EntityRelationshipType>
      <IsCustomizable>1</IsCustomizable>
      <IntroducedVersion>1.0</IntroducedVersion>
      <IsHierarchical>0</IsHierarchical>
      <ReferencingEntityName>Letter</ReferencingEntityName>
      <ReferencedEntityName>govcdm_ExecutiveAction</ReferencedEntityName>
      <CascadeAssign>Cascade</CascadeAssign>
      <CascadeDelete>Cascade</CascadeDelete>
      <CascadeArchive>NoCascade</CascadeArchive>
      <CascadeReparent>Cascade</CascadeReparent>
      <CascadeShare>Cascade</CascadeShare>
      <CascadeUnshare>Cascade</CascadeUnshare>
      <ReferencingAttributeName>RegardingObjectId</ReferencingAttributeName>
      <RelationshipDescription>
        <Descriptions>
          <Description description="Choose the record that the letter relates to." languagecode="1033" />
        </Descriptions>
      </RelationshipDescription>
    </EntityRelationship>
    <EntityRelationship Name="govcdm_executiveaction_PhoneCalls">
      <EntityRelationshipType>OneToMany</EntityRelationshipType>
      <IsCustomizable>1</IsCustomizable>
      <IntroducedVersion>1.0</IntroducedVersion>
      <IsHierarchical>0</IsHierarchical>
      <ReferencingEntityName>PhoneCall</ReferencingEntityName>
      <ReferencedEntityName>govcdm_ExecutiveAction</ReferencedEntityName>
      <CascadeAssign>Cascade</CascadeAssign>
      <CascadeDelete>Cascade</CascadeDelete>
      <CascadeArchive>NoCascade</CascadeArchive>
      <CascadeReparent>Cascade</CascadeReparent>
      <CascadeShare>Cascade</CascadeShare>
      <CascadeUnshare>Cascade</CascadeUnshare>
      <ReferencingAttributeName>RegardingObjectId</ReferencingAttributeName>
      <RelationshipDescription>
        <Descriptions>
          <Description description="Choose the record that the phone call relates to." languagecode="1033" />
        </Descriptions>
      </RelationshipDescription>
    </EntityRelationship>
    <EntityRelationship Name="govcdm_executiveaction_ProcessSession">
      <EntityRelationshipType>OneToMany</EntityRelationshipType>
      <IsCustomizable>1</IsCustomizable>
      <IntroducedVersion>1.0</IntroducedVersion>
      <IsHierarchical>0</IsHierarchical>
      <ReferencingEntityName>ProcessSession</ReferencingEntityName>
      <ReferencedEntityName>govcdm_ExecutiveAction</ReferencedEntityName>
      <CascadeAssign>NoCascade</CascadeAssign>
      <CascadeDelete>NoCascade</CascadeDelete>
      <CascadeArchive>NoCascade</CascadeArchive>
      <CascadeReparent>NoCascade</CascadeReparent>
      <CascadeShare>NoCascade</CascadeShare>
      <CascadeUnshare>NoCascade</CascadeUnshare>
      <ReferencingAttributeName>RegardingObjectId</ReferencingAttributeName>
      <RelationshipDescription>
        <Descriptions>
          <Description description="Unique identifier of the object with which the dialog session is associated." languagecode="1033" />
        </Descriptions>
      </RelationshipDescription>
    </EntityRelationship>
    <EntityRelationship Name="govcdm_executiveaction_RecurringAppointmentMasters">
      <EntityRelationshipType>OneToMany</EntityRelationshipType>
      <IsCustomizable>1</IsCustomizable>
      <IntroducedVersion>1.0</IntroducedVersion>
      <IsHierarchical>0</IsHierarchical>
      <ReferencingEntityName>RecurringAppointmentMaster</ReferencingEntityName>
      <ReferencedEntityName>govcdm_ExecutiveAction</ReferencedEntityName>
      <CascadeAssign>Cascade</CascadeAssign>
      <CascadeDelete>Cascade</CascadeDelete>
      <CascadeArchive>NoCascade</CascadeArchive>
      <CascadeReparent>Cascade</CascadeReparent>
      <CascadeShare>Cascade</CascadeShare>
      <CascadeUnshare>Cascade</CascadeUnshare>
      <ReferencingAttributeName>RegardingObjectId</ReferencingAttributeName>
      <RelationshipDescription>
        <Descriptions>
          <Description description="Choose the record that the recurring appointment series relates to." languagecode="1033" />
        </Descriptions>
      </RelationshipDescription>
    </EntityRelationship>
    <EntityRelationship Name="govcdm_executiveaction_Tasks">
      <EntityRelationshipType>OneToMany</EntityRelationshipType>
      <IsCustomizable>1</IsCustomizable>
      <IntroducedVersion>1.0</IntroducedVersion>
      <IsHierarchical>0</IsHierarchical>
      <ReferencingEntityName>Task</ReferencingEntityName>
      <ReferencedEntityName>govcdm_ExecutiveAction</ReferencedEntityName>
      <CascadeAssign>Cascade</CascadeAssign>
      <CascadeDelete>Cascade</CascadeDelete>
      <CascadeArchive>NoCascade</CascadeArchive>
      <CascadeReparent>Cascade</CascadeReparent>
      <CascadeShare>Cascade</CascadeShare>
      <CascadeUnshare>Cascade</CascadeUnshare>
      <ReferencingAttributeName>RegardingObjectId</ReferencingAttributeName>
      <RelationshipDescription>
        <Descriptions>
          <Description description="Choose the record that the task relates to." languagecode="1033" />
        </Descriptions>
      </RelationshipDescription>
    </EntityRelationship>
  </EntityRelationships>
  <OrganizationSettings />
  <optionsets />
  <CustomControls />
  <AppModuleSiteMaps>
    <AppModuleSiteMap>
      <SiteMapUniqueName>msfed_ExecutiveCoordination</SiteMapUniqueName>
      <EnableCollapsibleGroups>False</EnableCollapsibleGroups>
      <ShowHome>True</ShowHome>
      <ShowPinned>True</ShowPinned>
      <ShowRecents>True</ShowRecents>
      <SiteMap IntroducedVersion="7.0.0.0">
        <Area Id="area_fdfd8325" ResourceId="SitemapDesigner.NewTitle" DescriptionResourceId="SitemapDesigner.NewTitle" ShowGroups="true" IntroducedVersion="7.0.0.0">
          <Titles>
            <Title LCID="1033" Title="Area1" />
          </Titles>
          <Group Id="group_26a2d69b" ResourceId="SitemapDesigner.NewGroup" DescriptionResourceId="SitemapDesigner.NewGroup" IntroducedVersion="7.0.0.0" IsProfile="false" ToolTipResourseId="SitemapDesigner.Unknown">
            <Titles>
              <Title LCID="1033" Title="Action and Correspondence" />
            </Titles>
            <SubArea Id="subarea_7c03d570" Icon="/_imgs/imagestrips/transparent_spacer.gif" Entity="govcdm_executiveaction" Client="All,Outlook,OutlookLaptopClient,OutlookWorkstationClient,Web" AvailableOffline="true" PassParams="false" Sku="All,OnPremise,Live,SPLA" />
            <SubArea Id="subarea_031e431c" Icon="/_imgs/imagestrips/transparent_spacer.gif" Entity="govcdm_actionassignment" Client="All,Outlook,OutlookLaptopClient,OutlookWorkstationClient,Web" AvailableOffline="true" PassParams="false" Sku="All,OnPremise,Live,SPLA" />
          </Group>
          <Group Id="group_24e18325" ResourceId="SitemapDesigner.NewGroup" DescriptionResourceId="SitemapDesigner.NewGroup" IntroducedVersion="7.0.0.0" IsProfile="false" ToolTipResourseId="SitemapDesigner.Unknown">
            <Titles>
              <Title LCID="1033" Title="Agreements" />
            </Titles>
            <SubArea Id="subarea_040c478d" Icon="/_imgs/imagestrips/transparent_spacer.gif" Entity="govcdm_mou" Client="All,Outlook,OutlookLaptopClient,OutlookWorkstationClient,Web" AvailableOffline="true" PassParams="false" Sku="All,OnPremise,Live,SPLA" />
          </Group>
          <Group Id="group_74dbc321" ResourceId="SitemapDesigner.NewGroup" DescriptionResourceId="SitemapDesigner.NewGroup" IntroducedVersion="7.0.0.0" IsProfile="false" ToolTipResourseId="SitemapDesigner.Unknown">
            <Titles>
              <Title LCID="1033" Title="Admin" />
            </Titles>
            <SubArea Id="subarea_7a52fdc9" Icon="/_imgs/imagestrips/transparent_spacer.gif" Entity="govcdm_executiveactiontype" Client="All,Outlook,OutlookLaptopClient,OutlookWorkstationClient,Web" AvailableOffline="true" PassParams="false" Sku="All,OnPremise,Live,SPLA" />
          </Group>
        </Area>
      </SiteMap>
      <LocalizedNames>
        <LocalizedName description="Executive Coordination" languagecode="1033" />
      </LocalizedNames>
    </AppModuleSiteMap>
  </AppModuleSiteMaps>
  <AppModules>
    <AppModule>
      <UniqueName>msfed_ExecutiveCoordination</UniqueName>
      <IntroducedVersion>1.0</IntroducedVersion>
      <WebResourceId>953b9fac-1e5e-e611-80d6-00155ded156f</WebResourceId>
      <OptimizedFor></OptimizedFor>
      <statecode>0</statecode>
      <statuscode>1</statuscode>
      <FormFactor>1</FormFactor>
      <ClientType>4</ClientType>
      <NavigationType>0</NavigationType>
      <AppModuleComponents>
        <AppModuleComponent type="1" schemaName="govcdm_actionassignment" />
        <AppModuleComponent type="1" schemaName="govcdm_executiveaction" />
        <AppModuleComponent type="1" schemaName="govcdm_executiveactiontype" />
        <AppModuleComponent type="1" schemaName="govcdm_mou" />
        <AppModuleComponent type="26" id="{af69dec9-0edf-ee11-904c-000d3a3ab141}" />
        <AppModuleComponent type="26" id="{05ddf1dd-1bd0-4f68-bcd3-37e49cef1ff4}" />
        <AppModuleComponent type="26" id="{2d9f5ee4-e5b7-4596-a1c1-663872dde9dc}" />
        <AppModuleComponent type="26" id="{6e7d5da7-f0ee-4989-a55c-adb5c068c06f}" />
        <AppModuleComponent type="26" id="{1e5259dd-9699-4b69-a723-c619631ce3bc}" />
        <AppModuleComponent type="60" id="{1eaa6554-0adf-ee11-904c-000d3a3ab141}" />
        <AppModuleComponent type="60" id="{2d59b82c-26df-ee11-904c-000d3a3ab141}" />
        <AppModuleComponent type="60" id="{65e3b154-46c3-4e32-8d1f-02a644ff714e}" />
        <AppModuleComponent type="62" schemaName="msfed_ExecutiveCoordination" />
      </AppModuleComponents>
      <AppModuleRoleMaps>
        <Role id="{627090ff-40a3-4053-8790-584edc5be201}" />
        <Role id="{119f245c-3cc8-4b62-b31c-d1a046ced15d}" />
      </AppModuleRoleMaps>
      <LocalizedNames>
        <LocalizedName description="Executive Coordination" languagecode="1033" />
      </LocalizedNames>
      <appsettings>
        <appsetting settingdefinitionid.uniquename="AppChannel">
          <iscustomizable>1</iscustomizable>
          <value>1</value>
        </appsetting>
      </appsettings>
    </AppModule>
  </AppModules>
  <EntityDataProviders />
  <CanvasApps>
    <CanvasApp>
      <Name>msfed_mou_f2437</Name>
      <AppVersion>2024-04-25T18:03:08Z</AppVersion>
      <Status>Ready</Status>
      <CreatedByClientVersion>3.23084.14.0</CreatedByClientVersion>
      <MinClientVersion>3.23084.14.0</MinClientVersion>
      <Tags>{"primaryDeviceWidth":"1366","primaryDeviceHeight":"768","supportsPortrait":"true","supportsLandscape":"true","primaryFormFactor":"Tablet","showStatusBar":"false","publisherVersion":"3.23084.14","minimumRequiredApiVersion":"2.2.0","hasComponent":"false","hasUnlockedComponent":"false","isUnifiedRootApp":"false","sienaVersion":"20230913T213358Z-3.23084.14.0"}</Tags>
      <IsCdsUpgraded>0</IsCdsUpgraded>
      <GalleryItemId xsi:nil="true"></GalleryItemId>
      <BackgroundColor>RGBA(0,176,240,1)</BackgroundColor>
      <DisplayName>MOU</DisplayName>
      <Description></Description>
      <CommitMessage></CommitMessage>
      <Publisher></Publisher>
      <AuthorizationReferences>[]</AuthorizationReferences>
      <ConnectionReferences>{}</ConnectionReferences>
      <DatabaseReferences>{}</DatabaseReferences>
      <CanConsumeAppPass>1</CanConsumeAppPass>
      <CanvasAppType>0</CanvasAppType>
      <BypassConsent>0</BypassConsent>
      <EmbeddedApp xsi:nil="true"></EmbeddedApp>
      <IntroducedVersion>1.0</IntroducedVersion>
      <CdsDependencies>{"cdsdependencies":[]}</CdsDependencies>
      <IsCustomizable>1</IsCustomizable>
      <BackgroundImageUri>/CanvasApps/msfed_mou_f2437_BackgroundImageUri</BackgroundImageUri>
      <DocumentUri>/CanvasApps/msfed_mou_f2437_DocumentUri.msapp</DocumentUri>
    </CanvasApp>
  </CanvasApps>
  <Languages>
    <Language>1033</Language>
  </Languages>
</ImportExportXml>