
<entities xmlns:xsd="http://www.w3.org/2001/XMLSchema" xmlns:xsi="http://www.w3.org/2001/XMLSchema-instance" timestamp="2024-11-25T19:16:51.0119262Z">
  <entity name="govcdm_icmviolation" displayname="ICM Violation">
    <records>
      <record id="de9d3369-20a9-ef11-8a6b-001dd8068eb0">
        <field name="govcdm_abbreviation" value="FRA" />
        <field name="govcdm_description" value="Intentional deception for personal gain or to cause harm" />
        <field name="govcdm_icmviolationid" value="de9d3369-20a9-ef11-8a6b-001dd8068eb0" />
        <field name="govcdm_name" value="Fraud" />
      </record>
      <record id="e09d3369-20a9-ef11-8a6b-001dd8068eb0">
        <field name="govcdm_abbreviation" value="EMB" />
        <field name="govcdm_description" value="Theft or misappropriation of funds or assets by a person in a position of trust or responsibility" />
        <field name="govcdm_icmviolationid" value="e09d3369-20a9-ef11-8a6b-001dd8068eb0" />
        <field name="govcdm_name" value="Embezzlement" />
      </record>
      <record id="e29d3369-20a9-ef11-8a6b-001dd8068eb0">
        <field name="govcdm_abbreviation" value="BRY" />
        <field name="govcdm_description" value="Offering or accepting something of value in exchange for an action or decision" />
        <field name="govcdm_icmviolationid" value="e29d3369-20a9-ef11-8a6b-001dd8068eb0" />
        <field name="govcdm_name" value="Bribery" />
      </record>
      <record id="e49d3369-20a9-ef11-8a6b-001dd8068eb0">
        <field name="govcdm_abbreviation" value="MLA" />
        <field name="govcdm_description" value="Concealing the source or ownership of illegally obtained money or assets" />
        <field name="govcdm_icmviolationid" value="e49d3369-20a9-ef11-8a6b-001dd8068eb0" />
        <field name="govcdm_name" value="Money laundering" />
      </record>
      <record id="e69d3369-20a9-ef11-8a6b-001dd8068eb0">
        <field name="govcdm_abbreviation" value="THF" />
        <field name="govcdm_description" value="Taking something without permission or legal right" />
        <field name="govcdm_icmviolationid" value="e69d3369-20a9-ef11-8a6b-001dd8068eb0" />
        <field name="govcdm_name" value="Theft" />
      </record>
      <record id="e89d3369-20a9-ef11-8a6b-001dd8068eb0">
        <field name="govcdm_abbreviation" value="ASL" />
        <field name="govcdm_description" value="Threatening or physically attacking another person" />
        <field name="govcdm_icmviolationid" value="e89d3369-20a9-ef11-8a6b-001dd8068eb0" />
        <field name="govcdm_name" value="Assault" />
      </record>
      <record id="ea9d3369-20a9-ef11-8a6b-001dd8068eb0">
        <field name="govcdm_abbreviation" value="KID" />
        <field name="govcdm_description" value="Taking a person against their will and holding them captive" />
        <field name="govcdm_icmviolationid" value="ea9d3369-20a9-ef11-8a6b-001dd8068eb0" />
        <field name="govcdm_name" value="Kidnapping" />
      </record>
      <record id="ec9d3369-20a9-ef11-8a6b-001dd8068eb0">
        <field name="govcdm_abbreviation" value="HOM" />
        <field name="govcdm_description" value="The killing of one person by another" />
        <field name="govcdm_icmviolationid" value="ec9d3369-20a9-ef11-8a6b-001dd8068eb0" />
        <field name="govcdm_name" value="Homicide" />
      </record>
      <record id="ee9d3369-20a9-ef11-8a6b-001dd8068eb0">
        <field name="govcdm_abbreviation" value="DTF" />
        <field name="govcdm_description" value="The illegal trade of drugs" />
        <field name="govcdm_icmviolationid" value="ee9d3369-20a9-ef11-8a6b-001dd8068eb0" />
        <field name="govcdm_name" value="Drug trafficking" />
      </record>
      <record id="f09d3369-20a9-ef11-8a6b-001dd8068eb0">
        <field name="govcdm_abbreviation" value="TER" />
        <field name="govcdm_description" value="The use of violence and intimidation in the pursuit of political aims" />
        <field name="govcdm_icmviolationid" value="f09d3369-20a9-ef11-8a6b-001dd8068eb0" />
        <field name="govcdm_name" value="Terrorism" />
      </record>
      <record id="f29d3369-20a9-ef11-8a6b-001dd8068eb0">
        <field name="govcdm_abbreviation" value="ESP" />
        <field name="govcdm_description" value="Gathering or transmitting information without authorization" />
        <field name="govcdm_icmviolationid" value="f29d3369-20a9-ef11-8a6b-001dd8068eb0" />
        <field name="govcdm_name" value="Espionage" />
      </record>
      <record id="f49d3369-20a9-ef11-8a6b-001dd8068eb0">
        <field name="govcdm_abbreviation" value="CYB" />
        <field name="govcdm_description" value="Computer-based crimes or illegal activities" />
        <field name="govcdm_icmviolationid" value="f49d3369-20a9-ef11-8a6b-001dd8068eb0" />
        <field name="govcdm_name" value="Cybercrime" />
      </record>
      <record id="f69d3369-20a9-ef11-8a6b-001dd8068eb0">
        <field name="govcdm_abbreviation" value="ENV" />
        <field name="govcdm_description" value="Violations of environmental laws or regulations" />
        <field name="govcdm_icmviolationid" value="f69d3369-20a9-ef11-8a6b-001dd8068eb0" />
        <field name="govcdm_name" value="Environmental crime" />
      </record>
      <record id="f89d3369-20a9-ef11-8a6b-001dd8068eb0">
        <field name="govcdm_abbreviation" value="IDT" />
        <field name="govcdm_description" value="Stealing someone&amp;#39;s personal information for fraudulent purposes" />
        <field name="govcdm_icmviolationid" value="f89d3369-20a9-ef11-8a6b-001dd8068eb0" />
        <field name="govcdm_name" value="Identity theft" />
      </record>
      <record id="fa9d3369-20a9-ef11-8a6b-001dd8068eb0">
        <field name="govcdm_abbreviation" value="SXL" />
        <field name="govcdm_description" value="Any unwanted sexual contact or behavior" />
        <field name="govcdm_icmviolationid" value="fa9d3369-20a9-ef11-8a6b-001dd8068eb0" />
        <field name="govcdm_name" value="Sexual assault" />
      </record>
      <record id="fc9d3369-20a9-ef11-8a6b-001dd8068eb0">
        <field name="govcdm_abbreviation" value="FRG" />
        <field name="govcdm_description" value="Falsifying or altering a document with intent to deceive" />
        <field name="govcdm_icmviolationid" value="fc9d3369-20a9-ef11-8a6b-001dd8068eb0" />
        <field name="govcdm_name" value="Forgery" />
      </record>
      <record id="fe9d3369-20a9-ef11-8a6b-001dd8068eb0">
        <field name="govcdm_abbreviation" value="CNT" />
        <field name="govcdm_description" value="Creating or distributing fake currency, products, or documents" />
        <field name="govcdm_icmviolationid" value="fe9d3369-20a9-ef11-8a6b-001dd8068eb0" />
        <field name="govcdm_name" value="Counterfeiting" />
      </record>
      <record id="009e3369-20a9-ef11-8a6b-001dd8068eb0">
        <field name="govcdm_abbreviation" value="ARS" />
        <field name="govcdm_description" value="Intentionally setting fire to property or assets" />
        <field name="govcdm_icmviolationid" value="009e3369-20a9-ef11-8a6b-001dd8068eb0" />
        <field name="govcdm_name" value="Arson" />
      </record>
      <record id="029e3369-20a9-ef11-8a6b-001dd8068eb0">
        <field name="govcdm_abbreviation" value="EXT" />
        <field name="govcdm_description" value="Using threats or coercion to obtain something of value" />
        <field name="govcdm_icmviolationid" value="029e3369-20a9-ef11-8a6b-001dd8068eb0" />
        <field name="govcdm_name" value="Extortion" />
      </record>
      <record id="049e3369-20a9-ef11-8a6b-001dd8068eb0">
        <field name="govcdm_abbreviation" value="INT" />
        <field name="govcdm_description" value="Buying or selling securities based on non-public information" />
        <field name="govcdm_icmviolationid" value="049e3369-20a9-ef11-8a6b-001dd8068eb0" />
        <field name="govcdm_name" value="Insider trading" />
      </record>
    </records>
    <m2mrelationships />
  </entity>
  <entity name="govcdm_icmlead" displayname="ICM Lead">
    <records>
      <record id="c65bbe52-5fab-ef11-b8e9-001dd8068673">
        <field name="govcdm_businessphone" value="202-555-0123" />
        <field name="govcdm_emailaddress" value="john.doe@example.com" />
        <field name="govcdm_firstname" value="John" />
        <field name="govcdm_homephone" value="703-555-0178" />
        <field name="govcdm_icmleadid" value="c65bbe52-5fab-ef11-b8e9-001dd8068673" />
        <field name="govcdm_incidentenddate" value="2021-05-20T00:00:00.0000000" />
        <field name="govcdm_incidentstartdate" value="2021-05-15T00:00:00.0000000" />
        <field name="govcdm_lastname" value="Doe" />
        <field name="govcdm_methodofreceipt" value="166840000" />
        <field name="govcdm_mobilephone" value="571-555-0198" />
        <field name="govcdm_name" value="Misuse of Funds in IT Procurement" />
        <field name="govcdm_narrativedetails" value="Allegations of misuse of funds in procurement contracts for IT systems." />
        <field name="govcdm_narrativelocations" value="Washington, DC" />
        <field name="govcdm_narrativeotherparties" value="Vendor Company X" />
        <field name="govcdm_narrativesubjects" value="Procurement Manager" />
        <field name="govcdm_preferredmethodofcontact" value="166840000" />
        <field name="govcdm_priority" value="166840001" />
        <field name="govcdm_receiveddatetime" value="2024-11-20T15:15:00.0000000Z" />
        <field name="govcdm_remainanonymous" value="166840000" />
      </record>
      <record id="c85bbe52-5fab-ef11-b8e9-001dd8068673">
        <field name="govcdm_businessphone" value="202-555-0145" />
        <field name="govcdm_emailaddress" value="jane.smith@example.com" />
        <field name="govcdm_firstname" value="Jane" />
        <field name="govcdm_homephone" value="301-555-0156" />
        <field name="govcdm_icmleadid" value="c85bbe52-5fab-ef11-b8e9-001dd8068673" />
        <field name="govcdm_incidentenddate" value="2023-06-12T00:00:00.0000000" />
        <field name="govcdm_incidentstartdate" value="2023-06-10T00:00:00.0000000" />
        <field name="govcdm_lastname" value="Smith" />
        <field name="govcdm_methodofreceipt" value="166840001" />
        <field name="govcdm_mobilephone" value="240-555-0179" />
        <field name="govcdm_name" value="Abusive Supervisor Behavior" />
        <field name="govcdm_narrativedetails" value="Reports of abusive behavior by a supervisor toward subordinates in meetings." />
        <field name="govcdm_narrativelocations" value="Alexandria Office" />
        <field name="govcdm_narrativeotherparties" value="Department A Employees" />
        <field name="govcdm_narrativesubjects" value="Supervisor, Dept A" />
        <field name="govcdm_preferredmethodofcontact" value="166840003" />
        <field name="govcdm_priority" value="166840002" />
        <field name="govcdm_receiveddatetime" value="2024-11-20T16:30:00.0000000Z" />
        <field name="govcdm_remainanonymous" value="166840001" />
      </record>
      <record id="cc5bbe52-5fab-ef11-b8e9-001dd8068673">
        <field name="govcdm_businessphone" value="571-555-0178" />
        <field name="govcdm_emailaddress" value="sarah.johnson@example.com" />
        <field name="govcdm_firstname" value="Sarah" />
        <field name="govcdm_homephone" value="202-555-0134" />
        <field name="govcdm_icmleadid" value="cc5bbe52-5fab-ef11-b8e9-001dd8068673" />
        <field name="govcdm_incidentenddate" value="2022-07-25T00:00:00.0000000" />
        <field name="govcdm_incidentstartdate" value="2022-07-05T00:00:00.0000000" />
        <field name="govcdm_lastname" value="Johnson" />
        <field name="govcdm_methodofreceipt" value="166840000" />
        <field name="govcdm_mobilephone" value="301-555-0185" />
        <field name="govcdm_name" value="Improper Contract Awarding" />
        <field name="govcdm_narrativedetails" value="Allegations of inappropriate awarding of contracts without proper bidding." />
        <field name="govcdm_narrativelocations" value="Baltimore Office" />
        <field name="govcdm_narrativeotherparties" value="Bidding Vendors" />
        <field name="govcdm_narrativesubjects" value="Contracting Officer" />
        <field name="govcdm_preferredmethodofcontact" value="166840000" />
        <field name="govcdm_priority" value="166840001" />
        <field name="govcdm_receiveddatetime" value="2024-11-20T17:45:00.0000000Z" />
        <field name="govcdm_remainanonymous" value="166840000" />
      </record>
      <record id="ce5bbe52-5fab-ef11-b8e9-001dd8068673">
        <field name="govcdm_businessphone" value="240-555-0180" />
        <field name="govcdm_emailaddress" value="emily.davis@example.com" />
        <field name="govcdm_firstname" value="Emily" />
        <field name="govcdm_homephone" value="301-555-0135" />
        <field name="govcdm_icmleadid" value="ce5bbe52-5fab-ef11-b8e9-001dd8068673" />
        <field name="govcdm_incidentenddate" value="2024-03-09T00:00:00.0000000" />
        <field name="govcdm_incidentstartdate" value="2024-03-08T00:00:00.0000000" />
        <field name="govcdm_lastname" value="Davis" />
        <field name="govcdm_methodofreceipt" value="166840001" />
        <field name="govcdm_mobilephone" value="202-555-0126" />
        <field name="govcdm_name" value="Insider Trading Allegation" />
        <field name="govcdm_narrativedetails" value="Accusations of insider trading based on privileged access to financial data." />
        <field name="govcdm_narrativelocations" value="Richmond Branch" />
        <field name="govcdm_narrativeotherparties" value="Unknown Party" />
        <field name="govcdm_narrativesubjects" value="Employee Z" />
        <field name="govcdm_preferredmethodofcontact" value="166840002" />
        <field name="govcdm_priority" value="166840001" />
        <field name="govcdm_receiveddatetime" value="2024-11-20T18:15:00.0000000Z" />
        <field name="govcdm_remainanonymous" value="166840000" />
      </record>
      <record id="d05bbe52-5fab-ef11-b8e9-001dd8068673">
        <field name="govcdm_businessphone" value="202-555-0189" />
        <field name="govcdm_emailaddress" value="daniel.martinez@example.com" />
        <field name="govcdm_firstname" value="Daniel" />
        <field name="govcdm_homephone" value="571-555-0170" />
        <field name="govcdm_icmleadid" value="d05bbe52-5fab-ef11-b8e9-001dd8068673" />
        <field name="govcdm_incidentenddate" value="2019-09-30T00:00:00.0000000" />
        <field name="govcdm_incidentstartdate" value="2019-09-01T00:00:00.0000000" />
        <field name="govcdm_lastname" value="Martinez" />
        <field name="govcdm_methodofreceipt" value="166840000" />
        <field name="govcdm_mobilephone" value="240-555-0165" />
        <field name="govcdm_name" value="IT Security Negligence" />
        <field name="govcdm_narrativedetails" value="Concerns raised about potential security breaches in IT infrastructure due to negligence." />
        <field name="govcdm_narrativelocations" value="Fairfax IT Department" />
        <field name="govcdm_narrativeotherparties" value="Vendor Y" />
        <field name="govcdm_narrativesubjects" value="IT Specialist" />
        <field name="govcdm_preferredmethodofcontact" value="166840003" />
        <field name="govcdm_priority" value="166840002" />
        <field name="govcdm_receiveddatetime" value="2024-11-20T19:00:00.0000000Z" />
        <field name="govcdm_remainanonymous" value="166840001" />
      </record>
      <record id="d35bbe52-5fab-ef11-b8e9-001dd8068673">
        <field name="govcdm_businessphone" value="703-555-0150" />
        <field name="govcdm_emailaddress" value="laura.wilson@example.com" />
        <field name="govcdm_firstname" value="Laura" />
        <field name="govcdm_homephone" value="202-555-0183" />
        <field name="govcdm_icmleadid" value="d35bbe52-5fab-ef11-b8e9-001dd8068673" />
        <field name="govcdm_incidentenddate" value="2022-12-14T00:00:00.0000000" />
        <field name="govcdm_incidentstartdate" value="2022-12-10T00:00:00.0000000" />
        <field name="govcdm_lastname" value="Wilson" />
        <field name="govcdm_methodofreceipt" value="166840001" />
        <field name="govcdm_mobilephone" value="240-555-0147" />
        <field name="govcdm_name" value="Grant Funds Misuse" />
        <field name="govcdm_narrativedetails" value="Complaint about the misuse of grant funds by a non-profit organization working under a federal contract." />
        <field name="govcdm_narrativelocations" value="Washington, DC" />
        <field name="govcdm_narrativeotherparties" value="Federal Grants Office" />
        <field name="govcdm_narrativesubjects" value="Non-Profit Executive" />
        <field name="govcdm_preferredmethodofcontact" value="166840000" />
        <field name="govcdm_priority" value="166840001" />
        <field name="govcdm_receiveddatetime" value="2024-11-20T19:45:00.0000000Z" />
        <field name="govcdm_remainanonymous" value="166840000" />
      </record>
      <record id="d75bbe52-5fab-ef11-b8e9-001dd8068673">
        <field name="govcdm_businessphone" value="202-555-0137" />
        <field name="govcdm_emailaddress" value="olivia.taylor@example.com" />
        <field name="govcdm_firstname" value="Olivia" />
        <field name="govcdm_homephone" value="703-555-0188" />
        <field name="govcdm_icmleadid" value="d75bbe52-5fab-ef11-b8e9-001dd8068673" />
        <field name="govcdm_incidentenddate" value="2023-04-22T00:00:00.0000000" />
        <field name="govcdm_incidentstartdate" value="2023-04-15T00:00:00.0000000" />
        <field name="govcdm_lastname" value="Taylor" />
        <field name="govcdm_methodofreceipt" value="166840000" />
        <field name="govcdm_mobilephone" value="571-555-0193" />
        <field name="govcdm_name" value="Workplace Harassment Complaint" />
        <field name="govcdm_narrativedetails" value="Allegations of harassment in the workplace involving multiple employees." />
        <field name="govcdm_narrativelocations" value="Annapolis Branch" />
        <field name="govcdm_narrativeotherparties" value="HR Department" />
        <field name="govcdm_narrativesubjects" value="Employee X, Employee Y" />
        <field name="govcdm_preferredmethodofcontact" value="166840000" />
        <field name="govcdm_priority" value="166840002" />
        <field name="govcdm_receiveddatetime" value="2024-11-20T21:00:00.0000000Z" />
        <field name="govcdm_remainanonymous" value="166840000" />
      </record>
      <record id="d95bbe52-5fab-ef11-b8e9-001dd8068673">
        <field name="govcdm_businessphone" value="571-555-0194" />
        <field name="govcdm_emailaddress" value="ethan.anderson@example.com" />
        <field name="govcdm_firstname" value="Ethan" />
        <field name="govcdm_homephone" value="240-555-0122" />
        <field name="govcdm_icmleadid" value="d95bbe52-5fab-ef11-b8e9-001dd8068673" />
        <field name="govcdm_incidentenddate" value="2018-12-15T00:00:00.0000000" />
        <field name="govcdm_incidentstartdate" value="2018-10-01T00:00:00.0000000" />
        <field name="govcdm_lastname" value="Anderson" />
        <field name="govcdm_methodofreceipt" value="166840001" />
        <field name="govcdm_mobilephone" value="301-555-0168" />
        <field name="govcdm_name" value="Falsified Time Records" />
        <field name="govcdm_narrativedetails" value="Alleged falsification of time records by remote workers." />
        <field name="govcdm_narrativelocations" value="Charlottesville Office" />
        <field name="govcdm_narrativeotherparties" value="Team Leads" />
        <field name="govcdm_narrativesubjects" value="Remote Worker Group" />
        <field name="govcdm_preferredmethodofcontact" value="166840001" />
        <field name="govcdm_priority" value="166840000" />
        <field name="govcdm_receiveddatetime" value="2024-11-20T21:30:00.0000000Z" />
        <field name="govcdm_remainanonymous" value="166840000" />
      </record>
    </records>
    <m2mrelationships />
  </entity>
</entities>